aptSeq,name,sigungu,ageBand,hhBand,parkingStatus,total_WA,complex
26440-114,"외진가센트럴타워",강서구,0-10,<100,MISSING,53.1,62.4
26140-1353,"비스타동원더비치테라스",서구,0-10,100-299,KNOWN,45.0,78.9
26260-151,"에스케이쁘띠메종",동래구,21-30,300-499,KNOWN,58.9,55.5
26140-15,"문화",서구,31+,100-299,MISSING,57.5,31.7
26140-63,"문화",서구,31+,<100,MISSING,62.7,18.6
26350-283,"스카이맨션",해운대구,31+,unknown,MISSING,38.0,11.7
26350-271,"에이스빌라",해운대구,31+,unknown,MISSING,31.9,28.0
26140-913,"보람",서구,21-30,100-299,MISSING,60.2,55.5
26260-1821,"명륜아이파크2단지",동래구,11-20,100-299,KNOWN,62.4,65.3
26140-1290,"대신푸르지오2차",서구,0-10,500-999,KNOWN,62.2,83.5
26140-1356,"대신해모로센트럴아파트",서구,0-10,500-999,KNOWN,67.8,82.9
26350-2093,"더샵센텀파크1차",해운대구,21-30,1000+,KNOWN,70.2,75.2
26350-2374,"에이스스카이뷰",해운대구,0-10,<100,MISSING,43.2,56.0
26140-917,"해오름",서구,11-20,<100,MISSING,64.1,46.9
26350-134,"SKVIEW",해운대구,21-30,1000+,KNOWN,55.1,58.7
26350-32,"명유그린",해운대구,31+,<100,MISSING,52.4,36.7
26350-106,"건영1",해운대구,21-30,500-999,KNOWN,56.6,60.8
26140-128,"충무제1",서구,31+,<100,MISSING,46.5,18.3
26140-77,"문화",서구,31+,<100,MISSING,45.2,20.8
26350-249,"대림맨션",해운대구,31+,unknown,MISSING,46.4,11.7
26140-1361,"e편한세상송도더퍼스트비치",서구,0-10,1000+,KNOWN,53.5,89.0
26350-2285,"해운대힐스테이트위브",해운대구,11-20,1000+,KNOWN,50.4,84.3
26350-3370,"드파인센텀",해운대구,0-10,500-999,KNOWN,62.8,86.0
26350-258,"석공힐타운",해운대구,31+,unknown,MISSING,31.4,12.0
26350-109,"경남선경",해운대구,21-30,1000+,KNOWN,55.7,62.4
26230-136,"엘지신개금(2-2)",부산진구,21-30,500-999,KNOWN,63.6,61.8
26470-1160,"해운그린빌",연제구,11-20,<100,MISSING,63.3,46.4
26110-881,"코모도에스테이트",중구,11-20,100-299,KNOWN,70.8,62.9
26230-2382,"포세이돈",부산진구,0-10,<100,MISSING,65.3,52.8
26110-46,"동아(160-0)",중구,21-30,unknown,MISSING,38.6,40.6
26230-2598,"포레나부산초읍",부산진구,0-10,1000+,KNOWN,56.0,82.0
26230-4540,"양정자이더샵SKVIEW아파트(2단지)",부산진구,0-10,1000+,KNOWN,64.6,89.3
26230-135,"엘지신개금(2-1)",부산진구,21-30,1000+,KNOWN,66.6,64.0
26290-2614,"문현동월가아파트",남구,0-10,unknown,MISSING,64.7,80.8
26230-65,"현대1차",부산진구,21-30,1000+,MISSING,53.9,64.6
26230-2507,"서면라이포레",부산진구,0-10,<100,MISSING,69.8,58.9
26230-240,"서면롯데캐슬스카이",부산진구,21-30,1000+,KNOWN,71.8,66.6
26230-4542,"래미안어반파크1단지",부산진구,0-10,1000+,KNOWN,56.8,88.8
26230-2441,"메리온시티",부산진구,0-10,<100,MISSING,63.5,57.4
26230-141,"개금주공2",부산진구,31+,1000+,MISSING,41.4,56.8
26230-96,"백양뜨란채,주공아파트(1단지)",부산진구,21-30,1000+,KNOWN,44.5,59.3
26230-2559,"서면2차봄여름가을겨울",부산진구,0-10,500-999,KNOWN,65.7,78.6
26230-2866,"양정포레힐즈스위첸1단지",부산진구,0-10,1000+,KNOWN,66.3,88.0
26230-108,"벽산1",부산진구,31+,500-999,KNOWN,50.4,51.8
26230-66,"현대2차",부산진구,21-30,unknown,MISSING,59.4,40.6
26230-2464,"서면DS·협성엘리시안아파트",부산진구,0-10,500-999,KNOWN,50.3,75.6
26230-1857,"연지자이2차",부산진구,11-20,unknown,MISSING,50.7,65.0
26230-95,"개금주공3단지",부산진구,31+,unknown,MISSING,46.5,24.8
26230-1790,"마제스타워서면",부산진구,11-20,100-299,MISSING,51.4,60.6
26290-261,"동림리라",남구,31+,<100,MISSING,37.2,27.1
26260-2109,"온천천경동리인타워",동래구,0-10,300-499,KNOWN,63.2,73.5
26470-1331,"해운파크빌",연제구,11-20,<100,MISSING,64.9,49.7
26230-2437,"영림로즈빌",부산진구,0-10,<100,MISSING,60.4,50.1
26230-2854,"서면비스타동원",부산진구,0-10,500-999,KNOWN,56.8,86.2
26230-118,"이화",부산진구,31+,100-299,MISSING,39.5,31.6
26230-127,"개금우드빌",부산진구,31+,500-999,KNOWN,36.4,50.4
26230-23,"화신거화2",부산진구,31+,unknown,MISSING,34.9,35.2
26230-34,"청구",부산진구,21-30,unknown,MISSING,37.2,44.2
26230-2582,"가야동그린시티",부산진구,0-10,100-299,MISSING,63.9,66.1
26230-2541,"더샵골드6",부산진구,0-10,<100,MISSING,60.9,57.8
26230-354,"두산위브센티움",부산진구,21-30,100-299,MISSING,64.9,59.2
26230-1802,"서면세종그랑시아",부산진구,11-20,100-299,KNOWN,69.5,67.1
26230-131,"성도",부산진구,31+,100-299,MISSING,41.9,47.1
26230-2456,"서면TK골드뷰",부산진구,0-10,<100,MISSING,58.4,55.0
26230-355,"대동레미안",부산진구,21-30,unknown,MISSING,59.4,53.2
26230-1727,"에스엔디파인빌",부산진구,11-20,100-299,MISSING,65.2,52.2
26230-144,"한진",부산진구,31+,unknown,MISSING,41.1,29.8
26230-104,"가야삼정그린코아",부산진구,21-30,300-499,KNOWN,47.1,56.1
26230-2048,"서면블리체",부산진구,11-20,100-299,MISSING,63.9,58.8
26230-1452,"다산몽레브",부산진구,11-20,<100,MISSING,51.3,39.6
26230-2600,"연지보해이브더파크",부산진구,0-10,100-299,MISSING,57.5,69.0
26230-2472,"범내골역이즈팰리스",부산진구,0-10,unknown,MISSING,73.4,78.4
26230-2444,"가야누리애",부산진구,0-10,unknown,MISSING,69.1,78.4
26230-93,"삼익아파트",부산진구,31+,300-499,MISSING,51.3,39.8
26230-2063,"서면앙쥬빌주상복합",부산진구,11-20,unknown,MISSING,69.0,67.2
26500-100,"복음",수영구,31+,<100,MISSING,38.2,23.2
26230-37,"연지2청구",부산진구,21-30,500-999,KNOWN,51.0,61.1
26230-1882,"부산서면동문굿모닝힐",부산진구,11-20,500-999,KNOWN,62.9,74.4
26230-2484,"서면동일파크스위트3차",부산진구,0-10,500-999,KNOWN,60.8,78.2
26230-84,"협성피닉스타운",부산진구,31+,500-999,MISSING,41.2,56.8
26230-146,"개금아이파크",부산진구,21-30,1000+,KNOWN,62.5,68.0
26230-2575,"범일역이즈",부산진구,0-10,100-299,KNOWN,65.1,65.9
26230-2646,"e편한세상서면더센트럴",부산진구,0-10,500-999,KNOWN,57.9,84.8
26230-54,"한신",부산진구,21-30,300-499,MISSING,44.6,51.6
26230-2120,"강진융프라우",부산진구,11-20,100-299,MISSING,70.1,59.6
26350-35,"센텀삼익아파트",해운대구,31+,100-299,MISSING,62.4,40.0
26230-254,"한신센타뷰",부산진구,21-30,100-299,MISSING,56.9,48.2
26230-357,"경동",부산진구,21-30,100-299,KNOWN,44.8,53.2
26230-2325,"수목하우스",부산진구,11-20,<100,KNOWN,72.2,55.0
26230-2395,"동양팰리스",부산진구,0-10,100-299,MISSING,62.9,62.8
26230-1703,"서면이-편한세상",부산진구,11-20,500-999,KNOWN,69.4,70.3
26230-2428,"개금역스마트더블유",부산진구,0-10,100-299,MISSING,67.7,68.5
26230-2603,"협성휴포레시티즌파크",부산진구,0-10,300-499,KNOWN,58.1,78.3
26230-2523,"개금역금강펜테리움더스퀘어아파트",부산진구,0-10,500-999,KNOWN,78.4,79.6
26230-2641,"시민공원일동미라주시티",부산진구,0-10,100-299,MISSING,61.8,77.1
26230-133,"시영(1~5동)",부산진구,31+,100-299,MISSING,54.9,31.2
26230-179,"경원프라우드-2",부산진구,21-30,unknown,MISSING,65.7,49.6
26230-243,"서면베르빌2",부산진구,21-30,unknown,MISSING,63.2,51.4
26230-2856,"롯데캐슬라센트",부산진구,0-10,1000+,KNOWN,64.0,89.0
26500-1368,"카라디움",수영구,21-30,<100,MISSING,56.5,42.6
26230-36,"화인",부산진구,21-30,unknown,MISSING,36.4,37.0
26230-85,"화승",부산진구,21-30,1000+,KNOWN,56.5,62.1
26230-1861,"더샵센트럴스타",부산진구,11-20,unknown,MISSING,61.9,65.0
26230-2070,"백양산삼정그린코아",부산진구,11-20,100-299,KNOWN,39.8,62.1
26230-2599,"서면3차봄여름가을겨울",부산진구,0-10,300-499,KNOWN,65.8,77.6
26230-55,"한일맨션",부산진구,31+,100-299,MISSING,43.9,35.1
26230-1706,"현호네오빌",부산진구,11-20,<100,MISSING,62.2,42.6
26230-212,"한웅인터빌",부산진구,21-30,300-499,MISSING,68.6,61.4
26230-2645,"서면스위트엠골드에비뉴",부산진구,0-10,100-299,KNOWN,67.6,73.6
26230-1709,"일동미라주",부산진구,11-20,100-299,KNOWN,54.7,62.9
26230-87,"국제프라자",부산진구,31+,100-299,MISSING,46.0,50.1
26230-58,"백조",부산진구,31+,unknown,MISSING,61.7,17.6
26230-86,"국제백양",부산진구,31+,1000+,MISSING,45.5,60.9
26230-31,"세동한신",부산진구,31+,unknown,MISSING,46.8,35.2
26230-1636,"타워베르빌",부산진구,21-30,500-999,MISSING,61.6,65.8
26230-145,"현대",부산진구,31+,unknown,MISSING,43.5,29.8
26230-128,"동원화인패밀리",부산진구,31+,500-999,MISSING,52.4,59.7
26230-89,"동원타워",부산진구,31+,100-299,MISSING,47.1,44.8
26230-2574,"개금동포르투나",부산진구,0-10,100-299,MISSING,73.1,66.5
26230-106,"동원",부산진구,31+,100-299,MISSING,53.7,38.5
26230-124,"화신",부산진구,21-30,100-299,KNOWN,54.3,54.2
26230-11,"서면한신",부산진구,21-30,500-999,MISSING,67.9,60.1
26230-2434,"양정클래스원",부산진구,0-10,<100,MISSING,67.7,58.6
26230-239,"쌍용스윗닷홈",부산진구,21-30,500-999,KNOWN,43.7,69.0
26230-363,"글로벌타워",부산진구,21-30,<100,MISSING,68.0,45.4
26230-2845,"서면롯데캐슬엘루체",부산진구,0-10,300-499,KNOWN,77.4,85.1
26500-1809,"성우센텀스카이뷰비",수영구,11-20,<100,MISSING,54.9,52.0
26230-221,"블루스카이빌(159-3)",부산진구,21-30,unknown,MISSING,50.1,47.8
26230-2596,"연지에코팰리스",부산진구,0-10,100-299,MISSING,48.6,69.9
26230-2291,"산들파르테",부산진구,11-20,<100,MISSING,59.7,49.5
26230-109,"벽산2",부산진구,31+,unknown,MISSING,50.0,29.8
26230-2459,"서면동일파크스위트2차",부산진구,0-10,100-299,KNOWN,57.8,68.9
26230-1673,"백양산월드메르디앙",부산진구,11-20,300-499,KNOWN,48.1,59.8
26230-2850,"e편한세상시민공원1단지",부산진구,0-10,unknown,MISSING,66.2,92.0
26230-2555,"리츠캐슬",부산진구,0-10,<100,MISSING,67.3,62.5
26230-26,"로얄",부산진구,31+,100-299,MISSING,47.5,39.4
26230-352,"한솔폴라리스",부산진구,21-30,300-499,MISSING,70.7,61.2
26230-99,"태화현대1",부산진구,21-30,500-999,MISSING,59.5,58.7
26230-97,"백양푸른채",부산진구,21-30,1000+,KNOWN,40.1,58.8
26230-40,"초읍그린",부산진구,31+,<100,MISSING,47.4,35.6
26230-1733,"쌍용스윗닷홈스카이",부산진구,11-20,500-999,KNOWN,59.3,69.5
26230-245,"서면노르웨이아침",부산진구,21-30,500-999,MISSING,61.8,64.6
26230-2368,"홍림로얄뷰",부산진구,11-20,<100,MISSING,60.5,57.6
26230-230,"부암동리젠트힐",부산진구,21-30,<100,MISSING,52.1,44.2
26230-2305,"다온미즈",부산진구,11-20,100-299,MISSING,61.2,59.6
26230-1751,"연지자이",부산진구,11-20,500-999,KNOWN,50.8,68.2
26230-246,"대우디오빌1",부산진구,21-30,unknown,MISSING,66.4,51.4
26230-1995,"가야삼한사랑채",부산진구,11-20,100-299,KNOWN,57.2,55.7
26530-1012,"사상센텀아파트",사상구,0-10,<100,MISSING,66.3,56.3
26530-1021,"대상로웰아파트",사상구,0-10,<100,MISSING,68.4,62.5
26230-2565,"에스제이파베르",부산진구,0-10,unknown,MISSING,69.2,83.2
26230-1976,"범일역풍림아이원",부산진구,11-20,100-299,MISSING,65.2,63.8
26230-42,"대진파레스필즈",부산진구,31+,100-299,KNOWN,22.5,40.0
26230-75,"삼부본동",부산진구,31+,<100,MISSING,48.9,22.0
26230-2461,"대동레미안더오션",부산진구,0-10,<100,MISSING,60.6,59.6
26230-1999,"동아블루시아",부산진구,11-20,<100,MISSING,50.4,45.6
26230-91,"백산",부산진구,31+,100-299,MISSING,55.5,41.1
26230-1998,"서면센트리움",부산진구,11-20,<100,MISSING,54.5,47.8
26230-1669,"롯데갤러리움",부산진구,11-20,100-299,MISSING,66.2,59.3
26230-170,"동연아미가",부산진구,21-30,<100,MISSING,66.6,45.5
26230-81,"일성인포",부산진구,21-30,500-999,MISSING,58.7,57.9
26230-67,"송백그린",부산진구,21-30,<100,MISSING,63.9,34.5
26230-1634,"신화골든뷰",부산진구,21-30,<100,MISSING,59.9,45.4
26230-178,"동조리젠시",부산진구,21-30,unknown,MISSING,54.1,49.6
26230-2328,"한진스카이뷰",부산진구,11-20,<100,MISSING,65.8,59.8
26230-2316,"골든엠파이어",부산진구,11-20,<100,MISSING,61.3,49.4
26230-242,"대원플러스빌",부산진구,21-30,<100,MISSING,68.0,45.0
26230-2527,"세원秀아파트",부산진구,0-10,unknown,MISSING,65.7,80.8
26230-39,"덕인디오네빌",부산진구,21-30,<100,MISSING,47.7,40.9
26230-30,"삼익아파트",부산진구,31+,100-299,MISSING,43.1,31.1
26350-133,"해운대 센트럴파크",해운대구,21-30,500-999,KNOWN,58.9,55.8
26230-1641,"삼익(10,11동)",부산진구,31+,100-299,MISSING,50.8,30.0
26230-2560,"서면루미랑스",부산진구,0-10,unknown,MISSING,64.3,83.2
26530-1046,"천아하늘정원",사상구,0-10,<100,MISSING,67.3,60.8
26230-2593,"가야누리애더센트리즈",부산진구,0-10,unknown,MISSING,74.0,85.6
26230-2624,"서면지원더뷰파크",부산진구,0-10,100-299,MISSING,60.7,74.6
26230-2387,"성원더프라임아파트",부산진구,0-10,<100,MISSING,65.7,58.5
26230-264,"삼성비치타운",부산진구,21-30,<100,MISSING,67.7,45.8
26230-217,"탑패밀리",부산진구,21-30,100-299,MISSING,68.9,50.2
26230-2853,"서면동원시티비스타",부산진구,0-10,100-299,MISSING,76.6,75.1
26230-2567,"전포유림노르웨이숲",부산진구,0-10,100-299,MISSING,68.2,68.1
26230-1592,"개금우드빌(1-9)",부산진구,31+,300-499,MISSING,43.9,50.2
26230-78,"성암",부산진구,31+,<100,MISSING,48.4,19.8
26230-226,"화지빌라트",부산진구,21-30,unknown,MISSING,36.9,47.8
26230-92,"삼성",부산진구,31+,100-299,MISSING,49.2,34.5
26230-2583,"대능더에스티지",부산진구,0-10,<100,MISSING,68.6,65.0
26230-1672,"유림노르웨이숲",부산진구,11-20,100-299,KNOWN,42.4,55.2
26230-1974,"서면엘리시움",부산진구,11-20,<100,MISSING,66.4,49.1
26230-122,"한일하나로",부산진구,31+,100-299,MISSING,53.5,35.7
26350-2216,"센텀협성르네상스타운",해운대구,11-20,300-499,KNOWN,65.5,70.6
26230-1690,"한일유앤아이(890-1)",부산진구,11-20,unknown,MISSING,66.9,55.0
26230-207,"서면베스트빌",부산진구,21-30,unknown,MISSING,60.0,49.6
26230-22,"화신거화",부산진구,31+,100-299,MISSING,37.9,38.8
26230-2250,"수정캐슬",부산진구,11-20,<100,MISSING,66.0,49.5
26230-167,"새롬하이빌2차",부산진구,21-30,unknown,MISSING,53.0,49.6
26230-2385,"서면팰리스",부산진구,0-10,<100,MISSING,58.7,53.6
26230-2270,"유성해네스타워",부산진구,11-20,100-299,MISSING,71.2,60.7
26230-2549,"개금동아이리스5차애비뉴",부산진구,0-10,<100,MISSING,65.1,59.1
26230-389,"대훈아트빌",부산진구,21-30,<100,MISSING,46.6,35.5
26230-2440,"더샵골드5",부산진구,0-10,<100,MISSING,64.2,53.1
26230-1591,"시영(12~17동)",부산진구,31+,100-299,MISSING,55.1,34.6
26230-2546,"우일아내트",부산진구,0-10,<100,MISSING,65.7,62.1
26230-154,"세인한아름",부산진구,31+,<100,MISSING,43.6,35.9
26230-28,"봉황",부산진구,31+,<100,MISSING,48.6,29.9
26230-205,"동광하이빌(106)",부산진구,21-30,<100,MISSING,51.6,31.8
26230-375,"골든",부산진구,31+,<100,MISSING,55.8,17.0
26230-2343,"평광우리가",부산진구,11-20,100-299,MISSING,61.5,61.5
26230-126,"대동",부산진구,21-30,100-299,KNOWN,41.7,51.7
26230-2111,"양정이즈팰리스",부산진구,11-20,<100,MISSING,70.1,54.2
26230-15,"우영",부산진구,31+,<100,MISSING,46.0,24.0
26230-213,"청아",부산진구,21-30,<100,MISSING,69.0,46.4
26230-208,"아세만화니트",부산진구,21-30,<100,KNOWN,53.2,44.4
26230-152,"서면항도타워맨션",부산진구,31+,100-299,MISSING,58.4,44.2
26230-2436,"범천동이즈팰리스",부산진구,0-10,unknown,MISSING,71.9,76.0
26230-88,"동원",부산진구,31+,unknown,MISSING,50.9,15.2
26230-2532,"허브팰리스",부산진구,0-10,<100,MISSING,64.4,59.5
26230-25,"한성시티빌",부산진구,21-30,<100,MISSING,61.9,41.3
26230-247,"해오름2차",부산진구,21-30,<100,MISSING,64.3,41.0
26230-189,"태석해오름A",부산진구,21-30,unknown,MISSING,65.3,49.6
26230-2485,"수목하우스",부산진구,0-10,unknown,MISSING,64.0,78.4
26230-82,"한림",부산진구,31+,<100,MISSING,33.1,24.9
26230-2544,"더블루",부산진구,0-10,100-299,MISSING,63.7,65.2
26230-192,"보영미네르빌",부산진구,21-30,100-299,MISSING,66.9,47.9
26230-120,"진성",부산진구,31+,100-299,MISSING,50.0,36.1
26230-182,"동아",부산진구,21-30,<100,MISSING,50.6,39.9
26230-2398,"린다비스타",부산진구,0-10,<100,MISSING,50.7,54.4
26230-2469,"스타파크",부산진구,0-10,<100,MISSING,64.2,57.2
26230-2370,"전포센티움",부산진구,11-20,<100,MISSING,69.2,48.4
26230-1980,"대성문퀸즈더블유",부산진구,11-20,<100,KNOWN,64.6,52.8
26230-168,"동양크리스탈",부산진구,21-30,<100,MISSING,56.6,37.6
26230-105,"국민",부산진구,31+,100-299,MISSING,59.5,29.4
26230-2355,"리첸타워",부산진구,11-20,<100,MISSING,41.4,49.1
26230-60,"산호맨션",부산진구,31+,unknown,MISSING,55.6,19.2
26230-201,"전원타워빌",부산진구,21-30,unknown,MISSING,62.2,46.0
26230-2822,"래미안어반파크아파트",부산진구,0-10,unknown,MISSING,70.4,90.0
26350-123,"롯데3차",해운대구,21-30,500-999,KNOWN,66.5,57.4
26230-1796,"대원빌라2차",부산진구,11-20,unknown,MISSING,64.6,61.0
26230-129,"반도보라맨션",부산진구,31+,300-499,MISSING,52.5,53.9
26230-2611,"(292-28)",부산진구,0-10,<100,MISSING,45.2,56.6
26230-2233,"몽뜨레",부산진구,11-20,100-299,MISSING,67.3,66.7
26230-260,"건오힐타워",부산진구,21-30,<100,MISSING,62.8,44.6
26230-2517,"연지센트럴파크",부산진구,0-10,<100,MISSING,45.0,54.4
26230-386,"남경(177-210)",부산진구,21-30,unknown,MISSING,65.3,47.8
26230-2621,"그린센트",부산진구,0-10,100-299,MISSING,59.9,69.8
26230-235,"동남주상복합",부산진구,21-30,<100,MISSING,47.2,36.4
26230-190,"서면그린빌",부산진구,21-30,<100,MISSING,62.5,41.6
26230-2450,"태영아너스",부산진구,0-10,<100,MISSING,65.1,57.3
26230-209,"덕포그랜드힐",부산진구,21-30,<100,MISSING,63.7,38.2
26230-2067,"시티파크",부산진구,11-20,<100,MISSING,64.5,49.7
26230-1890,"홍림로즈빌",부산진구,11-20,<100,MISSING,55.0,43.8
26230-259,"청보",부산진구,21-30,<100,MISSING,63.4,36.9
26230-153,"성림타워",부산진구,31+,100-299,MISSING,52.1,40.5
26230-44,"선경",부산진구,31+,300-499,MISSING,44.8,40.8
26230-262,"새한아트빌",부산진구,21-30,unknown,MISSING,66.1,49.6
26350-129,"상록",해운대구,21-30,1000+,KNOWN,66.6,58.4
26230-16,"일산(317-40)",부산진구,31+,unknown,MISSING,37.1,16.0
26230-268,"모닝빌라트",부산진구,21-30,unknown,MISSING,55.4,49.6
26260-23,"조성하이츠",동래구,21-30,100-299,KNOWN,50.7,44.6
26350-2580,"센텀KCC스위첸",해운대구,0-10,500-999,KNOWN,61.3,82.8
26350-2347,"동화마을5",해운대구,0-10,unknown,MISSING,65.2,80.8
26350-172,"현대일성2",해운대구,31+,<100,MISSING,35.3,34.7
26350-126,"벽산2",해운대구,21-30,<100,MISSING,59.4,33.1
26350-127,"삼성",해운대구,21-30,<100,MISSING,56.0,35.6
26350-136,"한라",해운대구,21-30,<100,MISSING,64.3,33.1
26350-2398,"해운대경동리인뷰1차",해운대구,0-10,100-299,KNOWN,61.8,78.6
26350-301,"센텀롯데캐슬2차",해운대구,21-30,1000+,KNOWN,53.6,69.6
26350-2328,"달맞이유림노르웨이숲",해운대구,0-10,300-499,KNOWN,50.2,73.8
26350-210,"일동미라주",해운대구,21-30,500-999,KNOWN,49.6,57.5
26350-2271,"센텀두산위브",해운대구,11-20,500-999,KNOWN,55.2,75.2
26350-184,"삼한그린타운1",해운대구,31+,unknown,MISSING,47.2,35.2
26350-2107,"센텀동부센트레빌",해운대구,11-20,500-999,KNOWN,65.8,68.3
26350-171,"현대그린맨션",해운대구,31+,100-299,MISSING,50.0,33.0
26350-104,"달맞이경동메르빌",해운대구,21-30,300-499,KNOWN,44.2,62.0
26350-121,"두산1차아파트",해운대구,21-30,<100,MISSING,44.3,38.3
26350-114,"대우",해운대구,21-30,<100,MISSING,56.7,36.8
26350-166,"우방신세계타운",해운대구,21-30,1000+,KNOWN,56.2,66.2
26350-122,"롯데2",해운대구,21-30,100-299,KNOWN,52.8,51.6
26350-2166,"해운대두산위브더제니스",해운대구,11-20,1000+,KNOWN,63.8,80.8
26350-2162,"해운대 I PARK",해운대구,11-20,1000+,KNOWN,63.1,80.4
26260-190,"삼정그린코아",동래구,21-30,300-499,KNOWN,46.5,61.5
26350-53,"한영비치",해운대구,31+,<100,MISSING,48.6,31.2
26350-2119,"해운대중동금호어울림",해운대구,11-20,300-499,KNOWN,63.2,60.0
26350-29,"금호",해운대구,21-30,100-299,MISSING,52.4,41.5
26350-112,"대림2",해운대구,21-30,unknown,MISSING,57.6,38.8
26350-2091,"센텀롯데캐슬3차아파트",해운대구,21-30,500-999,KNOWN,61.7,62.8
26350-115,"대우2",해운대구,21-30,1000+,KNOWN,67.9,62.5
26350-2148,"해운대케이씨씨스위첸",해운대구,11-20,300-499,KNOWN,69.6,72.6
26350-182,"삼한2",해운대구,21-30,100-299,MISSING,42.0,52.0
26350-180,"벽산삼협",해운대구,21-30,<100,MISSING,48.3,37.3
26350-99,"해운대동일",해운대구,21-30,300-499,KNOWN,61.2,54.8
26350-2117,"현대하이페리온",해운대구,11-20,100-299,KNOWN,57.3,57.7
26350-160,"보람",해운대구,31+,<100,MISSING,35.0,24.8
26350-40,"신동아",해운대구,31+,100-299,MISSING,53.3,41.4
26350-2092,"더샵센텀파크2차",해운대구,21-30,500-999,KNOWN,72.2,71.6
26350-42,"에이스",해운대구,31+,100-299,MISSING,43.4,37.4
26350-118,"동부",해운대구,21-30,<100,MISSING,57.2,36.5
26350-294,"송정세양시에당",해운대구,21-30,unknown,MISSING,29.7,51.4
26230-57,"초읍우신(269-8)",부산진구,31+,unknown,MISSING,49.3,19.2
26350-2385,"센텀리슈빌2단지",해운대구,0-10,500-999,KNOWN,64.8,77.0
26260-1956,"명륜2차아이파크1단지",동래구,11-20,1000+,KNOWN,65.0,81.2
26350-130,"신성",해운대구,21-30,<100,MISSING,52.6,32.1
26350-55,"현대(1042-2)",해운대구,31+,unknown,MISSING,53.2,35.2
26350-303,"해운대비치베르빌",해운대구,21-30,100-299,MISSING,62.4,56.6
26350-132,"영남",해운대구,21-30,100-299,MISSING,57.3,40.8
26230-365,"남경하이츠빌라",부산진구,21-30,unknown,MISSING,58.5,44.2
26350-2229,"해운대자이1단지",해운대구,11-20,500-999,KNOWN,60.1,77.1
26350-2125,"해운대중동롯데캐슬마스터2",해운대구,11-20,100-299,KNOWN,59.7,61.8
26350-125,"벽산1",해운대구,21-30,500-999,KNOWN,74.2,60.3
26350-63,"참빛마을2",해운대구,21-30,unknown,MISSING,56.8,47.8
26350-116,"대원",해운대구,21-30,300-499,KNOWN,63.2,58.9
26350-135,"LH뜨란채아파트",해운대구,21-30,500-999,KNOWN,58.7,55.7
26350-138,"현대",해운대구,21-30,unknown,MISSING,56.9,37.0
26350-2138,"센텀파미르",해운대구,11-20,300-499,KNOWN,59.2,63.5
26350-189,"센텀센시빌",해운대구,21-30,500-999,MISSING,50.8,66.6
26350-137,"한일",해운대구,21-30,100-299,MISSING,54.8,42.4
26350-286,"아크로뷰",해운대구,21-30,100-299,MISSING,63.0,54.8
26350-124,"롯데4",해운대구,21-30,500-999,KNOWN,58.9,59.9
26350-16,"센텀삼환Nauville",해운대구,21-30,unknown,MISSING,58.3,37.0
26230-2317,"서면동일파크스위트1차",부산진구,11-20,500-999,KNOWN,58.6,75.7
26230-2654,"시민공원삼정그린코아더베스트",부산진구,0-10,300-499,KNOWN,65.2,82.8
26230-4560,"가야역롯데캐슬스카이엘",부산진구,0-10,500-999,KNOWN,69.2,87.2
26230-4535,"백양산서희스타힐스",부산진구,0-10,1000+,KNOWN,51.4,87.2
26230-116,"영진(5-43)",부산진구,31+,unknown,MISSING,55.7,15.2
26230-115,"시영",부산진구,31+,unknown,MISSING,44.2,11.4
26230-4572,"양정자이더샵SKVIEW아파트(1단지)",부산진구,0-10,500-999,KNOWN,64.8,85.2
26230-2457,"다해미네스트",부산진구,0-10,<100,MISSING,50.7,53.3
26230-1694,"대원칸타빌멤버스",부산진구,11-20,500-999,KNOWN,70.7,71.5
26230-148,"경남",부산진구,21-30,500-999,MISSING,59.8,67.7
26230-2861,"초읍월드메르디앙에듀포레",부산진구,0-10,100-299,KNOWN,60.2,68.4
26230-1590,"시영(6~11동)",부산진구,31+,100-299,MISSING,54.7,35.2
26230-1824,"개금롯데캐슬",부산진구,11-20,300-499,KNOWN,57.8,70.8
26230-2604,"양정이즈카운티",부산진구,0-10,100-299,KNOWN,62.8,69.7
26230-2121,"서면동일스위트",부산진구,11-20,unknown,MISSING,69.3,69.4
26230-19,"전포시영",부산진구,31+,unknown,MISSING,33.2,13.6
26230-1667,"벽산블루밍",부산진구,11-20,300-499,KNOWN,49.9,62.2
26230-161,"무궁화아파트101동,102동,103동,105동,106동",부산진구,31+,100-299,MISSING,49.1,39.8
26230-180,"삼정코아",부산진구,21-30,100-299,MISSING,72.5,55.1
26230-2566,"삼한골든뷰센트럴파크",부산진구,0-10,1000+,KNOWN,68.9,84.8
26230-191,"세운이노빌",부산진구,21-30,unknown,MISSING,61.0,49.6
26230-2629,"서면아이파크1단지",부산진구,0-10,1000+,KNOWN,66.4,85.8
26230-2373,"서면봄여름가을겨울",부산진구,11-20,100-299,KNOWN,61.3,69.0
26230-43,"삼환",부산진구,21-30,100-299,KNOWN,23.5,53.3
26230-2290,"서면유림노르웨이숲",부산진구,11-20,300-499,KNOWN,72.8,68.9
26230-1905,"블루스카이",부산진구,11-20,<100,KNOWN,49.0,44.1
26230-50,"창신그린힐",부산진구,21-30,100-299,KNOWN,45.7,41.3
26230-117,"유림",부산진구,21-30,unknown,MISSING,48.5,37.0
26230-1700,"가야케이티이편한세상",부산진구,11-20,100-299,KNOWN,64.4,64.9
26230-113,"삼우",부산진구,31+,unknown,MISSING,44.3,16.0
26230-8,"대동파크",부산진구,21-30,100-299,KNOWN,43.3,44.0
26230-21,"화신",부산진구,31+,100-299,MISSING,38.9,46.9
26230-2628,"개금미네스트",부산진구,0-10,<100,MISSING,65.0,59.5
26350-140,"화목데파트",해운대구,21-30,100-299,MISSING,67.5,44.1
26230-35,"한신타워",부산진구,31+,300-499,MISSING,52.1,50.5
26230-2462,"양정역퀸즈팰리스",부산진구,0-10,100-299,KNOWN,68.8,68.3
26230-98,"태우선파크",부산진구,31+,100-299,MISSING,49.2,45.6
26230-2571,"골든팰리스더리치",부산진구,0-10,100-299,KNOWN,68.9,64.2
26230-2359,"한울트라움아파트",부산진구,11-20,<100,KNOWN,56.2,54.5
26230-132,"성도빌라",부산진구,31+,<100,MISSING,41.9,25.8
26230-73,"미주",부산진구,31+,100-299,MISSING,44.1,37.8
26230-2630,"서면아이파크2단지",부산진구,0-10,100-299,KNOWN,63.0,73.3
26230-2399,"세원수아파트",부산진구,0-10,<100,MISSING,59.5,55.3
26230-150,"로얄",부산진구,31+,100-299,MISSING,40.7,33.3
26230-121,"진일",부산진구,31+,<100,MISSING,47.1,22.2
26230-1642,"개금주공3단지(518-0)",부산진구,31+,100-299,MISSING,51.0,43.1
26230-90,"무궁화(108-116동)",부산진구,31+,100-299,MISSING,49.8,40.0
26230-2407,"스윗팰리스",부산진구,0-10,<100,MISSING,43.4,55.5
26260-2098,"포레나동래",동래구,0-10,500-999,KNOWN,66.2,80.2
26350-2134,"더샵센텀스타",해운대구,11-20,500-999,KNOWN,66.3,73.5
26350-22,"센텀현대",해운대구,21-30,300-499,KNOWN,51.8,58.1
26350-2257,"해운대래미안",해운대구,11-20,500-999,KNOWN,61.1,78.2
26350-2120,"대우트럼프월드마린",해운대구,11-20,100-299,KNOWN,48.8,64.3
26350-164,"센텀SKVIEW아파트",해운대구,21-30,1000+,KNOWN,61.1,67.9
26350-159,"센텀자유",해운대구,21-30,100-299,KNOWN,46.0,45.1
26350-2118,"센텀우신골든빌",해운대구,11-20,500-999,KNOWN,61.1,65.8
26350-2372,"해운대센텀트루엘1단지",해운대구,0-10,300-499,KNOWN,53.4,74.1
26350-274,"삼안스튜디오2000",해운대구,31+,<100,MISSING,30.5,34.9
26350-28,"센텀글로리아",해운대구,31+,<100,MISSING,38.4,25.4
26350-2206,"해운대경동제이드",해운대구,11-20,100-299,KNOWN,53.5,70.5
26350-51,"재송동코오롱",해운대구,31+,<100,MISSING,40.0,29.0
26350-142,"경동지-플러스",해운대구,21-30,unknown,MISSING,69.0,47.8
26350-30,"남성선파크",해운대구,31+,<100,MISSING,49.6,33.0
26350-113,"대림3",해운대구,21-30,<100,MISSING,57.2,35.3
26350-2377,"럭키골든스위트",해운대구,0-10,100-299,MISSING,66.2,65.2
26350-2334,"센텀경동리인",해운대구,0-10,100-299,KNOWN,55.4,70.0
26350-2335,"해운대경보이리스힐아파트",해운대구,0-10,100-299,KNOWN,27.0,69.9
26230-2155,"가야동원로얄듀크",부산진구,11-20,100-299,KNOWN,58.4,65.7
26350-2378,"엘시티",해운대구,0-10,500-999,KNOWN,55.0,86.5
26440-26,"지사금강펜테리움",강서구,11-20,1000+,KNOWN,50.0,74.7
26440-22,"엘크루블루오션",강서구,11-20,1000+,KNOWN,55.9,80.2
26440-125,"더샵명지퍼스트월드3단지",강서구,0-10,1000+,KNOWN,42.5,87.5
26440-82,"명지국제신도시호반베르디움2차",강서구,0-10,500-999,KNOWN,56.9,77.7
26440-123,"더샵명지퍼스트월드2단지",강서구,0-10,1000+,KNOWN,44.8,87.4
26440-76,"명지협성휴포레",강서구,0-10,1000+,KNOWN,51.4,79.1
26440-47,"명지1차 금강펜테리움 센트럴파크",강서구,11-20,500-999,KNOWN,53.9,76.6
26440-23,"명지두산위브포세이돈",강서구,11-20,1000+,KNOWN,58.0,76.9
26440-56,"명지국제신도시호반베르디움1차",강서구,0-10,500-999,KNOWN,60.3,76.1
26440-18,"퀸덤1차링컨타운",강서구,11-20,1000+,KNOWN,53.3,75.4
26440-59,"명지2차금강펜테리움센트럴파크",강서구,0-10,500-999,KNOWN,51.5,76.2
26440-111,"e편한세상명지",강서구,0-10,300-499,KNOWN,48.3,79.9
26440-109,"더힐시그니처",강서구,0-10,1000+,KNOWN,62.9,87.2
26440-90,"지사과학삼정그린코아",강서구,0-10,1000+,KNOWN,43.7,78.9
26230-119,"가야일산주택",부산진구,31+,<100,MISSING,46.7,24.9
26230-149,"대원아파트",부산진구,31+,unknown,MISSING,57.1,18.4
26230-5,"동원",부산진구,31+,<100,MISSING,47.3,17.1
26230-4549,"시민공원비스타동원",부산진구,0-10,300-499,KNOWN,66.6,81.5
26230-2865,"서면서한이다음",부산진구,0-10,300-499,KNOWN,53.5,82.3
26230-215,"HY원룸",부산진구,21-30,<100,MISSING,59.0,45.1
26230-2206,"범내골역한라비발디STUDIO422",부산진구,11-20,unknown,MISSING,71.4,69.4
26230-100,"태화현대2",부산진구,21-30,500-999,MISSING,54.9,60.1
26440-72,"명진파크뷰",강서구,0-10,100-299,MISSING,41.2,63.4
26440-95,"유나베네스2차",강서구,0-10,<100,MISSING,35.1,53.1
26440-61,"명지대방노블랜드오션뷰2차",강서구,0-10,500-999,KNOWN,59.0,76.0
26440-102,"부산명지중흥S-클래스에듀오션",강서구,0-10,500-999,KNOWN,61.5,79.7
26440-108,"스위트팰리스",강서구,0-10,500-999,KNOWN,53.4,80.1
26440-45,"에일린의 뜰",강서구,11-20,500-999,KNOWN,59.0,77.5
26440-77,"부산명지중흥S-클래스프라디움",강서구,0-10,1000+,KNOWN,60.5,79.4
26440-17,"퀸덤1차에디슨타운",강서구,11-20,500-999,KNOWN,52.1,72.7
26440-37,"엘크루솔마레",강서구,11-20,300-499,KNOWN,40.5,72.5
26440-33,"명지오션시티한신휴플러스",강서구,11-20,500-999,KNOWN,49.2,75.6
26440-15,"극동스타클래스",강서구,11-20,unknown,MISSING,53.3,59.0
26440-32,"명지오션시티삼정그린코아",강서구,11-20,500-999,KNOWN,53.3,73.0
26440-16,"롯데캐슬",강서구,11-20,1000+,KNOWN,52.2,75.1
26440-58,"명지대방노블랜드오션뷰1차",강서구,11-20,500-999,KNOWN,62.0,76.4
26440-14,"부산신호윌더하임",강서구,21-30,500-999,KNOWN,41.1,68.2
26440-19,"퀸덤1차아인슈타인타운",강서구,11-20,1000+,KNOWN,58.8,75.4
26440-31,"부산신호사랑으로부영2차",강서구,11-20,1000+,KNOWN,49.5,76.4
26440-120,"명지화전우방아이유쉘",강서구,0-10,1000+,KNOWN,41.3,83.5
26440-94,"유나베네스1차",강서구,0-10,unknown,MISSING,41.3,78.4
26440-128,"공항마을리베르하임주상복합",강서구,0-10,100-299,KNOWN,51.9,71.9
26440-27,"부산신호사랑으로부영1차",강서구,11-20,1000+,KNOWN,46.1,74.6
26440-112,"우창더뷰",강서구,0-10,unknown,MISSING,55.6,83.2
26110-9,"새들맨션",중구,31+,unknown,MISSING,53.0,16.0
26110-42,"흥아거북",중구,31+,100-299,MISSING,49.6,31.5
26110-32,"동아(92-0)",중구,21-30,100-299,KNOWN,40.9,45.8
26110-38,"은하아파트",중구,31+,<100,MISSING,35.6,22.6
26110-904,"미소지음주상복합",중구,11-20,<100,KNOWN,61.1,54.0
26110-65,"경우빌라",중구,31+,<100,MISSING,47.7,23.0
26110-40,"초원",중구,31+,unknown,MISSING,46.4,12.0
26110-939,"선경에이스",중구,0-10,unknown,MISSING,69.6,83.2
26110-901,"부평파크",중구,11-20,<100,MISSING,66.3,49.8
26110-947,"목연정M팰리스",중구,0-10,<100,MISSING,69.8,64.2
26110-893,"보수2차봄여름가을겨울",중구,11-20,<100,MISSING,60.3,51.7
26110-48,"그린빌",중구,21-30,<100,MISSING,53.6,38.2
26110-33,"동주파크",중구,31+,100-299,MISSING,32.6,32.3
26110-888,"미소지움아파트",중구,11-20,<100,MISSING,61.9,48.4
26110-51,"대근하버빌타운",중구,21-30,<100,MISSING,59.6,42.0
26110-943,"보수에코팰리스",중구,0-10,<100,MISSING,65.6,63.1
26110-781,"대암보수맨션",중구,31+,<100,MISSING,52.1,19.1
26110-942,"엘스퀘어",중구,0-10,<100,MISSING,53.6,57.2
26110-29,"신생",중구,31+,<100,MISSING,50.4,16.8
26110-843,"보수동한웅베어스",중구,11-20,<100,MISSING,62.3,51.6
26110-905,"부평부백자연애",중구,11-20,<100,MISSING,65.8,51.7
26110-837,"그린시티",중구,11-20,<100,MISSING,64.6,49.1
26110-24,"부평",중구,31+,<100,MISSING,53.1,26.8
26170-827,"범양레우스센트럴베이",동구,0-10,500-999,KNOWN,69.4,84.3
26170-628,"두산위브범일뉴타운",동구,11-20,300-499,KNOWN,58.1,62.4
26170-809,"오션브릿지",동구,0-10,500-999,KNOWN,67.6,79.9
26170-860,"두산위브더제니스하버시티",동구,0-10,1000+,KNOWN,64.5,90.0
26170-675,"진흥마제스타워범일",동구,11-20,300-499,KNOWN,61.0,69.3
26170-841,"부산항일동미라주더오션(1지구)",동구,0-10,300-499,KNOWN,62.7,77.4
26170-825,"e편한세상부산항",동구,0-10,500-999,KNOWN,69.0,82.7
26170-826,"협성휴포레부산진역오션뷰",동구,0-10,500-999,KNOWN,70.2,80.8
26170-813,"좌천서린엘마르더뷰",동구,0-10,100-299,KNOWN,47.5,69.2
26110-30,"금호",중구,21-30,unknown,MISSING,42.3,38.8
26110-2,"부원",중구,31+,100-299,MISSING,51.0,29.8
26170-10,"화신1",동구,31+,<100,MISSING,33.5,28.3
26170-38,"한성기린",동구,21-30,500-999,MISSING,63.5,57.9
26170-802,"센텀동원2차",동구,0-10,<100,MISSING,60.7,55.3
26170-815,"지원더뷰오션1차",동구,0-10,100-299,MISSING,53.4,67.9
26170-807,"린다스마트포레",동구,0-10,100-299,MISSING,61.5,64.0
26170-781,"오름CASTLE",동구,0-10,<100,MISSING,62.4,54.2
26170-3,"동일파크",동구,31+,<100,MISSING,40.3,24.9
26170-834,"초량베스티움센트럴베이",동구,0-10,300-499,KNOWN,66.8,79.0
26170-26,"아르미나아파트",동구,21-30,100-299,KNOWN,51.1,49.9
26170-31,"동원드림타운",동구,21-30,100-299,KNOWN,58.4,57.0
26170-8,"초량마마맨션",동구,31+,<100,MISSING,50.1,28.6
26170-21,"덕림아파트",동구,31+,<100,MISSING,47.6,27.2
26170-24,"수성아파트(440-0)",동구,31+,<100,MISSING,41.8,20.5
26170-789,"범일역이즈팰리스",동구,0-10,<100,KNOWN,58.9,57.8
26170-618,"좌천시민(741-1)",동구,31+,100-299,MISSING,45.6,30.8
26170-77,"좌천시민(737-1)",동구,31+,unknown,MISSING,43.7,8.0
26170-85,"아름빌102동",동구,21-30,<100,MISSING,48.1,36.3
26170-9,"초원",동구,31+,<100,MISSING,54.6,26.3
26170-793,"베스안하우스2차",동구,0-10,<100,MISSING,57.1,56.6
26170-801,"오션스타",동구,0-10,<100,MISSING,62.7,53.4
26170-864,"북항에코하임센트럴뷰",동구,0-10,100-299,MISSING,64.9,70.2
26170-805,"금초파크",동구,0-10,<100,MISSING,52.1,52.8
26170-824,"지원더뷰오션2차",동구,0-10,100-299,MISSING,53.3,72.7
26170-62,"영림",동구,31+,<100,MISSING,45.5,24.2
26170-629,"예그린",동구,11-20,<100,MISSING,60.2,45.2
26170-731,"봄여름가을겨울",동구,11-20,<100,MISSING,59.7,54.0
26170-46,"한사랑빌라트",동구,21-30,<100,MISSING,57.2,36.4
26170-780,"남평N-CITY",동구,0-10,<100,MISSING,46.7,55.1
26170-799,"장원하이드파크",동구,0-10,<100,MISSING,50.3,54.8
26170-33,"제일",동구,31+,<100,MISSING,48.2,16.2
26170-29,"협성파크",동구,31+,<100,MISSING,37.4,33.8
26170-69,"대근아트빌라(355-1)",동구,21-30,<100,KNOWN,49.1,37.2
26170-769,"베스안하우스",동구,11-20,<100,KNOWN,64.8,50.5
26170-67,"배룡비치텔",동구,21-30,<100,KNOWN,59.2,41.5
26200-768,"영도센트럴에일린의뜰",영도구,0-10,1000+,KNOWN,57.1,86.1
26200-597,"한일유앤아이",영도구,21-30,100-299,KNOWN,53.3,55.1
26200-41,"미주비치",영도구,21-30,300-499,KNOWN,47.5,54.5
26170-633,"수정(1186-1)",동구,31+,unknown,MISSING,38.5,8.0
26170-58,"하이츠빌리지-1",동구,21-30,unknown,MISSING,53.0,46.0
26170-631,"수정(1181-4)",동구,31+,unknown,MISSING,40.1,8.0
26170-16,"유승아트(110-41)",동구,21-30,unknown,MISSING,58.7,47.8
26170-630,"수정(1173-3)",동구,31+,unknown,MISSING,41.9,8.0
26170-52,"대근아트빌라(106-11)",동구,21-30,unknown,MISSING,59.6,49.6
26170-857,"범일퀸즈W에디션",동구,0-10,<100,MISSING,65.3,64.3
26170-710,"한울시너스",동구,11-20,<100,MISSING,67.5,52.5
26200-96,"진명드림빌",영도구,21-30,<100,MISSING,46.7,37.2
26170-752,"센텀타워",동구,11-20,<100,MISSING,62.1,50.1
26170-808,"범일동서면영동리원",동구,0-10,<100,MISSING,55.8,61.3
26200-772,"부산오션시티푸르지오",영도구,0-10,500-999,KNOWN,38.8,86.6
26200-16,"반도보라",영도구,21-30,500-999,KNOWN,44.9,64.0
26200-49,"한라비치",영도구,31+,100-299,MISSING,43.5,49.2
26200-601,"신영도롯데낙천대",영도구,21-30,500-999,KNOWN,43.1,62.6
26200-126,"원우엔리치빌",영도구,21-30,300-499,KNOWN,39.8,62.5
26200-1220,"오션라이프에일린의뜰1단지",영도구,0-10,500-999,KNOWN,53.8,83.7
26200-53,"경전",영도구,31+,100-299,MISSING,43.4,45.0
26200-1221,"오션라이프에일린의뜰2단지",영도구,0-10,500-999,KNOWN,49.7,81.5
26200-54,"국제마마뉴비치타운",영도구,31+,500-999,MISSING,50.1,55.7
26200-47,"청운",영도구,31+,<100,MISSING,31.4,25.4
26200-17,"영도대원",영도구,31+,300-499,KNOWN,51.7,44.8
26200-80,"함지그린",영도구,31+,1000+,MISSING,40.6,59.6
26200-622,"영도신도브래뉴",영도구,11-20,500-999,KNOWN,48.7,67.9
26200-76,"조양비취맨션",영도구,31+,500-999,MISSING,43.9,48.7
26200-8,"남항화랑맨션",영도구,31+,<100,MISSING,41.3,27.2
26200-734,"롯데캐슬블루오션",영도구,0-10,300-499,KNOWN,50.6,72.6
26200-112,"동삼그린힐",영도구,31+,1000+,MISSING,46.0,61.4
26200-595,"절영아파트(215동-217동)",영도구,31+,500-999,MISSING,50.3,56.5
26200-60,"벽산비치",영도구,31+,300-499,KNOWN,53.6,56.0
26200-698,"영도일동미라주브라이튼(2단지)",영도구,11-20,<100,KNOWN,45.2,54.6
26200-116,"동부산아이존빌",영도구,21-30,300-499,KNOWN,57.8,62.0
26200-774,"청학우성스마트시티뷰",영도구,0-10,100-299,KNOWN,46.4,74.5
26200-721,"남항부백자연애",영도구,0-10,100-299,MISSING,55.5,66.6
26200-26,"미광마린타워",영도구,31+,unknown,MISSING,50.7,29.8
26200-75,"절영아파트(208동-214동)",영도구,31+,500-999,MISSING,44.8,58.6
26200-71,"에덴금호",영도구,31+,100-299,MISSING,34.7,49.5
26200-6,"영도화랑",영도구,31+,<100,MISSING,39.2,27.6
26200-79,"태종파크맨션(227-233)",영도구,31+,100-299,MISSING,45.0,33.8
26200-59,"반도보라비치타운",영도구,31+,300-499,MISSING,36.8,49.7
26200-39,"대룡파크맨션",영도구,31+,<100,MISSING,41.6,36.8
26200-34,"영도유림",영도구,21-30,300-499,KNOWN,41.0,46.6
26200-699,"영도일동미라주브라이튼(1단지)",영도구,11-20,100-299,KNOWN,47.3,65.1
26200-5,"남항무궁화맨션",영도구,31+,<100,MISSING,40.1,26.8
26200-22,"영광그린",영도구,31+,100-299,MISSING,39.8,44.4
26200-25,"대교타운",영도구,21-30,unknown,MISSING,51.3,47.8
26200-24,"영광골든타워",영도구,21-30,100-299,KNOWN,50.8,43.2
26200-58,"동삼절영3",영도구,21-30,300-499,MISSING,51.1,53.6
26200-737,"영도경동리인",영도구,0-10,100-299,KNOWN,38.4,63.1
26200-117,"동삼동한진로즈힐",영도구,21-30,100-299,KNOWN,52.4,54.7
26200-46,"일신마리나",영도구,31+,300-499,MISSING,43.1,50.6
26200-596,"유림노르웨이숲비치",영도구,21-30,100-299,KNOWN,35.1,51.9
26200-65,"삼창파크타운3차",영도구,31+,100-299,MISSING,48.8,39.4
26200-78,"태림",영도구,31+,100-299,MISSING,49.0,30.4
26200-707,"오션블루",영도구,11-20,unknown,MISSING,56.0,73.8
26200-101,"동진",영도구,31+,unknown,MISSING,43.7,10.9
26200-739,"정림위더스하임",영도구,0-10,<100,MISSING,54.5,60.0
26200-760,"힐링파크",영도구,0-10,<100,MISSING,54.1,60.5
26200-750,"대성베른시티1동",영도구,0-10,<100,MISSING,44.2,55.3
26200-73,"유나맨션",영도구,31+,<100,MISSING,40.0,25.3
26200-55,"도시",영도구,31+,100-299,MISSING,40.9,37.0
26200-67,"삼창파크타운5동6동",영도구,31+,100-299,MISSING,47.5,40.2
26200-1,"대동대교맨션",영도구,31+,300-499,MISSING,47.2,43.8
26200-66,"삼창파크타운1동2동",영도구,31+,100-299,KNOWN,47.8,34.5
26200-62,"동삼동삼창그린타운(679-1)",영도구,21-30,100-299,MISSING,34.2,45.3
26200-68,"삼한경희",영도구,31+,<100,MISSING,38.9,25.1
26200-50,"화신",영도구,31+,100-299,MISSING,39.8,38.5
26200-21,"신선",영도구,31+,100-299,MISSING,37.8,33.5
26200-87,"혜광드림팰리스",영도구,21-30,unknown,MISSING,55.5,49.6
26200-671,"플러스원",영도구,11-20,unknown,MISSING,43.8,69.4
26200-30,"오양대교맨션",영도구,31+,<100,MISSING,53.4,33.7
26200-598,"천지해오름",영도구,21-30,<100,MISSING,38.8,44.3
26200-675,"뉴스카이",영도구,11-20,<100,MISSING,54.3,48.7
26200-89,"혜광마린팰리스",영도구,21-30,<100,MISSING,36.4,42.1
26200-753,"더킹페로스아파트",영도구,0-10,<100,MISSING,58.3,63.1
26200-731,"아이블리스",영도구,0-10,<100,MISSING,56.4,57.1
26200-642,"청성",영도구,11-20,<100,MISSING,51.3,42.6
26200-706,"성우펠리체리움",영도구,11-20,<100,MISSING,66.4,58.4
26200-51,"보성아트빌",영도구,21-30,<100,MISSING,38.1,34.3
26200-114,"하나빌",영도구,21-30,100-299,MISSING,46.2,50.0
26200-680,"대교마루빌",영도구,11-20,<100,MISSING,52.5,45.4
26200-104,"한진중공업사원",영도구,21-30,<100,MISSING,43.2,39.6
26200-103,"수근에이스타운",영도구,21-30,100-299,MISSING,54.4,49.6
26200-12,"영선무궁화맨션",영도구,31+,unknown,MISSING,43.9,16.8
26530-59,"럭키주례2",사상구,31+,100-299,MISSING,53.6,35.5
26200-72,"우일화랑",영도구,31+,<100,MISSING,32.4,34.4
26200-29,"봉래",영도구,31+,100-299,MISSING,46.1,26.5
26200-86,"신흥동백1차",영도구,31+,<100,MISSING,42.9,28.0
26200-127,"대동",영도구,31+,<100,MISSING,39.5,25.3
26200-69,"신흥동백맨션8",영도구,31+,<100,MISSING,46.2,31.5
26200-43,"영광마린타워",영도구,31+,100-299,MISSING,38.8,39.9
26200-688,"유진캐슬",영도구,11-20,<100,KNOWN,39.0,48.2
26200-63,"삼창파크맨션1동",영도구,31+,<100,MISSING,43.3,25.3
26530-983,"레스틴뷰(restynv)",사상구,0-10,unknown,MISSING,66.8,76.0
26530-16,"덕포청구",사상구,21-30,300-499,KNOWN,41.6,59.2
26530-76,"주례청구",사상구,21-30,500-999,KNOWN,58.2,63.9
26530-65,"엘지신주례1",사상구,21-30,500-999,KNOWN,60.7,59.2
26200-90,"남항동썬플라자",영도구,21-30,unknown,MISSING,53.1,49.6
26200-45,"원우",영도구,21-30,unknown,MISSING,41.4,46.0
26200-594,"태림맨션(94-0)",영도구,31+,unknown,MISSING,36.8,13.6
26200-70,"신흥동백2",영도구,31+,unknown,MISSING,36.1,19.2
26200-83,"한나라빌6동7동",영도구,21-30,unknown,MISSING,32.4,47.8
26200-783,"오션라이프에일린의뜰2단지",영도구,0-10,unknown,MISSING,55.4,92.0
26200-782,"더퍼스트아파트",영도구,0-10,unknown,MISSING,61.6,92.0
26200-115,"페로스빌",영도구,21-30,<100,MISSING,36.5,37.4
26200-106,"청학스카이파크",영도구,21-30,<100,MISSING,36.7,36.4
26530-819,"덕포동벽산블루밍",사상구,11-20,300-499,KNOWN,60.0,60.4
26530-51,"엄궁2차한신",사상구,21-30,1000+,KNOWN,43.4,62.4
26530-22,"자유",사상구,31+,100-299,MISSING,51.1,35.5
26530-1043,"사상구남역동원로얄듀크",사상구,0-10,300-499,KNOWN,52.5,78.1
26530-89,"반도보라타운",사상구,31+,unknown,MISSING,35.7,33.4
26530-1142,"사상중흥에스-클래스그랜드센트럴",사상구,0-10,1000+,KNOWN,73.4,86.7
26530-60,"반도보라",사상구,21-30,1000+,MISSING,60.7,62.1
26530-1137,"주례롯데캐슬골드스마트",사상구,0-10,500-999,KNOWN,66.2,85.7
26530-29,"부원맨션",사상구,31+,<100,MISSING,48.8,22.5
26530-26,"모라벽산",사상구,21-30,500-999,KNOWN,49.7,62.6
26530-809,"쌍용스윗닷홈",사상구,21-30,500-999,KNOWN,50.2,64.3
26530-18,"벽산신익타운",사상구,31+,300-499,KNOWN,52.7,46.9
26530-49,"엄궁대림",사상구,21-30,500-999,KNOWN,48.0,60.6
26530-35,"주공4",사상구,31+,1000+,KNOWN,41.0,53.4
26530-56,"대성",사상구,31+,<100,MISSING,56.5,27.3
26530-903,"덕포경동메르빌",사상구,11-20,500-999,KNOWN,53.9,71.6
26530-62,"본동맨션",사상구,31+,<100,MISSING,43.1,19.1
26530-994,"주례경동리인",사상구,0-10,500-999,KNOWN,56.3,79.4
26530-75,"주례맨션",사상구,31+,<100,MISSING,58.7,21.2
26530-130,"한일유엔아이",사상구,21-30,500-999,KNOWN,66.8,71.1
26530-88,"목화",사상구,31+,unknown,MISSING,32.5,31.6
26530-837,"롯데캐슬",사상구,11-20,1000+,KNOWN,52.3,78.0
26530-83,"구덕극동",사상구,21-30,100-299,MISSING,42.4,50.0
26530-1113,"센트럴스타힐스",사상구,0-10,500-999,KNOWN,70.9,85.5
26530-4,"사상강변동원",사상구,21-30,500-999,KNOWN,66.7,59.3
26530-94,"신구덕우성",사상구,21-30,500-999,KNOWN,38.9,61.6
26530-28,"백양그린",사상구,31+,1000+,MISSING,49.8,60.5
26530-104,"어진빌라",사상구,21-30,<100,MISSING,54.3,34.1
26530-24,"모라동원타운",사상구,31+,100-299,MISSING,53.2,35.5
26530-926,"학장동삼정그린코아아파트",사상구,11-20,500-999,KNOWN,42.8,71.1
26530-66,"엘지신주례2",사상구,21-30,500-999,MISSING,65.3,60.5
26530-74,"주례2차동일",사상구,21-30,100-299,KNOWN,59.6,50.5
26530-37,"학산그린타운",사상구,31+,100-299,MISSING,54.5,38.8
26530-41,"동양한신",사상구,31+,100-299,MISSING,57.5,41.8
26530-2,"괘법한신2",사상구,21-30,1000+,KNOWN,62.5,61.8
26530-45,"삼성타워",사상구,31+,100-299,MISSING,42.0,38.4
26530-92,"학장동2차삼성",사상구,21-30,500-999,KNOWN,41.3,58.6
26530-803,"모라리버빌",사상구,21-30,100-299,MISSING,66.4,53.6
26530-73,"주례1차동일",사상구,21-30,300-499,KNOWN,58.1,57.8
26530-84,"학장극동",사상구,31+,<100,MISSING,30.8,31.2
26530-86,"구학마을",사상구,31+,100-299,MISSING,38.8,37.3
26530-91,"1차삼성",사상구,21-30,300-499,MISSING,34.3,52.1
26530-95,"정남파크맨션",사상구,31+,<100,MISSING,29.6,26.4
26530-966,"파밀리아괘법3차",사상구,0-10,<100,MISSING,65.7,60.2
26530-46,"신엄궁대동",사상구,21-30,300-499,KNOWN,53.5,52.6
26530-30,"삼정그린코아",사상구,31+,300-499,KNOWN,57.9,47.7
26530-64,"벽산신화",사상구,31+,300-499,KNOWN,49.5,45.3
26530-97,"학장대림",사상구,31+,100-299,MISSING,31.5,39.1
26530-976,"사상샬레",사상구,0-10,100-299,MISSING,57.1,65.8
26530-103,"윈저빌타운",사상구,21-30,<100,MISSING,53.1,36.0
26530-115,"금오리치",사상구,21-30,<100,MISSING,46.9,42.0
26530-980,"은하하우스",사상구,0-10,100-299,KNOWN,52.4,59.6
26530-148,"섬진4차",사상구,21-30,<100,MISSING,51.5,47.6
26530-43,"엄궁럭키",사상구,31+,300-499,KNOWN,44.0,46.1
26530-53,"코오롱",사상구,21-30,1000+,KNOWN,43.3,62.7
26530-90,"학장벽산",사상구,31+,500-999,MISSING,40.7,54.8
26530-17,"부원파크타운",사상구,31+,<100,MISSING,47.5,24.1
26530-27,"무학",사상구,31+,<100,MISSING,53.4,32.5
26530-1068,"비룡벨로스텔라",사상구,0-10,100-299,KNOWN,70.9,67.7
26530-44,"엄궁로얄화교아파트",사상구,31+,<100,MISSING,39.8,22.5
26530-98,"학장무학",사상구,21-30,500-999,MISSING,46.0,61.6
26530-70,"주례제일타워맨션",사상구,31+,100-299,MISSING,47.9,46.0
26530-119,"무학다솜",사상구,21-30,300-499,KNOWN,46.2,53.3
26530-71,"조양",사상구,31+,<100,MISSING,59.6,24.8
26530-77,"창조센추리",사상구,31+,<100,MISSING,60.7,31.5
26530-1025,"올유레스틴뷰",사상구,0-10,unknown,MISSING,62.2,80.8
26530-8,"위드한빛",사상구,21-30,<100,MISSING,37.3,35.3
26530-804,"모라동골든파크",사상구,21-30,100-299,MISSING,65.3,50.4
26530-941,"파밀리아2",사상구,11-20,unknown,MISSING,66.4,71.6
26530-963,"대성캐슬",사상구,0-10,<100,MISSING,61.2,53.7
26530-1083,"파크블루11차",사상구,0-10,100-299,MISSING,68.1,68.5
26530-63,"송림주택",사상구,31+,<100,KNOWN,56.3,25.6
26530-50,"엄궁한신1차",사상구,21-30,100-299,KNOWN,40.2,49.1
26530-1148,"보해썬시티리버파크",사상구,0-10,100-299,KNOWN,70.3,77.2
26530-109,"주은타워빌",사상구,21-30,<100,MISSING,62.3,45.9
26530-25,"모라A",사상구,31+,<100,MISSING,41.8,22.3
26530-38,"한일",사상구,31+,<100,MISSING,41.8,29.4
26530-57,"동일",사상구,31+,100-299,MISSING,62.4,43.6
26530-942,"강일프라임빌",사상구,11-20,<100,MISSING,59.3,52.7
26530-981,"사상역이즈팰리스",사상구,0-10,<100,MISSING,57.6,58.0
26710-640,"일광대성베르힐",기장군,0-10,500-999,KNOWN,44.0,80.7
26710-630,"일광자이푸르지오1단지",기장군,0-10,300-499,KNOWN,61.0,79.7
26710-608,"정관가화만사성더테라스2차",기장군,0-10,300-499,KNOWN,51.6,75.7
26710-484,"정관동일스위트1차",기장군,11-20,1000+,KNOWN,66.0,76.4
26710-598,"정관가화만사성더테라스1차",기장군,0-10,300-499,KNOWN,52.2,75.3
26530-1080,"스카이뷰",사상구,0-10,unknown,MISSING,52.0,85.6
26530-14,"대하덕포(1호동)",사상구,31+,unknown,MISSING,47.6,16.8
26530-123,"삼화그린빌",사상구,21-30,unknown,MISSING,63.7,51.4
26530-1669,"엘메르",사상구,0-10,unknown,MISSING,71.7,94.0
26530-147,"삼광(585-77)",사상구,21-30,unknown,MISSING,38.2,53.2
26530-19,"아카페타운",사상구,31+,unknown,MISSING,62.3,35.2
26530-131,"삼광(585-78)",사상구,21-30,unknown,MISSING,38.4,53.2
26530-1040,"괘법동포르투나",사상구,0-10,unknown,MISSING,70.9,83.2
26530-1081,"사상역포르투나더테라스",사상구,0-10,unknown,MISSING,72.9,88.0
26710-418,"이진캐스빌블루1차",기장군,11-20,500-999,KNOWN,51.1,72.5
26710-2,"부전타워",기장군,31+,<100,MISSING,46.6,35.4
26710-546,"동부산쏠마레",기장군,11-20,100-299,KNOWN,34.2,58.0
26710-398,"정관신도시계룡리슈빌",기장군,11-20,300-499,KNOWN,55.7,68.8
26710-510,"정관동일스위트2차",기장군,11-20,1000+,KNOWN,50.9,77.4
26710-29,"한신",기장군,31+,1000+,MISSING,59.1,60.9
26710-637,"일광한신더휴센트럴포레1단지",기장군,0-10,500-999,KNOWN,52.0,80.6
26710-639,"청강리더스빌",기장군,0-10,<100,MISSING,50.6,56.6
26710-555,"이지더원3차",기장군,11-20,1000+,KNOWN,48.2,79.9
26710-503,"정관1차동원로얄듀크",기장군,11-20,1000+,KNOWN,49.4,74.7
26710-635,"일광신도시비스타동원1차",기장군,0-10,500-999,KNOWN,61.8,85.9
26710-631,"일광자이푸르지오2단지",기장군,0-10,1000+,KNOWN,61.1,84.5
26710-513,"정관2차동원로얄듀크",기장군,11-20,1000+,KNOWN,49.0,75.6
26710-629,"e편한세상일광",기장군,0-10,500-999,KNOWN,60.8,83.8
26710-651,"웨이브리즈",기장군,0-10,500-999,KNOWN,35.2,84.6
26710-605,"경보그랜드비치",기장군,0-10,100-299,KNOWN,43.5,63.3
26710-636,"일광한신더휴센트럴포레2단지",기장군,0-10,500-999,KNOWN,54.8,82.8
26710-35,"현대",기장군,31+,500-999,KNOWN,58.7,52.1
26710-399,"정관신도시롯데캐슬",기장군,11-20,500-999,KNOWN,57.0,73.5
26710-443,"이지더원",기장군,11-20,500-999,KNOWN,52.0,74.2
26710-504,"정관롯데캐슬2차",기장군,11-20,500-999,KNOWN,53.8,79.4
26710-574,"정관양우내안愛",기장군,0-10,500-999,KNOWN,48.9,76.2
26710-633,"이지더원1차오션포레",기장군,0-10,500-999,KNOWN,54.5,80.6
26710-1,"문화그린맨션",기장군,31+,300-499,KNOWN,43.1,43.7
26710-520,"정관협성르네상스타운",기장군,11-20,300-499,KNOWN,52.3,75.0
26710-25,"동산그린타워",기장군,31+,100-299,MISSING,48.8,37.1
26710-549,"가화만사성정관타운",기장군,11-20,500-999,KNOWN,34.2,71.2
26710-642,"일광신도시비스타동원2차",기장군,0-10,500-999,KNOWN,56.4,87.5
26710-400,"정관신도시한진해모로",기장군,11-20,500-999,KNOWN,58.7,74.2
26710-421,"서희스타힐스",기장군,11-20,300-499,KNOWN,44.8,68.1
26710-6,"태영",기장군,31+,300-499,MISSING,50.5,54.2
26710-409,"정관센트럴파크",기장군,11-20,500-999,KNOWN,58.3,68.8
26710-79,"이진캐스빌골드",기장군,21-30,100-299,KNOWN,50.2,57.4
26710-9,"금강궁전",기장군,31+,100-299,KNOWN,43.6,38.3
26710-566,"부산정관지구이지더원5차아파트",기장군,11-20,300-499,KNOWN,36.6,71.6
26710-32,"서부주공",기장군,21-30,500-999,KNOWN,54.5,59.6
26710-437,"가화일광타워",기장군,11-20,300-499,KNOWN,42.2,64.6
26710-595,"정관이진캐스빌2차",기장군,0-10,100-299,KNOWN,47.3,69.9
26710-593,"동부산관광단지삼정그린코아더베스트",기장군,0-10,500-999,KNOWN,45.6,76.0
26710-402,"정관현진에버빌",기장군,11-20,500-999,KNOWN,57.0,74.3
26710-571,"현대프라힐스 동부산",기장군,0-10,300-499,KNOWN,49.1,73.8
26710-427,"이진캐스빌블루2차",기장군,11-20,100-299,KNOWN,49.7,61.3
26710-408,"동부산동원로얄듀크",기장군,11-20,100-299,KNOWN,46.6,62.6
26710-34,"청강주공",기장군,31+,500-999,MISSING,28.9,51.0
26710-483,"이지더원2차",기장군,11-20,500-999,KNOWN,46.6,73.0
26710-14,"황중베르빌",기장군,21-30,<100,MISSING,43.2,35.2
26710-544,"이진캐스빌",기장군,11-20,500-999,KNOWN,58.5,72.3
26710-646,"기장유림노르웨이숲",기장군,0-10,100-299,KNOWN,52.5,68.5
26710-44,"우신네오빌",기장군,21-30,500-999,KNOWN,36.9,61.3
26710-46,"이진캐스빌",기장군,21-30,300-499,KNOWN,46.2,57.7
26710-30,"애경아트빌",기장군,21-30,<100,MISSING,56.0,35.5
26710-609,"두산위브더테라스",기장군,0-10,100-299,KNOWN,32.3,70.8
26710-390,"수신",기장군,11-20,<100,MISSING,42.1,46.6
26710-528,"고촌센트럴아파트",기장군,11-20,300-499,KNOWN,56.0,71.6
26710-50,"동보시티빌",기장군,21-30,<100,MISSING,57.1,36.4
26710-401,"정관신동아파밀리에",기장군,11-20,500-999,KNOWN,58.0,73.2
26710-603,"동부산렉슬",기장군,0-10,<100,MISSING,53.3,55.0
26710-45,"이진스카이빌",기장군,21-30,100-299,KNOWN,53.6,53.3
26710-119,"서린에코빌아파트",기장군,31+,<100,KNOWN,54.4,30.1
26710-63,"노이하우스2차",기장군,21-30,<100,MISSING,41.2,37.4
26710-64,"노이하우스3차",기장군,21-30,<100,MISSING,44.9,37.2
26710-7,"가화랜드빌",기장군,21-30,<100,MISSING,48.3,39.4
26710-77,"부강빌라가동",기장군,21-30,unknown,MISSING,52.7,47.8
26710-423,"정도한스빌",기장군,11-20,unknown,MISSING,53.0,71.6
26710-611,"페리II",기장군,0-10,unknown,MISSING,61.5,80.8
26710-37,"세흥비치",기장군,31+,<100,MISSING,30.2,30.1
26710-497,"동부스위트",기장군,11-20,<100,MISSING,62.9,49.8
26710-498,"금광타워",기장군,11-20,<100,MISSING,56.3,50.1
26710-512,"동국에버리치",기장군,11-20,<100,MISSING,55.2,50.2
26710-666,"쌍용더플래티넘오시리아",기장군,0-10,100-299,KNOWN,29.6,76.3
26710-384,"씨엘늘채움",기장군,11-20,100-299,KNOWN,38.1,54.3
26710-538,"베로나",기장군,11-20,<100,MISSING,45.7,48.9
26710-547,"비룡벨로스텔라",기장군,11-20,<100,MISSING,38.7,53.3
26710-558,"노블비치",기장군,21-30,<100,MISSING,26.8,36.6
26710-575,"삼화펠리스힐아파트",기장군,0-10,<100,MISSING,48.0,52.3
26710-41,"재흥",기장군,31+,100-299,MISSING,24.4,39.4
26710-78,"테마하이츠빌",기장군,21-30,<100,MISSING,40.2,36.4
26710-58,"부산기장포스코더샵",기장군,21-30,100-299,KNOWN,55.4,51.3
26710-40,"성림",기장군,31+,<100,KNOWN,25.1,27.3
26710-54,"월드파크A동",기장군,21-30,unknown,MISSING,56.4,51.4
26710-69,"가화만사성4차",기장군,21-30,unknown,MISSING,47.5,51.4
26710-52,"금강센스빌제101동",기장군,21-30,unknown,MISSING,54.9,49.6
26350-174,"경동",해운대구,31+,unknown,MISSING,34.6,35.2
26140-1233,"에코팰리스3",서구,0-10,<100,MISSING,57.1,59.0
26440-44,"협성·DS엘리시안",강서구,11-20,1000+,KNOWN,53.7,77.4
26440-104,"명지더웨스턴",강서구,0-10,unknown,MISSING,56.1,80.8
26440-118,"명지국제신도시삼정그린코아더베스트",강서구,0-10,300-499,KNOWN,54.1,81.4
26140-1236,"헤리츠아파트3차",서구,0-10,<100,MISSING,66.1,60.5
26140-1246,"마린포시즌2차",서구,0-10,<100,MISSING,58.5,58.8
26140-212,"봄여름가을겨울",서구,21-30,100-299,MISSING,70.7,56.7
26140-1228,"서대신부백자연애",서구,0-10,<100,MISSING,65.4,59.4
26140-1289,"동대신역비스타동원아파트",서구,0-10,500-999,KNOWN,59.2,80.0
26140-193,"부민e편한세상",서구,21-30,500-999,KNOWN,60.6,63.7
26710-98,"동우그린빌라가동",기장군,21-30,unknown,MISSING,52.1,44.2
26710-85,"지우센텀",기장군,21-30,unknown,MISSING,44.1,49.6
26710-73,"금강궁전-1",기장군,31+,unknown,MISSING,43.1,28.0
26710-541,"리츠빌리지",기장군,11-20,unknown,MISSING,38.1,71.6
26710-540,"리츠빌리지",기장군,11-20,unknown,MISSING,48.3,71.6
26140-1129,"대신공원한신휴플러스",서구,11-20,300-499,KNOWN,57.9,69.0
26140-51,"협성르네상스",서구,21-30,300-499,KNOWN,64.0,64.8
26140-115,"송도혜성비치타운",서구,31+,100-299,MISSING,25.1,41.0
26140-31,"신우빌라",서구,21-30,<100,MISSING,63.4,33.1
26140-97,"삼경빌라맨션",서구,31+,100-299,KNOWN,46.1,35.0
26140-920,"송도봄여름가을겨울",서구,11-20,<100,MISSING,43.2,48.5
26140-1283,"충무대로봄여름가을겨울",서구,0-10,100-299,KNOWN,60.9,72.4
26140-1196,"송도서린엘마르",서구,0-10,100-299,KNOWN,29.8,65.1
26140-40,"남성한빛가든",서구,21-30,500-999,KNOWN,50.0,54.1
26140-928,"송도동일스위트",서구,11-20,100-299,KNOWN,39.6,53.9
26140-121,"한성빌라",서구,21-30,<100,MISSING,52.8,34.5
26140-18,"정림파크",서구,31+,<100,MISSING,45.7,27.9
26140-99,"송도삼정비치맨션",서구,31+,100-299,MISSING,38.3,33.9
26140-177,"아크로폴리스",서구,21-30,<100,MISSING,62.6,45.4
26140-2,"진흥목화",서구,21-30,<100,MISSING,62.5,36.7
26140-1149,"대신타워펠리스",서구,11-20,<100,MISSING,68.6,53.3
26140-82,"LG마린타워",서구,21-30,<100,MISSING,39.1,43.1
26140-143,"에메랄드21",서구,21-30,<100,MISSING,65.5,34.7
26140-1040,"서영펠로우",서구,11-20,<100,MISSING,66.8,45.3
26140-103,"신익별장",서구,31+,100-299,KNOWN,44.1,31.3
26140-1190,"한성그린아파트",서구,0-10,<100,MISSING,71.7,52.9
26140-104,"송도자유비치",서구,21-30,100-299,MISSING,49.3,51.9
26140-73,"대림비치",서구,21-30,300-499,KNOWN,37.4,56.3
26140-26,"대진골든빌리지",서구,31+,unknown,MISSING,58.0,24.8
26140-1272,"서대신부백더자연애아파트",서구,0-10,unknown,MISSING,75.0,83.2
26140-66,"남부",서구,31+,<100,MISSING,55.3,20.0
26140-175,"서원비동",서구,21-30,unknown,MISSING,65.7,47.8
26140-142,"영촌아트빌",서구,21-30,<100,MISSING,64.8,36.0
26140-87,"현대타운",서구,21-30,100-299,MISSING,56.1,48.5
26140-209,"구덕하이츠",서구,31+,<100,MISSING,38.2,26.9
26140-74,"대진타워맨션",서구,31+,100-299,MISSING,38.7,32.3
26140-167,"대신센츄럴타운",서구,21-30,<100,MISSING,60.8,40.7
26140-1193,"다사랑빌",서구,0-10,<100,MISSING,64.3,53.1
26140-208,"(76-0)",서구,21-30,<100,MISSING,62.5,33.5
26140-173,"서원에이동",서구,21-30,unknown,MISSING,66.1,47.8
26140-1207,"태양아르떼",서구,0-10,<100,MISSING,56.8,51.2
26140-1221,"충무에코팰리스2차",서구,0-10,<100,MISSING,62.1,58.8
26140-1337,"충무6차에코팰리스",서구,0-10,<100,MISSING,60.2,68.2
26140-191,"골든캐슬",서구,21-30,<100,MISSING,67.0,43.7
26140-90,"고려빌라맨션",서구,31+,<100,MISSING,42.8,28.9
26140-1157,"서원블루오션C동",서구,11-20,<100,MISSING,64.0,51.9
26140-159,"위너스빌",서구,21-30,<100,MISSING,61.9,36.0
26140-952,"허브센티움",서구,11-20,<100,MISSING,67.4,46.3
26140-1261,"세영엘도라도A동",서구,0-10,unknown,MISSING,73.2,80.8
26140-170,"송천",서구,31+,<100,MISSING,54.7,16.9
26140-32,"자유",서구,31+,<100,MISSING,46.2,25.8
26140-35,"향원에이스타운(79)",서구,21-30,unknown,MISSING,63.4,44.2
26140-1209,"한우리타워4차",서구,0-10,unknown,MISSING,71.5,78.4
26140-1286,"툇마루家",서구,0-10,unknown,MISSING,77.0,85.6
26140-1107,"부백자연애",서구,11-20,<100,MISSING,70.7,48.2
26140-1294,"남명더라우부용",서구,0-10,unknown,MISSING,72.7,88.0
26140-55,"대근아트",서구,21-30,<100,MISSING,60.3,32.4
26140-41,"대림e편한세상",서구,21-30,100-299,KNOWN,42.8,48.2
26140-1081,"서대신엔스타(278-2)",서구,11-20,unknown,MISSING,66.0,69.4
26140-996,"파크갤러리아파트",서구,11-20,unknown,MISSING,28.6,65.0
26140-1050,"헤리츠아파트",서구,11-20,unknown,MISSING,73.3,67.2
26140-979,"리치W도시형생활주택",서구,11-20,<100,MISSING,69.2,51.8
26140-37,"희망센츄럴타운",서구,21-30,<100,MISSING,64.2,40.1
26140-38,"구덕",서구,31+,<100,MISSING,53.0,20.8
26140-1039,"대승스위트",서구,11-20,<100,MISSING,63.4,44.9
26140-9,"카멜롯",서구,21-30,<100,MISSING,50.7,34.7
26140-62,"수근에이스타운",서구,21-30,<100,MISSING,65.1,41.6
26140-52,"화인",서구,31+,<100,MISSING,47.5,33.9
26140-45,"대윤스위트",서구,21-30,<100,MISSING,60.7,32.6
26140-100,"송도맨션",서구,31+,<100,MISSING,28.8,17.5
26140-166,"대신타워빌",서구,21-30,<100,MISSING,59.3,39.3
26140-210,"배서티안타워",서구,21-30,unknown,MISSING,60.6,53.2
26140-145,"용문빌리지",서구,21-30,unknown,MISSING,69.0,49.6
26260-2084,"동래지웰",동래구,0-10,100-299,KNOWN,49.8,67.9
26260-120,"동원",동래구,31+,100-299,MISSING,53.3,31.7
26350-2400,"해피투모로우",해운대구,0-10,unknown,MISSING,52.4,88.0
26350-2152,"해운대SKVIEW",해운대구,11-20,100-299,KNOWN,63.1,62.8
26350-218,"장산하이츠빌라",해운대구,21-30,<100,MISSING,54.9,32.4
26350-153,"그린파크",해운대구,31+,<100,MISSING,38.4,25.8
26350-2143,"현대아쿠아팰리스해운대",해운대구,11-20,100-299,MISSING,57.9,54.8
26350-52,"한보장산",해운대구,31+,<100,MISSING,37.2,32.4
26350-31,"대신맨션",해운대구,31+,<100,MISSING,56.8,36.6
26350-144,"태원빌리지",해운대구,21-30,<100,MISSING,46.3,35.0
26350-71,"동남하이츠맨션",해운대구,31+,<100,MISSING,47.4,34.7
26350-75,"삼강",해운대구,31+,unknown,MISSING,47.1,17.6
26260-2434,"더샵온천헤리티지",동래구,0-10,100-299,KNOWN,64.0,78.8
26350-241,"성우맨션",해운대구,31+,<100,MISSING,43.4,22.1
26350-2096,"해운대신시가지경동메르빌",해운대구,21-30,100-299,KNOWN,63.9,58.9
26350-2113,"뷔센하우스",해운대구,11-20,<100,MISSING,30.1,39.3
26350-2338,"센텀더세진",해운대구,0-10,<100,MISSING,61.0,54.4
26350-82,"삼주",해운대구,31+,<100,MISSING,47.2,30.5
26350-2213,"센텀시티더블유",해운대구,11-20,<100,MISSING,61.7,46.8
26350-2151,"해운대엔스타",해운대구,11-20,<100,KNOWN,55.1,50.2
26350-15,"삼호가든맨션",해운대구,31+,unknown,MISSING,49.9,19.2
26350-290,"삼보로얄캐슬",해운대구,21-30,<100,MISSING,41.0,40.1
26350-177,"광하주택3",해운대구,31+,unknown,MISSING,47.0,26.4
26350-220,"일번로얄주택",해운대구,31+,unknown,MISSING,56.7,28.0
26350-295,"영동써니",해운대구,31+,<100,MISSING,17.6,26.0
26350-2331,"남평엔시티",해운대구,0-10,<100,MISSING,40.4,56.1
26350-196,"삼한3차301동",해운대구,21-30,100-299,KNOWN,34.1,47.4
26350-148,"금강비치빌",해운대구,21-30,<100,MISSING,37.0,35.3
26350-169,"현대3",해운대구,31+,100-299,MISSING,32.9,49.7
26350-298,"청목마리안",해운대구,21-30,100-299,KNOWN,58.2,52.1
26350-2165,"해운대협성엠파이어",해운대구,11-20,<100,KNOWN,44.2,54.9
26350-57,"센텀협성",해운대구,31+,unknown,MISSING,52.6,21.6
26350-2115,"해운대한솔솔파크",해운대구,11-20,unknown,MISSING,44.1,55.0
26350-175,"광하주택A동",해운대구,31+,<100,MISSING,55.0,28.9
26350-181,"삼정그린코아",해운대구,31+,100-299,MISSING,54.5,49.2
26350-277,"백세해운대빌라1차",해운대구,31+,unknown,MISSING,30.7,35.2
26350-2296,"센텀에코하임",해운대구,11-20,<100,MISSING,59.1,52.4
26350-217,"남양로얄타운",해운대구,31+,unknown,MISSING,53.5,31.6
26350-2230,"디어하임센텀",해운대구,11-20,<100,MISSING,60.4,46.9
26350-2337,"센텀드림힐",해운대구,0-10,<100,KNOWN,54.2,55.9
26350-262,"대림엠파이어빌라",해운대구,31+,<100,MISSING,23.7,25.8
26350-179,"동삼초원",해운대구,31+,unknown,MISSING,39.2,31.6
26350-354,"장산상가맨션",해운대구,31+,unknown,MISSING,38.2,28.0
26350-252,"벨로스",해운대구,21-30,<100,MISSING,44.2,36.6
26350-69,"대림비치",해운대구,31+,100-299,MISSING,53.4,28.0
26350-44,"유창맨션",해운대구,31+,<100,MISSING,50.5,22.7
26350-216,"유림빌라",해운대구,31+,<100,MISSING,53.8,27.9
26350-2346,"럭스빌비치",해운대구,0-10,<100,MISSING,38.9,55.0
26350-36,"서해재송",해운대구,31+,<100,KNOWN,53.6,26.8
26350-46,"이화맨션",해운대구,31+,<100,MISSING,48.8,31.1
26350-296,"라온힐즈",해운대구,31+,unknown,MISSING,17.5,31.6
26350-185,"영화",해운대구,31+,unknown,MISSING,49.9,19.2
26350-200,"상림팰리스빌",해운대구,21-30,unknown,MISSING,26.7,49.6
26350-2228,"센텀캐슬",해운대구,11-20,<100,MISSING,58.2,48.2
26350-204,"동서하이빌아파트",해운대구,21-30,<100,MISSING,19.7,36.9
26350-157,"삼익그린맨션",해운대구,31+,100-299,MISSING,51.6,32.6
26350-201,"아시아나비치",해운대구,21-30,<100,MISSING,36.9,36.8
26350-297,"그린빌라",해운대구,31+,unknown,MISSING,16.7,28.0
26350-284,"중동맨션",해운대구,31+,unknown,MISSING,40.3,13.6
26350-77,"삼성타워",해운대구,31+,unknown,MISSING,45.2,33.4
26350-276,"동부썬빌라",해운대구,31+,unknown,MISSING,21.2,31.6
26350-361,"동부문빌라",해운대구,21-30,unknown,MISSING,25.1,38.8
26350-299,"해운대석포로얄캐슬",해운대구,21-30,<100,MISSING,45.9,36.9
26350-292,"신우비치맨션",해운대구,31+,unknown,MISSING,36.1,28.0
26350-188,"영광그린파크(나)",해운대구,31+,unknown,MISSING,50.5,31.6
26350-61,"센텀대원",해운대구,21-30,<100,KNOWN,52.1,35.9
26350-59,"센텀삼흥",해운대구,31+,unknown,MISSING,48.3,20.0
26350-246,"성완아이렉스원룸",해운대구,21-30,unknown,MISSING,64.8,46.0
26350-8,"동부올림픽타운",해운대구,21-30,1000+,KNOWN,61.8,65.5
26350-108,"경남",해운대구,21-30,unknown,MISSING,42.3,38.8
26350-2127,"경동메르빌골드",해운대구,11-20,<100,KNOWN,37.2,51.7
26350-2145,"대우월드마크센텀",해운대구,11-20,300-499,KNOWN,58.6,73.7
26350-43,"영광그린파크(가)",해운대구,31+,unknown,MISSING,52.9,31.6
26320-137,"삼한힐파크",북구,21-30,500-999,KNOWN,61.6,65.6
26320-1460,"쌍용스윗닷홈",북구,21-30,500-999,KNOWN,60.3,64.9
26320-17,"삼정그린코아",북구,21-30,500-999,KNOWN,56.5,60.2
26320-1542,"화명롯데캐슬카이저",북구,11-20,1000+,KNOWN,63.8,81.7
26320-110,"동원",북구,31+,500-999,KNOWN,57.4,50.9
26320-1732,"더 래디언트 금정산",북구,0-10,1000+,KNOWN,65.9,82.7
26320-15,"부광맨션",북구,31+,<100,MISSING,53.5,28.2
26320-138,"화명그린힐",북구,21-30,100-299,KNOWN,59.9,56.1
26320-34,"금곡5단지주공",북구,31+,500-999,KNOWN,53.4,50.5
26320-1785,"포레나부산덕천2차",북구,0-10,500-999,KNOWN,74.0,85.4
26320-27,"구포현대",북구,31+,1000+,KNOWN,57.8,54.5
26320-153,"수정강변타운",북구,21-30,1000+,KNOWN,55.9,63.3
26320-1483,"덕천삼정그린코아",북구,11-20,500-999,KNOWN,57.4,67.4
26320-33,"금곡3단지주공",북구,31+,1000+,KNOWN,51.5,53.7
26320-1606,"구포동원로얄듀크비스타",북구,11-20,1000+,KNOWN,61.7,77.9
26320-115,"만덕2주공",북구,21-30,300-499,KNOWN,62.7,53.8
26320-1740,"이편한세상금정산",북구,0-10,1000+,KNOWN,61.9,85.4
26320-189,"유림노르웨이숲",북구,21-30,1000+,KNOWN,45.7,67.8
26320-1763,"포레나부산덕천1차",북구,0-10,500-999,KNOWN,72.1,83.0
26320-39,"화명한일유앤아이",북구,21-30,1000+,KNOWN,60.8,64.8
26320-152,"대림쌍용강변타운",북구,21-30,1000+,KNOWN,62.8,70.6
26320-1738,"화명푸르지오헤리센트",북구,0-10,500-999,KNOWN,63.9,85.3
26350-2384,"센텀리슈빌1단지",해운대구,0-10,100-299,KNOWN,63.9,73.4
26350-302,"협성프라임빌",해운대구,21-30,300-499,KNOWN,44.2,59.2
26320-1599,"엘가",북구,11-20,<100,MISSING,57.1,58.3
26320-61,"롯데낙천대",북구,21-30,1000+,KNOWN,72.3,68.7
26320-1659,"백양디이스트(1단지)",북구,11-20,1000+,MISSING,63.9,83.6
26320-1755,"백양산베스티움에코포레",북구,0-10,500-999,KNOWN,44.1,80.5
26320-1746,"백양디이스트(3단지)",북구,11-20,100-299,MISSING,67.5,66.1
26320-13,"벽산그린필드",북구,31+,100-299,KNOWN,41.7,42.3
26320-1489,"만덕3휴먼시아",북구,11-20,300-499,KNOWN,63.7,64.2
26320-32,"협진태양·조성아파트",북구,31+,500-999,KNOWN,51.0,50.6
26320-57,"화명유림",북구,21-30,500-999,KNOWN,51.4,55.8
26320-130,"그린숲속아파트",북구,21-30,500-999,KNOWN,43.4,54.9
26320-2,"곡산주택",북구,31+,<100,KNOWN,31.7,32.1
26320-46,"대림타운",북구,21-30,1000+,KNOWN,63.0,65.2
26320-1734,"덕천역이즈카운티",북구,0-10,100-299,KNOWN,72.6,68.6
26320-1759,"화명플리체비스타동원",북구,0-10,300-499,KNOWN,58.2,78.6
26320-107,"대성타워",북구,31+,500-999,MISSING,68.7,55.6
26320-42,"경남아너스빌",북구,21-30,500-999,KNOWN,58.8,61.7
26320-54,"코오롱",북구,21-30,300-499,KNOWN,48.2,55.1
26320-60,"대우이안",북구,21-30,500-999,KNOWN,65.0,65.0
26320-1653,"e편한세상화명힐스",북구,11-20,500-999,KNOWN,74.4,79.7
26320-38,"벽산삼협한솔",북구,31+,500-999,KNOWN,61.7,56.5
26320-1668,"태성캐슬",북구,0-10,<100,KNOWN,55.5,59.8
26320-65,"대방",북구,31+,100-299,KNOWN,59.4,46.1
26320-55,"화명2차현대",북구,21-30,500-999,KNOWN,61.2,63.7
26320-48,"벽산강변타운",북구,31+,1000+,KNOWN,56.9,57.3
26320-1640,"신화명리버뷰자이",북구,11-20,500-999,KNOWN,50.7,76.2
26290-55,"유창1",남구,31+,100-299,MISSING,34.0,37.8
26320-63,"코오롱하늘채1차",북구,21-30,1000+,MISSING,63.1,68.0
26320-1684,"어반펠리체",북구,0-10,<100,MISSING,62.7,53.3
26260-2119,"온천삼정그린코아더베스트",동래구,0-10,300-499,KNOWN,65.3,76.8
26320-176,"동원로얄듀크",북구,21-30,1000+,KNOWN,54.6,69.6
26320-1621,"동원역삼정그린코아",북구,11-20,500-999,KNOWN,58.3,71.8
26320-59,"화명현대",북구,21-30,100-299,KNOWN,66.6,57.0
26320-62,"코오롱하늘채2차",북구,21-30,1000+,KNOWN,64.8,67.9
26320-131,"도시화명그린(206)",북구,21-30,300-499,KNOWN,52.0,48.0
26320-1710,"해피투모로우",북구,0-10,100-299,KNOWN,60.2,66.6
26320-47,"도시화명그린(295)",북구,21-30,500-999,KNOWN,45.2,53.5
26320-156,"롯데",북구,21-30,500-999,KNOWN,59.0,64.4
26320-40,"금곡화목타운",북구,31+,500-999,KNOWN,50.6,52.2
26320-1742,"리버파크반도유보라",북구,0-10,500-999,KNOWN,73.4,82.3
26320-30,"유림(1차)",북구,31+,100-299,KNOWN,47.8,44.1
26320-1745,"백양디이스트(2단지)",북구,11-20,300-499,MISSING,59.0,72.9
26320-126,"협성파크",북구,21-30,300-499,KNOWN,56.4,51.5
26320-117,"만덕베르빌",북구,21-30,300-499,KNOWN,62.8,54.9
26320-113,"럭키",북구,31+,500-999,MISSING,61.5,55.9
26320-29,"유림2차(1)",북구,31+,100-299,KNOWN,54.4,47.6
26320-4,"구포대성아파트",북구,31+,300-499,MISSING,56.7,47.3
26320-70,"덕천주공1",북구,31+,1000+,MISSING,53.4,57.1
26320-1473,"상록한신휴플러스",북구,11-20,500-999,KNOWN,59.0,67.1
26320-119,"만덕현대",북구,21-30,100-299,KNOWN,58.5,46.0
26320-151,"화명뜨란채",북구,21-30,500-999,KNOWN,58.9,64.7
26320-1729,"구포2차봄여름가을겨울",북구,0-10,100-299,KNOWN,65.1,70.7
26320-28,"협진태양",북구,21-30,300-499,MISSING,62.4,53.9
26320-87,"아남프라자",북구,21-30,100-299,MISSING,71.7,53.9
26320-103,"성훈강변",북구,21-30,100-299,MISSING,46.3,49.3
26320-71,"덕천한라",북구,31+,100-299,KNOWN,57.5,35.2
26320-77,"부국2",북구,31+,<100,MISSING,63.4,28.0
26320-6,"대진",북구,31+,100-299,MISSING,54.6,33.9
26320-16,"삼경장미",북구,31+,100-299,KNOWN,48.7,39.8
26320-145,"유림노르웨이숲",북구,21-30,100-299,KNOWN,51.3,53.9
26320-116,"만덕대진",북구,31+,unknown,MISSING,48.7,14.4
26320-31,"유림2차(2)",북구,31+,100-299,KNOWN,51.6,48.3
26320-123,"삼성",북구,31+,500-999,MISSING,63.9,51.2
26320-1484,"구포유림노르웨이숲2차",북구,11-20,100-299,KNOWN,51.3,59.0
26320-136,"화명리버빌2차",북구,21-30,500-999,KNOWN,55.7,63.8
26320-25,"태평양그린",북구,31+,unknown,MISSING,36.1,33.4
26320-35,"금곡6단지주공",북구,31+,500-999,KNOWN,56.7,49.5
26320-85,"승산벽산",북구,31+,100-299,KNOWN,57.9,37.6
26320-1642,"화명2차동원로얄듀크비스타",북구,11-20,300-499,KNOWN,66.4,72.2
26320-129,"도시화명그린(313)",북구,21-30,300-499,KNOWN,42.3,47.8
26320-1600,"율리역벽산블루밍1단지",북구,11-20,300-499,KNOWN,62.8,71.8
26320-86,"신도",북구,31+,100-299,MISSING,60.2,30.4
26320-1,"경원골든",북구,31+,100-299,KNOWN,36.1,35.8
26320-94,"한성",북구,31+,300-499,MISSING,55.8,41.9
26320-1482,"성림누리아라",북구,11-20,100-299,KNOWN,61.5,52.1
26320-12,"벽산그린타운",북구,31+,100-299,KNOWN,32.0,38.5
26320-23,"태경",북구,31+,100-299,KNOWN,42.5,39.1
26320-51,"화명그린파크맨션",북구,31+,300-499,MISSING,62.1,45.4
26320-1613,"어반빌리지",북구,11-20,<100,MISSING,56.3,52.7
26320-169,"구포오바드빌",북구,21-30,<100,MISSING,58.3,44.0
26320-1543,"레지던스라움",북구,11-20,100-299,MISSING,65.1,59.8
26320-1680,"구포봄여름가을겨울아파트",북구,0-10,100-299,KNOWN,61.4,67.3
26320-112,"동일",북구,21-30,300-499,KNOWN,56.5,56.7
26320-95,"한성맨션1동~3동",북구,31+,100-299,KNOWN,56.5,32.5
26320-93,"청우파크맨션",북구,31+,100-299,KNOWN,60.8,39.0
26320-1509,"금정산센트럴포레",북구,11-20,100-299,KNOWN,66.5,60.7
26320-1475,"대우이안",북구,11-20,100-299,KNOWN,45.5,56.4
26320-5,"구포대우",북구,31+,100-299,KNOWN,41.7,39.6
26320-188,"부영벽산파라빌",북구,21-30,100-299,KNOWN,58.5,55.4
26320-52,"우신",북구,31+,300-499,MISSING,59.7,44.0
26320-84,"성우아파트",북구,31+,100-299,MISSING,62.6,30.1
26320-121,"벽산라인훼미리",북구,31+,300-499,KNOWN,61.3,47.3
26320-24,"태평양",북구,31+,100-299,KNOWN,34.8,39.7
26320-20,"에이스타운",북구,21-30,100-299,KNOWN,66.5,42.9
26320-1747,"백양디이스트(4단지)",북구,11-20,<100,MISSING,62.4,53.7
26320-132,"소호(8동)",북구,31+,unknown,MISSING,52.6,18.4
26320-163,"낙원타워",북구,21-30,<100,MISSING,62.6,36.3
26320-8,"구포동성가든타워",북구,31+,100-299,MISSING,51.3,39.9
26320-140,"부송빌라",북구,21-30,<100,MISSING,56.5,36.4
26320-1676,"지움포유",북구,0-10,<100,MISSING,59.1,56.0
26320-1722,"구포윤창비에이치타운",북구,0-10,100-299,MISSING,60.6,67.4
26320-1666,"홍익빌레트",북구,0-10,<100,MISSING,67.1,52.0
26320-1633,"비룡벨로스텔라",북구,11-20,<100,MISSING,58.7,53.8
26320-1712,"을숙도아침",북구,0-10,<100,MISSING,61.9,56.1
26320-142,"경일",북구,21-30,<100,MISSING,58.4,46.9
26320-14,"벽산그린필드2차",북구,31+,<100,KNOWN,35.0,37.0
26320-1622,"율리역벽산블루밍2단지",북구,11-20,100-299,KNOWN,56.7,59.1
26320-10,"백양",북구,31+,100-299,KNOWN,29.2,35.2
26320-104,"신촌맥스빌",북구,31+,<100,KNOWN,62.3,27.8
26320-58,"화명장원맨션",북구,31+,<100,MISSING,45.2,31.1
26320-108,"덕화",북구,31+,<100,MISSING,55.1,24.4
26320-78,"부국3",북구,31+,<100,MISSING,63.7,25.8
26320-89,"일동파크맨션",북구,31+,100-299,MISSING,42.0,34.9
26320-75,"무궁화(337-2)",북구,31+,<100,MISSING,57.5,28.7
26290-39,"일신프리빌리지",남구,21-30,500-999,KNOWN,50.8,52.6
26290-1936,"문현동태영데시앙",남구,11-20,300-499,KNOWN,67.7,62.3
26290-1980,"오륙도에스케이뷰",남구,11-20,1000+,KNOWN,41.2,78.4
26290-61,"뉴서울",남구,21-30,300-499,KNOWN,46.4,49.9
26290-2749,"대연양우내안애퍼스트",남구,0-10,500-999,KNOWN,57.5,83.1
26290-2762,"대연삼정그린코아더베스트",남구,0-10,300-499,KNOWN,49.4,76.7
26290-279,"부산대연동푸르지오",남구,21-30,500-999,KNOWN,68.4,65.5
26290-2625,"대연롯데캐슬레전드1단지",남구,0-10,1000+,KNOWN,67.6,84.2
26290-31,"동산그린",남구,31+,100-299,MISSING,53.8,34.3
26320-182,"화목빌라(776-8)",북구,21-30,unknown,MISSING,58.2,49.6
26320-26,"한창데파트",북구,31+,<100,MISSING,49.6,32.6
26320-1651,"프라임시티",북구,11-20,<100,MISSING,57.6,48.1
26290-2646,"베스티움",남구,0-10,500-999,KNOWN,68.4,79.2
26290-2643,"대연자이",남구,0-10,500-999,KNOWN,58.7,81.7
26290-238,"오륙도 뜨란채",남구,21-30,300-499,KNOWN,52.0,54.4
26290-12,"삼성",남구,21-30,300-499,KNOWN,49.0,53.6
26290-3241,"대연푸르지오클라센트1단지",남구,0-10,500-999,KNOWN,51.7,86.1
26290-45,"용당대광",남구,21-30,100-299,MISSING,34.5,46.5
26290-79,"벽산기린",남구,31+,300-499,MISSING,58.6,45.5
26260-2266,"더샵동래",동래구,0-10,500-999,KNOWN,66.5,84.8
26290-3238,"더비치푸르지오써밋",남구,0-10,1000+,KNOWN,63.9,90.3
26290-2572,"문현범양레우스",남구,0-10,100-299,KNOWN,59.3,67.7
26290-2315,"대연힐스테이트푸르지오",남구,11-20,1000+,KNOWN,68.4,81.6
26290-89,"장백장미타워1",남구,21-30,100-299,KNOWN,30.1,47.4
26290-2626,"대연롯데캐슬레전드2단지",남구,0-10,100-299,KNOWN,60.8,70.5
26290-3227,"데시앙해링턴플레이스파크시티",남구,0-10,1000+,KNOWN,58.3,86.3
26290-2316,"쌍용예가",남구,11-20,500-999,KNOWN,48.5,72.9
26290-17,"청구",남구,21-30,500-999,KNOWN,29.4,64.6
26290-58,"하얏트",남구,31+,100-299,MISSING,42.2,40.5
26290-25,"경동",남구,31+,300-499,KNOWN,47.4,47.2
26290-2602,"더블유",남구,0-10,1000+,KNOWN,61.5,87.4
26290-48,"현대아이파크",남구,21-30,500-999,KNOWN,32.5,63.1
26290-2637,"대연파크푸르지오",남구,0-10,1000+,KNOWN,54.2,81.2
26290-60,"현대2",남구,21-30,100-299,MISSING,37.5,50.6
26290-29,"동보빌라맨션",남구,31+,<100,MISSING,45.3,28.6
26290-69,"자유1",남구,31+,100-299,MISSING,45.8,46.3
26290-81,"시티프라자",남구,21-30,500-999,MISSING,58.2,59.4
26290-259,"동천맨션",남구,31+,<100,MISSING,53.8,19.6
26290-1949,"문현이안",남구,11-20,100-299,MISSING,63.2,59.3
26290-2777,"오션파라곤아파트",남구,0-10,<100,KNOWN,38.4,53.5
26290-1885,"경동메르빌",남구,21-30,300-499,KNOWN,35.6,61.8
26290-274,"우암중앙하이츠아파트",남구,21-30,300-499,KNOWN,48.3,60.9
26290-1956,"대연동에스케이뷰",남구,11-20,300-499,KNOWN,50.1,67.1
26260-176,"삼성타운",동래구,21-30,300-499,MISSING,62.6,55.5
26290-1935,"한화꿈에그린",남구,11-20,100-299,KNOWN,61.2,57.4
26290-14,"삼익그린",남구,21-30,500-999,KNOWN,29.7,62.9
26290-73,"대림",남구,31+,100-299,MISSING,47.1,31.1
26290-2429,"대연롯데캐슬",남구,11-20,500-999,KNOWN,69.7,76.7
26290-2712,"문현경동리인아파트",남구,0-10,500-999,KNOWN,58.6,79.9
26290-3240,"힐스테이트대연센트럴",남구,0-10,300-499,KNOWN,71.6,82.4
26290-271,"아침햇살",남구,21-30,100-299,KNOWN,59.0,50.5
26290-33,"동일타운",남구,31+,300-499,MISSING,46.7,50.1
26290-35,"벽산화이트타워",남구,31+,300-499,KNOWN,44.4,46.5
26290-20,"현대(1203-47)",남구,21-30,300-499,MISSING,50.0,53.8
26290-53,"우암자유4",남구,31+,100-299,MISSING,45.1,47.9
26290-80,"삼성",남구,21-30,500-999,KNOWN,65.6,67.5
26290-32,"동원",남구,31+,<100,MISSING,43.2,35.5
26290-93,"엘지메트로시티4-2(230~238)",남구,21-30,1000+,KNOWN,56.1,73.8
26290-94,"엘지메트로시티4-1(201-214)",남구,21-30,1000+,KNOWN,56.1,73.8
26290-96,"마로니에타운",남구,21-30,100-299,MISSING,66.4,50.9
26290-2499,"대동레미안7",남구,11-20,<100,MISSING,62.1,50.8
26290-88,"문현삼성힐타워",남구,21-30,300-499,MISSING,66.0,60.2
26290-2639,"아이홈대연",남구,0-10,<100,MISSING,66.9,58.8
26290-1926,"보람더하임",남구,11-20,100-299,MISSING,62.6,57.2
26290-2632,"대연SKVIEWHills",남구,0-10,500-999,KNOWN,74.6,82.0
26290-27,"도시타워",남구,31+,100-299,KNOWN,36.3,40.5
26290-5,"대우그린1",남구,21-30,500-999,KNOWN,29.7,56.3
26290-68,"일신보라",남구,21-30,500-999,KNOWN,47.6,59.1
26290-59,"감만현대1차",남구,21-30,500-999,MISSING,41.8,60.6
26290-1916,"용호동일신님(林)Ⅱ",남구,11-20,unknown,MISSING,45.2,55.0
26290-21,"대연극동StarClass",남구,21-30,300-499,KNOWN,53.6,58.5
26290-258,"성동",남구,31+,unknown,MISSING,49.7,11.4
26290-1947,"신대연코오롱하늘채",남구,11-20,500-999,KNOWN,40.8,70.3
26290-1942,"일동지에닌",남구,11-20,100-299,KNOWN,66.0,56.9
26290-47,"한신문화타운",남구,31+,300-499,MISSING,32.8,46.3
26290-1959,"GS하이츠자이",남구,11-20,1000+,KNOWN,56.4,76.5
26290-84,"한양",남구,31+,100-299,MISSING,55.0,35.6
26290-2423,"벽산e-솔렌스힐",남구,11-20,100-299,KNOWN,67.1,63.5
26290-6,"대우그린2",남구,21-30,100-299,KNOWN,30.2,49.1
26290-2757,"이안오션파크W",남구,0-10,100-299,KNOWN,45.8,71.4
26290-15,"신원",남구,21-30,300-499,KNOWN,33.1,55.0
26290-1946,"롯데캐슬아인스",남구,11-20,300-499,KNOWN,52.1,62.3
26290-189,"지산로얄(1724-1)",남구,21-30,unknown,MISSING,53.3,47.8
26290-97,"베르디하우스",남구,21-30,<100,MISSING,70.5,45.6
26290-211,"남산하이빌",남구,21-30,<100,MISSING,60.1,39.4
26290-2209,"더샵월드타워",남구,11-20,<100,MISSING,62.7,45.3
26290-2363,"더샵골드",남구,11-20,<100,MISSING,59.4,51.4
26290-86,"현대",남구,21-30,500-999,MISSING,38.1,60.9
26290-1955,"삼한사랑채",남구,11-20,<100,MISSING,57.4,50.4
26290-278,"동원로얄듀크",남구,21-30,300-499,KNOWN,70.7,66.6
26290-1953,"유창그린2차",남구,11-20,300-499,KNOWN,39.1,61.8
26290-54,"우암자유5",남구,21-30,100-299,MISSING,45.8,48.9
26290-72,"대도라이프타운",남구,31+,100-299,KNOWN,46.5,42.0
26290-50,"국제",남구,21-30,300-499,MISSING,49.4,55.1
26290-42,"협진태양",남구,31+,300-499,MISSING,38.2,44.2
26290-82,"우성맨션",남구,31+,100-299,MISSING,42.8,29.2
26290-70,"자유2",남구,31+,300-499,MISSING,40.8,49.2
26290-52,"우암자유3",남구,31+,100-299,KNOWN,42.9,45.7
26290-26,"대광타워맨션",남구,31+,300-499,KNOWN,49.1,51.6
26290-65,"석천",남구,21-30,<100,MISSING,40.4,37.3
26290-74,"대진",남구,31+,<100,MISSING,55.2,27.8
26290-239,"신선맨션",남구,31+,<100,MISSING,24.7,29.1
26290-57,"정원",남구,31+,100-299,MISSING,32.7,30.9
26290-1905,"동일스위트",남구,21-30,500-999,KNOWN,41.0,62.4
26290-3225,"감만우성스마트시티뷰",남구,0-10,100-299,KNOWN,49.0,74.4
26290-4,"대우",남구,21-30,300-499,KNOWN,38.2,51.2
26290-3234,"국제금융센터퀸즈W",남구,0-10,100-299,KNOWN,73.8,80.3
26290-83,"한맥현대",남구,21-30,100-299,MISSING,47.7,43.5
26290-46,"용당창조",남구,31+,unknown,MISSING,32.0,33.4
26290-19,"한우맨션1동",남구,31+,<100,MISSING,50.1,19.9
26290-247,"대원맨션",남구,31+,<100,MISSING,44.9,22.4
26290-41,"현대비치",남구,21-30,500-999,MISSING,53.2,59.3
26290-237,"(용호맨션)",남구,31+,<100,MISSING,39.4,22.5
26290-1939,"세종그랑시아",남구,11-20,100-299,MISSING,59.2,59.2
26290-2494,"스카이빌리지",남구,11-20,<100,MISSING,64.0,52.4
26290-67,"우암대진",남구,31+,100-299,MISSING,38.3,32.3
26290-2546,"한울시너스아파트",남구,0-10,<100,KNOWN,46.3,59.2
26290-2503,"보해이브아파트",남구,11-20,<100,KNOWN,67.1,58.6
26290-9,"마마(1781-66)",남구,31+,100-299,MISSING,48.3,39.3
26290-51,"삼일",남구,31+,100-299,MISSING,35.1,33.2
26290-28,"동방파크",남구,31+,100-299,MISSING,42.7,44.2
26290-75,"동양(302)",남구,31+,<100,MISSING,54.3,27.2
26290-85,"문현해운맨션",남구,31+,100-299,MISSING,42.0,35.1
26290-253,"세영맨션",남구,31+,100-299,MISSING,53.7,34.4
26290-78,"문현파크",남구,31+,<100,MISSING,37.6,30.1
26290-34,"미주",남구,21-30,100-299,KNOWN,58.4,45.0
26290-37,"신익타워",남구,31+,100-299,KNOWN,37.2,40.4
26290-49,"감만현대3",남구,21-30,100-299,MISSING,37.9,49.7
26290-309,"신일맨션",남구,31+,<100,MISSING,34.9,22.1
26290-77,"문현",남구,31+,100-299,MISSING,51.2,28.0
26290-36,"삼성",남구,31+,100-299,MISSING,34.8,37.4
26290-62,"대승하이아트",남구,21-30,100-299,KNOWN,44.8,50.5
26290-150,"도남하이츠",남구,21-30,unknown,MISSING,53.4,46.0
26290-197,"삼원그린(1733-10)",남구,21-30,unknown,MISSING,59.2,47.8
26290-218,"분포맨션",남구,31+,unknown,MISSING,42.0,16.8
26290-2261,"디어하임B",남구,11-20,unknown,MISSING,63.5,67.2
26290-2685,"더샵시티",남구,0-10,<100,MISSING,64.0,61.6
26290-313,"태창맨션",남구,31+,<100,MISSING,44.3,21.2
26290-275,"리버빌",남구,21-30,<100,MISSING,58.0,37.4
26290-2786,"정상리치스",남구,0-10,<100,MISSING,55.4,66.6
26290-265,"한림맨션",남구,31+,<100,MISSING,33.7,23.1
26290-229,"목련5차",남구,31+,<100,MISSING,41.6,24.4
26290-2,"대연그린(281-52)",남구,31+,100-299,KNOWN,38.3,38.3
26290-270,"삼화",남구,31+,<100,MISSING,30.3,19.7
26290-87,"문현2차현대",남구,21-30,300-499,KNOWN,47.8,56.9
26290-43,"화신골든맨션",남구,31+,100-299,MISSING,41.1,38.4
26290-260,"보광맨션",남구,31+,<100,MISSING,49.3,23.7
26290-64,"상경전원",남구,31+,100-299,KNOWN,47.0,36.8
26290-160,"대영(967-1)",남구,31+,unknown,MISSING,41.1,12.0
26290-192,"광이하이빌B동",남구,21-30,unknown,MISSING,57.8,47.8
26290-191,"광이하이빌A동",남구,21-30,unknown,MISSING,55.3,47.8
26290-272,"동경리치타운(1797-8)",남구,21-30,unknown,MISSING,61.7,53.2
26290-215,"부림(1802-8)",남구,21-30,unknown,MISSING,60.6,49.6
26290-114,"아침마을에이동",남구,21-30,unknown,MISSING,53.5,49.6
26290-223,"동림빌라(B)",남구,31+,unknown,MISSING,53.3,31.6
26290-135,"대호(877-6)",남구,21-30,unknown,MISSING,54.0,46.0
26290-227,"목련6차",남구,31+,<100,MISSING,41.1,25.2
26290-2343,"대성문문현퀸즈더블유101",남구,11-20,<100,MISSING,63.4,48.3
26290-2682,"정상네이처빌5차",남구,0-10,<100,MISSING,51.3,57.9
26290-2399,"대성문문현2차퀸즈w",남구,11-20,<100,MISSING,57.4,49.7
26290-251,"양산맨션",남구,31+,<100,MISSING,50.0,17.6
26290-156,"썬그린타워빌",남구,21-30,<100,MISSING,48.9,35.5
26290-2408,"대성문문현3차퀸즈W",남구,11-20,<100,MISSING,64.3,51.4
26290-196,"대륙빌라",남구,31+,<100,MISSING,53.4,24.6
26290-168,"명성빌리지",남구,21-30,<100,MISSING,60.3,36.3
26290-152,"명성금강",남구,21-30,<100,MISSING,50.8,34.2
26290-63,"동일",남구,31+,300-499,MISSING,44.1,44.1
26290-30,"동부타워",남구,31+,100-299,MISSING,43.2,40.8
26290-7,"동남",남구,31+,100-299,MISSING,36.5,38.4
26290-212,"중앙(1781-80)",남구,31+,100-299,MISSING,45.3,26.8
26290-155,"대왕골든빌리지",남구,31+,unknown,MISSING,47.4,31.6
26260-14,"새동래3",동래구,31+,100-299,MISSING,47.4,35.8
26260-61,"동래럭키",동래구,31+,1000+,MISSING,63.5,52.7
26260-1932,"동래퀸즈W",동래구,11-20,100-299,KNOWN,67.3,61.4
26260-2234,"동래래미안아이파크",동래구,0-10,1000+,KNOWN,72.7,87.6
26290-194,"장산파크빌",남구,21-30,unknown,MISSING,61.0,47.8
26290-269,"성도맨션",남구,31+,unknown,MISSING,28.8,16.0
26290-236,"금호천지",남구,31+,unknown,MISSING,37.4,26.4
26290-2640,"이정팰리스",남구,0-10,unknown,MISSING,59.6,83.2
26290-38,"엘지메트로시티1",남구,21-30,1000+,KNOWN,55.7,72.2
26290-2724,"엘지메트로시티4-2(215~220동)",남구,21-30,1000+,KNOWN,56.1,73.8
26260-2127,"충렬지음",동래구,0-10,<100,MISSING,66.9,65.1
26470-1040,"연산동한솔솔파크",연제구,11-20,100-299,MISSING,49.4,55.3
26470-278,"삼익퓨쳐타워",연제구,11-20,300-499,MISSING,60.6,61.0
26470-1410,"부산더샵시티애비뉴",연제구,11-20,100-299,KNOWN,69.7,71.8
26470-40,"쌍용",연제구,21-30,500-999,KNOWN,71.6,62.0
26470-1712,"e편한세상연산더퍼스트",연제구,0-10,300-499,KNOWN,69.4,81.0
26470-1908,"힐스테이트연산",연제구,0-10,1000+,KNOWN,47.5,85.8
26470-1920,"연산포레서희스타힐스",연제구,0-10,500-999,KNOWN,59.7,84.3
26470-1587,"시청역비스타동원",연제구,0-10,500-999,KNOWN,70.7,83.9
26470-1551,"연제롯데캐슬데시앙",연제구,0-10,1000+,KNOWN,72.9,81.6
26470-996,"벽산이-메타폴리스",연제구,21-30,500-999,KNOWN,58.1,60.0
26470-107,"한양(2차)",연제구,31+,100-299,MISSING,44.9,35.1
26470-1017,"온천천쌍용예가",연제구,11-20,300-499,KNOWN,51.5,61.3
26470-1550,"거제센트럴자이",연제구,0-10,500-999,KNOWN,62.0,79.3
26470-1763,"쌍용더플래티넘거제아시아드",연제구,0-10,300-499,KNOWN,52.1,82.5
26470-251,"유림아시아드타워",연제구,21-30,300-499,KNOWN,52.3,57.6
26470-1914,"연제SKVIEWCentral",연제구,0-10,300-499,KNOWN,73.5,80.8
26470-1552,"연산더샵",연제구,0-10,1000+,KNOWN,65.9,81.7
26260-282,"현대그랜드빌라",동래구,31+,<100,MISSING,51.2,25.4
26470-1481,"연산동일동미라주더스타",연제구,0-10,500-999,KNOWN,62.6,76.1
26470-1005,"연산동현대홈타운",연제구,21-30,300-499,KNOWN,41.7,60.7
26470-1383,"더샵파크시티",연제구,11-20,1000+,KNOWN,56.9,81.5
26470-63,"동양(706-2)",연제구,31+,unknown,MISSING,60.1,17.6
26470-1296,"연산경동메르빌",연제구,11-20,300-499,KNOWN,63.8,72.7
26470-1438,"태광리치뷰",연제구,0-10,<100,MISSING,61.8,53.1
26470-1447,"성일이안시티",연제구,0-10,100-299,MISSING,62.8,61.7
26470-1545,"어반힐즈",연제구,0-10,<100,MISSING,73.9,59.5
26260-1472,"명륜동SK-VIEW",동래구,11-20,100-299,KNOWN,55.0,60.8
26470-170,"청마",연제구,31+,<100,MISSING,39.1,19.2
26470-279,"우성로얄",연제구,31+,<100,MISSING,54.6,17.4
26470-1484,"웰메이드홈",연제구,0-10,<100,KNOWN,64.0,59.6
26470-20,"부원",연제구,31+,<100,MISSING,49.4,26.3
26470-1084,"아시아드푸르지오",연제구,11-20,300-499,KNOWN,58.8,72.1
26470-1460,"센텀리버SKVIEW",연제구,0-10,500-999,KNOWN,59.6,76.7
26470-26,"유림아시아드",연제구,21-30,1000+,KNOWN,64.6,69.8
26470-1032,"거제유림노르웨이숲",연제구,11-20,300-499,KNOWN,65.9,63.2
26470-41,"거제2차현대홈타운",연제구,21-30,1000+,KNOWN,72.8,66.8
26470-25,"우성",연제구,21-30,100-299,KNOWN,51.3,45.2
26470-1538,"시청역SKVIEW",연제구,0-10,100-299,KNOWN,69.4,76.5
26470-112,"현대(983-9)",연제구,21-30,300-499,KNOWN,41.9,54.5
26470-3048,"레이카운티(2단지)",연제구,0-10,1000+,KNOWN,73.9,89.8
26470-4,"거제동롯데캐슬",연제구,21-30,500-999,KNOWN,56.1,60.2
26470-86,"연산엘지",연제구,21-30,1000+,KNOWN,54.0,66.7
26470-1066,"연산자이",연제구,11-20,1000+,KNOWN,56.1,78.8
26470-1258,"온천천2차동원로얄듀크",연제구,11-20,100-299,KNOWN,51.5,57.7
26470-1374,"부산센텀푸르지오",연제구,11-20,500-999,KNOWN,57.4,73.7
26470-16,"동원타워",연제구,21-30,300-499,KNOWN,53.7,53.0
26470-9,"대우",연제구,31+,300-499,KNOWN,49.4,46.2
26470-1013,"동원베네스트",연제구,11-20,100-299,KNOWN,49.0,53.8
26470-1014,"에스케이뷰",연제구,11-20,unknown,MISSING,62.2,55.0
26470-1490,"월드파크4",연제구,0-10,100-299,MISSING,55.5,63.2
26470-1503,"엘리시움",연제구,0-10,<100,MISSING,63.1,53.6
26470-1521,"태영아너스",연제구,0-10,<100,MISSING,59.9,56.6
26470-156,"청마마이우스",연제구,21-30,100-299,MISSING,55.0,51.7
26470-180,"영일아트빌",연제구,21-30,<100,MISSING,48.6,33.4
26470-199,"삼원",연제구,31+,<100,MISSING,51.2,23.2
26260-183,"명장일양타운",동래구,31+,100-299,MISSING,52.5,40.0
26470-1027,"센텀수영강푸르지오",연제구,11-20,300-499,KNOWN,57.4,63.5
26470-77,"연산삼성타워맨션",연제구,31+,100-299,MISSING,55.9,38.2
26470-81,"선경",연제구,31+,500-999,MISSING,51.3,56.4
26470-1000,"거제동월드메르디앙",연제구,21-30,1000+,KNOWN,58.3,73.2
26470-105,"한성기린",연제구,31+,300-499,MISSING,60.4,52.1
26470-1476,"브라운스톤연제2단지",연제구,0-10,100-299,KNOWN,61.6,66.8
26470-96,"주공",연제구,31+,1000+,KNOWN,46.4,48.8
26470-10,"대우그린",연제구,31+,300-499,KNOWN,40.2,45.0
26470-42,"경남",연제구,31+,100-299,MISSING,53.7,49.1
26470-1507,"아이유파크(IU-PARK)",연제구,0-10,100-299,KNOWN,60.4,66.4
26470-56,"동덕현대",연제구,31+,300-499,MISSING,58.1,53.8
26470-106,"한양(1차)",연제구,31+,500-999,MISSING,49.2,45.2
26260-2095,"동백그린숲",동래구,0-10,<100,MISSING,59.5,58.3
26470-999,"거제동2차동원로얄듀크",연제구,21-30,100-299,KNOWN,54.0,61.2
26470-22,"거제아시아드삼정그린코아",연제구,21-30,300-499,KNOWN,50.4,58.3
26470-1535,"시청스마트더블유",연제구,0-10,100-299,KNOWN,65.2,67.6
26470-250,"거제동3차동원로얄듀크",연제구,21-30,<100,KNOWN,62.4,47.2
26470-51,"대우",연제구,21-30,300-499,KNOWN,45.9,55.5
26470-1385,"드리머스",연제구,11-20,<100,MISSING,69.3,53.8
26470-1454,"시청역퀸즈W",연제구,0-10,100-299,MISSING,59.7,65.8
26470-1536,"시청역더리체",연제구,0-10,<100,MISSING,62.7,59.8
26470-1542,"연산역이즈",연제구,0-10,100-299,MISSING,68.1,64.1
26470-1573,"연산스카이힐",연제구,0-10,<100,MISSING,61.8,54.6
26470-200,"해운하이츠",연제구,31+,<100,MISSING,47.6,23.5
26470-5,"경남",연제구,31+,300-499,MISSING,56.4,43.4
26470-46,"금호천지",연제구,31+,<100,MISSING,52.2,24.2
26470-1508,"브라운스톤연제1단지",연제구,0-10,300-499,KNOWN,64.5,69.8
26470-1345,"일동미라주리버",연제구,11-20,100-299,KNOWN,51.9,65.0
26470-66,"로얄",연제구,31+,<100,MISSING,50.2,22.9
26470-80,"서전기아타운",연제구,31+,unknown,MISSING,52.3,33.4
26470-8,"다뉴브",연제구,31+,unknown,MISSING,59.4,31.6
26470-1442,"시청역이즈팰리스1차",연제구,0-10,100-299,KNOWN,66.6,61.7
26470-115,"효성",연제구,31+,unknown,MISSING,53.1,17.6
26470-69,"반도보라",연제구,21-30,100-299,KNOWN,67.9,56.0
26470-33,"현대타운",연제구,31+,100-299,MISSING,56.1,49.0
26470-38,"화인상아",연제구,31+,<100,MISSING,44.5,27.7
26470-43,"경동",연제구,31+,300-499,MISSING,54.1,49.7
26470-111,"한양타워",연제구,31+,300-499,MISSING,51.3,47.4
26470-108,"한양(3차)",연제구,31+,100-299,MISSING,46.5,38.1
26470-1039,"연산맨션(325-7)",연제구,31+,unknown,MISSING,49.6,15.2
26470-1456,"부산더샵시티애비뉴2차",연제구,0-10,100-299,KNOWN,66.9,71.8
26470-110,"한양(5차)",연제구,31+,100-299,MISSING,47.9,43.0
26470-120,"협성센트로",연제구,21-30,<100,MISSING,57.7,43.4
26470-1415,"마이네하임",연제구,0-10,100-299,MISSING,60.0,63.4
26470-1448,"연산역휴그린",연제구,0-10,<100,MISSING,67.4,52.8
26470-1453,"연산아이브",연제구,0-10,<100,MISSING,61.2,52.2
26470-1471,"거제센텀",연제구,0-10,<100,MISSING,64.0,55.8
26470-1537,"배산프라임타워",연제구,0-10,<100,MISSING,61.6,55.6
26470-1564,"더라임시티뷰",연제구,0-10,<100,MISSING,69.1,63.6
26470-212,"전원에스빌",연제구,21-30,<100,MISSING,65.9,36.8
26470-223,"해오름아트빌",연제구,21-30,<100,MISSING,65.4,40.7
26470-292,"동우",연제구,31+,<100,MISSING,51.0,23.2
26470-87,"연산재건",연제구,31+,100-299,MISSING,57.9,31.8
26470-12,"동래화신타운",연제구,31+,100-299,MISSING,47.8,40.3
26470-1037,"월드마크아시아드",연제구,11-20,100-299,KNOWN,74.3,67.3
26470-98,"진일",연제구,31+,100-299,MISSING,44.3,32.1
26470-3046,"시청역삼정그린코아포레스트",연제구,0-10,100-299,MISSING,64.3,73.6
26470-78,"삼익",연제구,31+,300-499,MISSING,53.4,39.3
26470-49,"남일",연제구,31+,100-299,MISSING,48.3,30.1
26470-228,"전원금강빌",연제구,21-30,unknown,MISSING,67.1,47.8
26470-101,"청마파크",연제구,31+,<100,MISSING,48.8,30.7
26470-1036,"한일유앤아이",연제구,11-20,100-299,KNOWN,61.4,61.8
26470-35,"화랑",연제구,31+,100-299,MISSING,44.7,31.6
26470-91,"오양",연제구,31+,100-299,MISSING,51.3,28.8
26470-62,"동서타워",연제구,31+,<100,MISSING,54.3,33.8
26470-173,"부림(408-14)",연제구,31+,unknown,MISSING,45.0,17.6
26470-113,"현대(481-3)",연제구,21-30,unknown,MISSING,52.4,37.0
26470-1402,"킴스힐타워",연제구,11-20,<100,MISSING,64.9,54.6
26470-1495,"루미랑스",연제구,0-10,<100,MISSING,58.5,56.7
26470-150,"수강드림빌라드",연제구,21-30,<100,MISSING,58.6,36.9
26470-183,"석탑빌",연제구,21-30,<100,MISSING,44.0,35.3
26470-205,"우일빌라",연제구,21-30,<100,MISSING,56.8,32.9
26470-231,"희망센트럴뷰",연제구,21-30,<100,MISSING,63.7,44.4
26470-234,"로얄센트로빌",연제구,21-30,<100,MISSING,62.0,36.4
26470-74,"산호",연제구,31+,<100,MISSING,49.5,22.3
26260-2439,"사직하늘채리센티아",동래구,0-10,500-999,KNOWN,69.9,84.3
26260-1504,"삼환나우빌",동래구,11-20,300-499,KNOWN,60.0,67.8
26260-1820,"명륜아이파크1단지",동래구,11-20,1000+,KNOWN,65.9,79.4
26260-142,"한신",동래구,21-30,500-999,KNOWN,49.3,60.6
26260-1512,"동래센트럴파크하이츠2차",동래구,11-20,500-999,KNOWN,53.2,75.2
26260-72,"스파맨션",동래구,31+,<100,MISSING,51.7,28.1
26260-2178,"e편한세상동래아시아드",동래구,0-10,300-499,KNOWN,72.2,76.3
26260-55,"동래대우",동래구,21-30,300-499,KNOWN,71.4,59.2
26470-53,"대진그린타워",연제구,31+,100-299,MISSING,50.8,41.6
26470-18,"대호",연제구,21-30,100-299,MISSING,46.1,41.1
26470-73,"부전타워",연제구,31+,100-299,MISSING,45.4,44.6
26260-1483,"롯데캐슬애브뉴",동래구,11-20,100-299,MISSING,63.7,55.8
26260-2004,"은우아일레",동래구,0-10,<100,MISSING,54.8,62.2
26470-59,"연산센트럴파크",연제구,31+,100-299,MISSING,39.4,41.4
26260-2209,"동래다솜시티",동래구,0-10,<100,MISSING,69.4,61.3
26260-283,"경우골드빌라",동래구,31+,<100,MISSING,55.6,24.2
26470-50,"남정",연제구,31+,<100,MISSING,53.8,27.1
26470-1257,"해운드림빌",연제구,11-20,<100,MISSING,65.5,48.5
26470-128,"신진테마빌",연제구,21-30,<100,MISSING,58.0,36.3
26470-1384,"나경위너스",연제구,11-20,<100,MISSING,69.5,50.4
26470-1437,"센텀포시즌",연제구,0-10,<100,MISSING,54.7,51.7
26470-204,"대림그린빌라",연제구,21-30,<100,MISSING,55.8,33.2
26470-229,"홍림써니빌",연제구,21-30,<100,MISSING,60.9,36.4
26470-47,"남산",연제구,31+,<100,MISSING,46.1,21.5
26470-60,"동서상가",연제구,31+,<100,MISSING,56.9,21.6
26470-2,"거제아파트",연제구,31+,<100,MISSING,50.6,22.6
26470-71,"부영맨션",연제구,31+,unknown,MISSING,49.2,17.6
26470-104,"한독",연제구,31+,100-299,MISSING,50.9,31.9
26470-185,"창성골든빌에이동",연제구,21-30,unknown,MISSING,56.2,46.0
26470-154,"송파지오스4",연제구,21-30,unknown,MISSING,52.5,49.6
26470-82,"성림(1829-11)",연제구,31+,unknown,MISSING,51.0,18.4
26260-71,"서전",동래구,21-30,<100,MISSING,47.9,39.3
26470-130,"새둥지빌라(1405-26)",연제구,21-30,unknown,MISSING,65.9,49.6
26470-103,"태광(405-4)",연제구,31+,unknown,MISSING,43.2,16.0
26470-1049,"에이젠아파트",연제구,11-20,unknown,MISSING,66.2,59.0
26470-27,"진흥목화",연제구,31+,<100,MISSING,55.8,28.3
26470-224,"창광빌리지(1293-18)",연제구,21-30,unknown,MISSING,68.3,46.0
26470-21,"산호(1462-3)",연제구,31+,unknown,MISSING,41.7,16.0
26470-61,"동서연천타워",연제구,31+,100-299,MISSING,41.9,38.7
26500-1929,"광안예서더불어",수영구,11-20,100-299,MISSING,66.3,61.0
26500-1945,"세종엠스테이3차",수영구,0-10,<100,MISSING,71.4,57.1
26500-2131,"월드파크5",수영구,0-10,100-299,MISSING,54.2,64.6
26500-2245,"남천우성스마트시티뷰",수영구,0-10,<100,MISSING,56.5,66.1
26500-2479,"테넌바움294",수영구,0-10,100-299,KNOWN,53.7,79.6
26500-6,"금보빌라타운",수영구,31+,100-299,MISSING,41.6,33.9
26500-116,"이편한세상1차",수영구,21-30,300-499,KNOWN,51.3,61.4
26500-1892,"힐탑더블시티",수영구,11-20,100-299,KNOWN,70.7,71.4
26500-2455,"더샵남천프레스티지",수영구,0-10,500-999,KNOWN,74.9,86.4
26500-2061,"센텀비스타동원",수영구,0-10,500-999,KNOWN,67.3,81.2
26500-39,"화목타운",수영구,31+,100-299,MISSING,58.1,35.8
26470-3049,"레이카운티(3단지)",연제구,0-10,1000+,KNOWN,73.9,89.8
26470-70,"부림(327-1)",연제구,31+,unknown,MISSING,40.5,14.4
26470-219,"에이스빌(1293-2)",연제구,21-30,unknown,MISSING,66.9,47.8
26470-247,"새연산(1825-2)",연제구,31+,unknown,MISSING,50.8,16.8
26470-3051,"레이카운티(5단지)",연제구,0-10,1000+,KNOWN,74.1,90.2
26470-45,"국제",연제구,31+,<100,MISSING,52.6,29.4
26470-76,"삼보맨션",연제구,31+,100-299,MISSING,52.9,37.4
26470-64,"동원",연제구,31+,<100,MISSING,50.8,22.5
26500-29,"삼익비치",수영구,31+,1000+,MISSING,49.7,52.1
26500-2361,"경동리인",수영구,0-10,<100,MISSING,54.5,68.3
26500-74,"센텀비치푸르지오",수영구,21-30,1000+,KNOWN,48.1,70.7
26500-213,"중경",수영구,31+,<100,MISSING,47.0,22.0
26500-2470,"이린타워빌10",수영구,0-10,<100,MISSING,65.9,58.7
26500-49,"오양장미",수영구,31+,<100,MISSING,40.9,27.2
26500-23,"뉴비치",수영구,31+,500-999,KNOWN,54.1,50.8
26500-2281,"광안자이",수영구,0-10,500-999,KNOWN,59.1,83.4
26500-1839,"쌍용예가디오션",수영구,11-20,500-999,KNOWN,70.7,77.6
26500-1397,"더샵파크리치",수영구,11-20,500-999,KNOWN,60.4,74.4
26500-66,"현대",수영구,31+,1000+,MISSING,50.6,54.7
26500-1983,"e편한세상광안비치",수영구,0-10,300-499,KNOWN,47.5,73.4
26500-117,"수영협성르네상스타운",수영구,21-30,500-999,KNOWN,49.9,67.9
26500-2228,"e편한세상오션테라스4단지",수영구,0-10,300-499,KNOWN,43.5,77.8
26500-2225,"수영SKVIEW1단지",수영구,0-10,1000+,KNOWN,61.4,83.4
26500-24,"남천동원로얄듀크",수영구,21-30,300-499,KNOWN,64.1,62.8
26500-1390,"광안현대하이페리온",수영구,11-20,100-299,KNOWN,56.2,65.3
26500-52,"망미한신",수영구,31+,100-299,MISSING,47.2,41.4
26500-75,"롯데캐슬자이언트",수영구,21-30,500-999,KNOWN,40.5,68.1
26500-2482,"힐스테이트남천더퍼스트",수영구,0-10,100-299,KNOWN,72.8,74.4
26500-1412,"코오롱하늘채골든비치",수영구,11-20,500-999,KNOWN,65.3,76.8
26500-1852,"부산더샵센텀포레",수영구,11-20,unknown,MISSING,55.4,71.6
26500-2068,"망미이진캐스빌",수영구,0-10,300-499,KNOWN,56.5,71.5
26500-115,"이편한세상2차",수영구,21-30,unknown,MISSING,49.9,51.4
26500-1364,"이편한세상3차",수영구,21-30,500-999,KNOWN,50.1,65.4
26500-2128,"광안더샵",수영구,0-10,100-299,KNOWN,66.4,71.4
26500-1387,"롯데골드로즈",수영구,11-20,100-299,MISSING,67.8,60.0
26500-26,"백산",수영구,31+,100-299,MISSING,59.2,32.2
26500-5,"광원",수영구,31+,500-999,KNOWN,52.3,54.1
26500-2230,"남천금호어울림더비치",수영구,0-10,300-499,KNOWN,67.6,77.5
26500-2229,"e편한세상오션테라스3단지",수영구,0-10,300-499,KNOWN,43.3,77.8
26500-2023,"센텀비스타동원2차",수영구,0-10,300-499,KNOWN,62.8,73.7
26500-1628,"엑슬루타워",수영구,11-20,100-299,MISSING,69.2,67.1
26500-59,"진로비치(101~103동)",수영구,21-30,300-499,MISSING,45.7,53.4
26500-47,"삼성",수영구,31+,500-999,MISSING,54.6,54.0
26500-193,"정원스카이",수영구,21-30,<100,MISSING,57.3,37.4
26500-2227,"e편한세상오션테라스2단지",수영구,0-10,100-299,KNOWN,45.4,68.4
26500-1815,"W-PARK",수영구,11-20,<100,KNOWN,67.6,57.9
26500-2456,"남천자이",수영구,0-10,500-999,KNOWN,58.8,88.6
26500-1376,"협성엠파이어(101,102동)",수영구,21-30,100-299,KNOWN,62.3,53.1
26500-2318,"광안리슈빌DS",수영구,0-10,<100,MISSING,62.5,67.6
26500-2352,"광안KCC스위첸하버뷰",수영구,0-10,100-299,MISSING,49.2,77.9
26500-60,"태창파크",수영구,31+,100-299,MISSING,42.7,33.9
26500-67,"진로비치(201,202동)",수영구,21-30,100-299,MISSING,48.6,44.6
26500-62,"화신",수영구,31+,<100,MISSING,51.7,29.0
26500-268,"광안동일스위트",수영구,21-30,100-299,KNOWN,72.9,56.6
26500-265,"유림주상복합",수영구,21-30,300-499,MISSING,68.6,61.9
26500-2224,"수영SKVIEW2단지",수영구,0-10,<100,KNOWN,54.6,63.5
26500-1832,"다사랑빌",수영구,11-20,<100,MISSING,65.9,48.9
26500-1384,"광안동에스케이뷰",수영구,11-20,300-499,KNOWN,73.8,66.1
26500-1786,"수영강동원로얄듀크",수영구,11-20,300-499,KNOWN,58.9,71.1
26500-1377,"광안협성엠파이어(103,105동)",수영구,21-30,100-299,KNOWN,66.0,54.3
26500-194,"라익",수영구,21-30,unknown,MISSING,52.7,37.0
26500-2314,"광안에일린의뜰",수영구,0-10,100-299,KNOWN,65.4,73.9
26500-2226,"e편한세상오션테라스1단지",수영구,0-10,100-299,KNOWN,48.1,76.7
26500-1833,"민락동센텀메르빌",수영구,11-20,100-299,KNOWN,48.5,62.5
26500-7,"비치-그린아파트",수영구,21-30,1000+,KNOWN,56.8,58.1
26500-1938,"이린타워",수영구,0-10,<100,MISSING,66.4,54.4
26500-45,"로얄베스토피아",수영구,31+,300-499,KNOWN,49.0,48.2
26500-13,"태평양하이츠",수영구,21-30,100-299,KNOWN,53.3,45.4
26500-68,"상아",수영구,31+,100-299,MISSING,50.6,43.6
26500-1389,"수영만아이파크",수영구,11-20,100-299,KNOWN,50.5,61.8
26500-2043,"더클래스동진",수영구,0-10,<100,MISSING,56.5,54.7
26500-2092,"디아이라뷰",수영구,0-10,<100,MISSING,53.0,53.1
26500-54,"현대망미",수영구,31+,<100,MISSING,46.0,35.9
26500-2170,"광안부백자연애아파트",수영구,0-10,<100,MISSING,68.2,59.7
26500-83,"세흥빌라",수영구,21-30,<100,MISSING,57.8,36.4
26500-58,"이진빌라",수영구,31+,<100,MISSING,43.8,33.5
26500-87,"나래아트빌",수영구,21-30,<100,MISSING,57.2,35.1
26500-1712,"광안협성엠파이어Ⅱ",수영구,11-20,unknown,MISSING,73.9,69.4
26500-1753,"정원타워Ⅰ",수영구,11-20,unknown,MISSING,63.9,69.4
26500-99,"동림",수영구,31+,<100,MISSING,42.6,23.8
26500-38,"협진태양",수영구,31+,100-299,MISSING,58.0,37.5
26500-106,"국화",수영구,31+,<100,MISSING,49.6,22.4
26500-140,"행복홈타운",수영구,21-30,<100,MISSING,59.0,33.8
26500-172,"승우맨션(가동)",수영구,31+,<100,MISSING,50.3,20.2
26500-180,"대로해도지빌",수영구,21-30,<100,MISSING,56.0,35.0
26500-42,"동방(1~5동)",수영구,31+,100-299,MISSING,43.9,31.3
26500-2012,"디아이하우스",수영구,0-10,<100,MISSING,61.3,52.8
26500-2017,"수영동아성퍼스트힐",수영구,0-10,<100,MISSING,59.7,51.2
26500-2022,"금양아이파크",수영구,0-10,<100,MISSING,65.7,55.6
26500-2029,"이린타워빌8",수영구,0-10,<100,MISSING,61.2,51.4
26500-2067,"에이스센텀빌리지",수영구,0-10,<100,MISSING,58.6,59.0
26500-25,"반도보라맨션",수영구,31+,100-299,MISSING,39.2,33.8
26500-2133,"디아이세라뷰",수영구,0-10,<100,MISSING,57.2,55.6
26500-1962,"햇살가득한집",수영구,0-10,<100,KNOWN,58.1,55.0
26500-48,"오양",수영구,31+,100-299,MISSING,49.1,29.2
26500-2207,"에이스로얄팰리스",수영구,0-10,<100,MISSING,55.4,64.4
26500-262,"삼정그린코아",수영구,21-30,100-299,KNOWN,59.0,61.5
26500-222,"삼흥토인월드",수영구,21-30,<100,MISSING,69.4,33.2
26500-2238,"가비펠리치",수영구,0-10,<100,MISSING,56.1,65.1
26500-209,"동원맨션(776-21)",수영구,31+,<100,MISSING,46.5,19.9
26500-65,"신익탑스빌",수영구,21-30,<100,MISSING,54.4,35.3
26500-104,"협진태양맨션B동",수영구,31+,unknown,MISSING,44.0,14.4
26500-90,"센텀빌리지",수영구,21-30,<100,MISSING,60.1,36.0
26500-97,"광안메르빌",수영구,21-30,<100,MISSING,40.4,46.9
26500-264,"협성엠파이어106동",수영구,21-30,<100,KNOWN,61.0,46.4
26500-15,"광안화목",수영구,31+,<100,MISSING,55.7,27.6
26500-102,"우성파크빌",수영구,21-30,<100,MISSING,46.4,36.9
26500-114,"부일",수영구,31+,<100,MISSING,49.4,24.1
26500-51,"한성기린",수영구,31+,unknown,MISSING,41.5,33.4
26500-1730,"에코하임",수영구,11-20,<100,MISSING,54.6,46.8
26500-1931,"세종엠-스테이Ⅱ",수영구,11-20,<100,MISSING,71.1,50.7
26500-195,"세종월드",수영구,21-30,<100,MISSING,58.0,37.4
26500-55,"현대한누리",수영구,31+,300-499,KNOWN,48.5,46.5
26500-1956,"일호센텀누리",수영구,0-10,<100,MISSING,60.2,53.9
26500-1,"광명(539-1)",수영구,31+,100-299,MISSING,47.5,30.9
26500-1989,"남천블루비치",수영구,0-10,<100,MISSING,68.2,52.0
26500-205,"범바우빌라",수영구,21-30,<100,MISSING,58.2,36.6
26500-34,"우성보라",수영구,31+,100-299,MISSING,54.9,35.1
26500-228,"봉황파크",수영구,21-30,<100,MISSING,60.0,37.2
26500-22,"남천파크",수영구,31+,100-299,MISSING,63.1,32.3
26500-40,"남천시티빌",수영구,21-30,<100,MISSING,69.1,35.7
26500-8,"부덕그린",수영구,21-30,<100,MISSING,51.8,40.5
26500-11,"상아아트빌라(101동)",수영구,31+,<100,MISSING,41.3,23.4
26500-81,"광안리치빌A",수영구,21-30,unknown,MISSING,53.8,49.6
26500-1810,"성우센텀스카이뷰에이",수영구,11-20,unknown,MISSING,60.2,71.6
26500-261,"동우",수영구,31+,unknown,MISSING,48.1,31.6
26500-46,"산호맨션",수영구,31+,100-299,MISSING,52.2,33.6
26500-151,"서호",수영구,21-30,<100,MISSING,60.0,35.0
26500-1515,"궁전아이브",수영구,11-20,<100,MISSING,63.9,50.7
26500-157,"풍림",수영구,31+,<100,MISSING,59.2,21.4
26500-171,"금보맨션",수영구,31+,<100,MISSING,49.4,21.6
26500-35,"진주",수영구,31+,<100,MISSING,58.9,30.5
26500-166,"세진비치빌라",수영구,21-30,<100,MISSING,52.2,33.6
26500-63,"화인아트",수영구,31+,unknown,MISSING,41.5,26.4
26500-170,"새광안맨션",수영구,31+,<100,MISSING,46.0,19.5
26500-1918,"스테이빌",수영구,11-20,<100,MISSING,55.1,48.4
26500-2362,"광안스윗팰리스",수영구,0-10,<100,MISSING,74.4,65.3
26500-1374,"남강하이츠",수영구,21-30,<100,MISSING,65.0,38.4
26500-260,"백광월드타워",수영구,21-30,<100,MISSING,52.0,38.0
26500-79,"금수하이빌",수영구,21-30,<100,MISSING,65.4,35.8
26500-165,"예담빌라",수영구,21-30,unknown,MISSING,56.5,44.2
26500-1919,"해마루아파트",수영구,11-20,unknown,MISSING,71.1,73.8
26500-164,"남강맨션",수영구,31+,unknown,MISSING,47.6,14.4
26500-1679,"POPS아트빌38",수영구,11-20,unknown,MISSING,78.3,67.2
26500-105,"협진태양맨션A동",수영구,31+,unknown,MISSING,42.7,13.6
26500-169,"로즈빌라(170-13)",수영구,31+,unknown,MISSING,46.6,28.0
26410-2499,"윤성리버티",금정구,0-10,<100,MISSING,63.4,62.8
26500-43,"동방로얄",수영구,31+,<100,MISSING,45.7,28.0
26410-2390,"구서SKVIEW1단지",금정구,0-10,500-999,KNOWN,59.9,76.6
26410-2537,"삼한골든뷰에듀스테이션",금정구,0-10,500-999,KNOWN,75.1,84.9
26410-2438,"퀸즈더블유장전역",금정구,0-10,100-299,KNOWN,66.0,68.0
26410-179,"구서우성",금정구,31+,1000+,MISSING,58.3,59.9
26410-1930,"부곡롯데캐슬디아망",금정구,11-20,300-499,KNOWN,58.5,67.5
26410-2071,"벽산블루밍장전디자인시티2단지",금정구,11-20,1000+,KNOWN,69.3,78.9
26410-2486,"장전삼정그린코아더베스트",금정구,0-10,100-299,KNOWN,66.0,73.7
26410-12,"경남한신",금정구,31+,1000+,MISSING,65.1,61.7
26410-1938,"장전동금정산SKVIEW",금정구,11-20,1000+,KNOWN,65.2,77.6
26410-2232,"금정산2차쌍용예가",금정구,11-20,500-999,KNOWN,65.8,73.0
26410-71,"장전현대",금정구,11-20,100-299,KNOWN,42.8,49.3
26410-2453,"래미안장전",금정구,0-10,1000+,KNOWN,71.5,83.4
26500-137,"극동아파트",수영구,31+,unknown,MISSING,52.4,21.6
26500-91,"대로베스타빌",수영구,21-30,unknown,MISSING,59.1,49.6
26500-192,"광안센템빌",수영구,21-30,unknown,MISSING,57.5,49.6
26410-1920,"부곡동푸르지오",금정구,11-20,500-999,KNOWN,69.8,70.9
26410-195,"협성그린",금정구,21-30,100-299,KNOWN,48.1,50.7
26410-5,"서동현대",금정구,31+,300-499,MISSING,60.9,46.9
26410-2493,"허브팰리스장전",금정구,0-10,100-299,MISSING,64.6,66.2
26410-17,"뉴그린1",금정구,31+,100-299,MISSING,49.3,44.2
26410-343,"구서시티타워",금정구,21-30,100-299,MISSING,62.0,54.3
26410-37,"에스케이아파트",금정구,21-30,1000+,KNOWN,66.7,62.7
26410-2429,"장전서희스타힐스",금정구,0-10,300-499,KNOWN,69.6,72.4
26410-110,"남산하이츠타운",금정구,21-30,300-499,MISSING,62.9,52.3
26410-29,"부곡늘푸른아파트",금정구,31+,500-999,MISSING,51.5,53.2
26410-80,"경동",금정구,21-30,500-999,MISSING,27.5,59.3
26410-172,"선경3",금정구,31+,500-999,KNOWN,51.6,53.2
26410-94,"화신골든맨션",금정구,31+,100-299,MISSING,64.2,40.8
26410-2448,"온천장역동원로얄듀크",금정구,0-10,100-299,KNOWN,68.4,69.5
26410-26,"반도맨션",금정구,31+,100-299,MISSING,56.1,34.8
26410-142,"현대그레이스",금정구,31+,100-299,MISSING,49.6,45.3
26410-54,"금정맨션",금정구,31+,<100,MISSING,53.8,21.5
26410-190,"태평양",금정구,31+,100-299,MISSING,50.5,45.0
26410-2073,"금정산쌍용예가",금정구,11-20,500-999,KNOWN,59.1,72.2
26410-174,"구서신동아",금정구,21-30,300-499,KNOWN,64.9,51.7
26410-18,"대우",금정구,21-30,1000+,KNOWN,69.8,66.1
26410-137,"남산천일로얄맨션",금정구,31+,<100,MISSING,55.6,29.6
26410-2521,"구서역두산위브포세이돈",금정구,0-10,300-499,KNOWN,66.7,76.7
26410-2440,"꿈꾸는가",금정구,0-10,<100,MISSING,64.7,54.8
26410-48,"협진태양",금정구,31+,<100,MISSING,55.9,28.0
26410-151,"경보",금정구,21-30,100-299,MISSING,49.2,46.8
26410-24,"무지개타운",금정구,31+,100-299,KNOWN,56.7,33.4
26410-2500,"구서백리명가에덴",금정구,0-10,<100,MISSING,65.7,65.1
26410-2577,"헤리티지우석",금정구,0-10,<100,MISSING,63.6,65.5
26410-1903,"구서동롯데캐슬골드1단지(1051)",금정구,11-20,1000+,KNOWN,63.1,73.2
26410-1915,"부곡동대동다:숲",금정구,11-20,300-499,KNOWN,66.0,69.9
26410-1902,"구서동롯데캐슬골드2단지(1049)",금정구,11-20,1000+,KNOWN,62.8,75.8
26410-307,"산수유",금정구,21-30,<100,MISSING,57.4,40.5
26410-1916,"금정산경동메르빌아파트",금정구,11-20,100-299,KNOWN,28.9,60.6
26410-153,"금강부광",금정구,21-30,300-499,MISSING,48.6,56.6
26410-41,"우신뉴타운",금정구,31+,500-999,MISSING,62.9,56.2
26410-118,"미화",금정구,31+,<100,KNOWN,53.4,33.1
26410-1933,"금정힐스테이트",금정구,11-20,300-499,KNOWN,53.8,68.5
26410-1937,"구서동쌍용예가2단지",금정구,11-20,500-999,KNOWN,64.5,76.7
26410-119,"삼성",금정구,31+,100-299,MISSING,53.4,41.8
26410-70,"장전경보",금정구,21-30,300-499,MISSING,58.7,52.9
26410-2137,"부산대역삼정그린코아스카이동",금정구,11-20,100-299,MISSING,66.0,60.9
26410-2375,"금광예다움",금정구,0-10,<100,MISSING,61.9,55.3
26410-2394,"드림아트온",금정구,0-10,<100,MISSING,61.4,59.0
26410-2128,"구서 협성 엠파이어",금정구,11-20,100-299,MISSING,64.5,68.2
26410-1912,"우남이채롬",금정구,11-20,100-299,MISSING,57.6,52.2
26410-204,"그린빌",금정구,21-30,<100,MISSING,56.7,36.3
26410-1892,"삼흥펠리스빌",금정구,21-30,<100,MISSING,59.8,43.6
26410-58,"금정산한신",금정구,21-30,100-299,MISSING,57.4,47.9
26410-2435,"남산누리마을",금정구,0-10,<100,MISSING,64.6,56.8
26410-2288,"삼한사랑채",금정구,11-20,100-299,KNOWN,43.0,63.0
26410-21,"동양부곡",금정구,31+,<100,MISSING,56.1,21.7
26410-2463,"파크아트온",금정구,0-10,100-299,MISSING,64.6,64.2
26410-2469,"위클라우드16차",금정구,0-10,<100,MISSING,61.5,53.1
26410-2475,"트레비앙",금정구,0-10,<100,MISSING,62.0,60.4
26410-108,"럭키남산",금정구,31+,300-499,MISSING,55.8,49.2
26410-2476,"태성캐슬",금정구,0-10,<100,MISSING,65.9,63.7
26410-2554,"금정더유엘프리미어",금정구,0-10,100-299,MISSING,50.3,69.6
26410-35,"신동아",금정구,31+,100-299,MISSING,64.7,46.1
26410-2490,"온천장해피투모로우",금정구,0-10,<100,KNOWN,64.7,66.1
26410-64,"엘지금정",금정구,21-30,100-299,MISSING,61.2,48.4
26410-2065,"벽산블루밍장전디자인시티1단지",금정구,11-20,100-299,KNOWN,59.2,57.5
26410-1897,"동원로얄듀크",금정구,21-30,100-299,KNOWN,66.2,56.1
26410-306,"행운아트빌",금정구,21-30,<100,MISSING,54.0,36.7
26260-2006,"동서허브H",동래구,0-10,<100,KNOWN,69.3,59.7
26410-272,"삼성파크",금정구,31+,<100,MISSING,53.4,28.5
26410-336,"서동삼한-1",금정구,21-30,100-299,KNOWN,53.9,52.3
26410-4,"서동아신",금정구,21-30,<100,MISSING,41.1,40.0
26410-2563,"구서다움파크",금정구,0-10,unknown,MISSING,70.2,90.0
26410-2378,"온천아이브",금정구,0-10,<100,MISSING,61.8,56.5
26410-194,"한진아파트",금정구,31+,<100,MISSING,47.3,32.9
26410-2312,"해뜰채",금정구,11-20,<100,MISSING,53.2,51.1
26410-1904,"우남이채롬",금정구,21-30,100-299,MISSING,65.0,51.3
26410-1898,"대우우남이채롬",금정구,21-30,<100,KNOWN,60.8,48.2
26410-2456,"대보드림채",금정구,0-10,<100,MISSING,63.0,58.3
26410-2464,"서동다성이룸",금정구,0-10,<100,MISSING,58.9,58.6
26410-391,"성지아파트",금정구,21-30,100-299,KNOWN,58.1,54.5
26410-46,"현대",금정구,31+,100-299,MISSING,45.6,39.9
26410-2509,"스카이엘",금정구,0-10,<100,MISSING,62.6,62.2
26410-256,"학산코스모빌라",금정구,31+,<100,MISSING,49.9,26.9
26410-1936,"구서동쌍용예가1단지",금정구,11-20,100-299,KNOWN,56.5,68.5
26410-9,"삼한",금정구,31+,100-299,MISSING,57.0,38.8
26410-215,"마드레빌",금정구,21-30,100-299,KNOWN,55.4,49.5
26410-383,"유림노르웨이아침",금정구,21-30,100-299,MISSING,62.6,58.6
26410-100,"경동아파트",금정구,31+,<100,MISSING,62.0,37.4
26410-13,"경보온천타워",금정구,31+,100-299,KNOWN,62.8,41.4
26410-45,"향양",금정구,31+,<100,MISSING,44.9,22.4
26410-82,"남화기수타워",금정구,31+,<100,MISSING,51.4,31.5
26410-74,"현대2",금정구,21-30,100-299,KNOWN,48.1,49.1
26410-97,"거성경원",금정구,21-30,<100,MISSING,49.7,33.6
26410-44,"한보타운",금정구,11-20,100-299,KNOWN,52.0,48.0
26410-36,"쌍용",금정구,21-30,300-499,KNOWN,65.2,62.1
26410-86,"삼부",금정구,21-30,unknown,MISSING,67.9,46.0
26410-116,"동산빌라",금정구,31+,unknown,MISSING,47.0,26.4
26410-2396,"다온미즈",금정구,0-10,<100,MISSING,63.9,55.3
26410-2420,"부곡동프리미엄안단테아파트",금정구,0-10,<100,MISSING,60.8,56.7
26410-2401,"엘스퀘어",금정구,0-10,<100,MISSING,65.1,52.5
26410-233,"행복이가득한집",금정구,21-30,<100,MISSING,53.9,37.2
26410-42,"장미(773-1)",금정구,31+,<100,MISSING,48.5,26.4
26410-2434,"태림아르페",금정구,0-10,<100,MISSING,49.8,56.6
26410-158,"동일",금정구,31+,100-299,MISSING,58.4,34.8
26410-2457,"태진팰리스",금정구,0-10,<100,MISSING,64.3,62.7
26410-2473,"산들파르테2차",금정구,0-10,<100,MISSING,66.7,57.7
26410-38,"엘지",금정구,21-30,100-299,KNOWN,59.2,49.9
26410-2484,"보성오페라",금정구,0-10,<100,MISSING,65.9,56.7
26410-22,"동원",금정구,31+,<100,MISSING,52.6,27.2
26410-260,"아름베스트빌6차",금정구,21-30,<100,MISSING,58.1,40.2
26410-266,"궁전빌리지",금정구,21-30,<100,MISSING,54.9,32.4
26410-28,"부곡맨션",금정구,31+,<100,MISSING,52.1,22.8
26410-115,"동광세화맨션",금정구,31+,<100,MISSING,55.3,30.1
26410-281,"구서동삼백크라시앙",금정구,21-30,<100,MISSING,58.4,44.4
26410-296,"반야빌라",금정구,21-30,<100,MISSING,52.9,35.6
26410-39,"영광맨션",금정구,31+,<100,MISSING,58.6,22.7
26410-96,"드림파크빌리지",금정구,21-30,<100,MISSING,37.4,36.3
26410-193,"한일",금정구,31+,100-299,MISSING,54.0,31.0
26410-14,"국제그린",금정구,21-30,100-299,MISSING,58.8,42.1
26410-318,"장미(215-1)",금정구,31+,unknown,MISSING,47.4,14.4
26410-141,"한아름",금정구,31+,unknown,MISSING,30.7,29.8
26410-175,"신일",금정구,31+,<100,MISSING,47.4,19.5
26410-2406,"지성캐슬",금정구,0-10,<100,MISSING,66.2,53.0
26410-2395,"우일아내트",금정구,0-10,<100,MISSING,53.7,57.5
26410-2142,"청룡예뜨랑1",금정구,11-20,<100,MISSING,67.7,46.8
26410-2254,"골든팰리스",금정구,11-20,<100,MISSING,59.3,49.2
26410-154,"금화",금정구,31+,<100,MISSING,56.0,20.4
26410-2446,"나경위너스",금정구,0-10,<100,MISSING,69.9,58.4
26410-249,"대명5차",금정구,11-20,<100,MISSING,45.5,43.5
26410-257,"남산그린파크",금정구,21-30,<100,MISSING,50.6,32.9
26410-34,"부곡늘푸른아파트",금정구,31+,500-999,MISSING,50.4,54.0
26410-181,"일신",금정구,31+,100-299,KNOWN,50.2,37.5
26410-2389,"구서SKVIEW2단지",금정구,0-10,100-299,KNOWN,55.5,66.0
26410-263,"청아리치타운",금정구,21-30,<100,MISSING,58.8,44.7
26410-308,"용진노블레스",금정구,21-30,<100,MISSING,58.8,41.6
26410-311,"유나베네스타운",금정구,21-30,<100,MISSING,55.7,37.6
26410-320,"위스빌",금정구,21-30,<100,MISSING,50.1,34.2
26410-328,"전원파크뷰",금정구,21-30,<100,MISSING,61.1,40.7
26410-3,"삼한여명",금정구,21-30,100-299,KNOWN,63.0,45.1
26410-341,"동성베스트",금정구,21-30,<100,MISSING,22.3,37.4
26410-81,"구남",금정구,21-30,<100,MISSING,33.9,38.6
26410-7,"한성기린",금정구,31+,100-299,MISSING,46.6,33.0
26410-666,"청암",금정구,21-30,unknown,MISSING,50.5,47.8
26410-107,"남산그린",금정구,31+,unknown,MISSING,52.9,35.2
26410-2370,"산들파르테",금정구,0-10,<100,MISSING,62.6,53.1
26410-1931,"한진스카이",금정구,11-20,<100,MISSING,59.7,50.1
26410-2300,"삼한사랑채",금정구,11-20,<100,MISSING,57.6,52.7
26410-1895,"화신",금정구,21-30,<100,MISSING,61.0,37.0
26410-209,"조광",금정구,21-30,<100,MISSING,57.7,35.3
26410-227,"석산3차",금정구,31+,<100,MISSING,56.7,24.2
26410-2393,"장전동SJ타워",금정구,0-10,<100,MISSING,63.7,56.3
26410-140,"태인빌라",금정구,31+,<100,MISSING,50.6,25.8
26410-85,"범양빌라",금정구,31+,100-299,MISSING,60.6,37.9
26410-286,"명진",금정구,31+,<100,MISSING,45.1,26.5
26410-104,"국제빌라",금정구,31+,unknown,MISSING,57.2,29.8
26410-207,"구서동하나로3",금정구,21-30,unknown,MISSING,60.1,47.8
26410-271,"전원금강빌",금정구,21-30,unknown,MISSING,59.4,49.6
26410-197,"아름베스트빌5",금정구,21-30,unknown,MISSING,59.8,49.6
26410-2422,"휴림아르페(남산동21-7)",금정구,0-10,unknown,MISSING,75.3,78.4
26410-92,"청산빌라",금정구,31+,unknown,MISSING,51.6,35.2
26410-162,"산호",금정구,31+,<100,MISSING,54.6,29.7
26410-164,"삼산",금정구,31+,<100,MISSING,56.9,25.6
26410-103,"국제그린파크",금정구,31+,100-299,MISSING,58.7,38.1
26260-1487,"벽산아스타",동래구,11-20,500-999,KNOWN,56.3,73.2
26260-2216,"동래3차SKVIEW",동래구,0-10,500-999,KNOWN,63.3,88.2
26260-130,"삼정그린코아",동래구,21-30,500-999,KNOWN,48.9,61.9
26260-3644,"래미안포레스티지1단지",동래구,0-10,1000+,KNOWN,57.4,89.3
26260-174,"삼보(290-2)",동래구,31+,100-299,MISSING,53.2,36.3
26260-38,"한양",동래구,31+,500-999,MISSING,59.2,45.5
26260-30,"동래벽산",동래구,21-30,300-499,KNOWN,66.4,51.8
26260-150,"안락현대",동래구,21-30,500-999,KNOWN,62.0,63.3
26260-1467,"반도보라스카이뷰",동래구,11-20,1000+,KNOWN,71.3,72.4
26260-68,"삼익",동래구,31+,300-499,MISSING,61.8,42.1
26260-1528,"사직2차쌍용예가",동래구,11-20,500-999,KNOWN,58.2,72.5
26410-247,"대명하이츠3차",금정구,31+,unknown,MISSING,44.0,28.0
26410-171,"선경2",금정구,31+,500-999,MISSING,64.7,50.6
26410-2119,"구서다움",금정구,11-20,unknown,MISSING,59.1,69.4
26380-1993,"스마트더블유",사하구,0-10,unknown,MISSING,73.4,80.8
26260-58,"동영",동래구,31+,100-299,MISSING,65.5,43.7
26260-69,"삼협",동래구,21-30,100-299,MISSING,45.9,42.0
26260-1476,"사직쌍용예가",동래구,11-20,1000+,KNOWN,63.0,74.2
26260-2110,"동래효성해링턴플레이스",동래구,0-10,500-999,KNOWN,77.7,83.4
26260-2437,"낙민역삼정그린코아더시티",동래구,0-10,100-299,KNOWN,72.4,73.6
26260-2104,"명륜자이",동래구,0-10,500-999,KNOWN,73.6,79.8
26260-163,"명장경동",동래구,31+,300-499,MISSING,56.5,48.2
26260-2244,"힐스테이트명륜트라디움",동래구,0-10,500-999,KNOWN,67.0,86.0
26260-2144,"e편한세상동래명장1단지",동래구,0-10,1000+,KNOWN,61.6,83.3
26260-75,"신화타워",동래구,21-30,unknown,MISSING,60.3,42.4
26260-2061,"동래동일스위트",동래구,0-10,500-999,KNOWN,60.8,78.8
26260-1469,"강변뜨란채",동래구,11-20,500-999,KNOWN,74.1,66.7
26260-1485,"한일유앤아이",동래구,11-20,500-999,KNOWN,67.4,73.2
26260-1450,"안락뜨란채2단지",동래구,21-30,1000+,KNOWN,62.7,68.1
26260-149,"안락SKVIEW",동래구,21-30,1000+,KNOWN,58.6,68.5
26260-2024,"사직롯데캐슬더클래식",동래구,0-10,1000+,KNOWN,75.7,82.2
26260-2160,"온천천경동리인타워2차",동래구,0-10,100-299,KNOWN,59.8,68.7
26260-3645,"래미안포레스티지2단지",동래구,0-10,1000+,KNOWN,58.8,88.9
26260-1928,"안락경동리인",동래구,11-20,500-999,KNOWN,64.5,77.2
26260-81,"한사랑",동래구,31+,100-299,MISSING,64.8,38.5
26260-1,"금양해바라기1",동래구,31+,100-299,MISSING,62.7,35.6
26260-24,"한진",동래구,21-30,300-499,MISSING,68.7,56.3
26260-2438,"안락스위첸",동래구,0-10,100-299,KNOWN,66.2,77.1
26260-2427,"이안동래센트럴시티",동래구,0-10,100-299,KNOWN,59.0,77.4
26260-31,"동래우성",동래구,21-30,500-999,KNOWN,63.3,55.4
26260-1473,"사직2차삼정그린코아",동래구,11-20,500-999,KNOWN,50.9,70.1
26260-1957,"명륜2차아이파크2단지",동래구,11-20,300-499,KNOWN,59.6,71.9
26260-2022,"사직KCC스위첸1단지",동래구,0-10,300-499,KNOWN,61.9,71.9
26260-29,"동원로얄듀크",동래구,21-30,500-999,KNOWN,63.8,58.4
26260-159,"화목",동래구,31+,500-999,KNOWN,46.9,48.4
26260-148,"석천",동래구,31+,100-299,MISSING,65.6,39.9
26260-2145,"e편한세상동래명장2단지",동래구,0-10,100-299,KNOWN,64.0,66.6
26260-2000,"사직역삼정그린코아더베스트1차",동래구,0-10,300-499,KNOWN,73.6,72.2
26260-1479,"쌍용예가",동래구,11-20,100-299,KNOWN,65.6,62.4
26260-2141,"쌍용더플래티넘사직아시아드아파트",동래구,0-10,500-999,KNOWN,72.9,82.0
26260-2066,"동래삼정그린코아포레스트",동래구,0-10,500-999,KNOWN,66.0,77.9
26260-123,"로얄1",동래구,31+,<100,MISSING,54.2,28.0
26260-32,"제일아파트",동래구,31+,100-299,MISSING,66.9,42.5
26260-212,"부광캐슬",동래구,21-30,<100,KNOWN,64.8,41.4
26260-64,"부원",동래구,31+,<100,MISSING,62.3,28.6
26260-2023,"사직KCC스위첸2단지",동래구,0-10,500-999,KNOWN,59.6,75.4
26260-184,"조양",동래구,31+,300-499,KNOWN,56.5,37.8
26260-2113,"두비앙에코힐아파트",동래구,0-10,100-299,KNOWN,51.3,69.0
26260-35,"한신",동래구,21-30,300-499,KNOWN,67.0,56.4
26260-251,"세창(702-48)",동래구,31+,unknown,MISSING,52.9,13.6
26260-1992,"일성아이앤유2차",동래구,0-10,unknown,MISSING,57.3,76.0
26260-358,"금림필3차",동래구,21-30,<100,MISSING,63.3,36.9
26260-260,"위너비타",동래구,21-30,100-299,MISSING,58.7,49.3
26260-2217,"아이뷰파크",동래구,0-10,<100,MISSING,60.2,63.4
26260-1482,"사직자이",동래구,11-20,100-299,KNOWN,65.1,64.7
26260-1466,"동래SKVIEW",동래구,11-20,300-499,KNOWN,66.9,63.1
26260-13,"새동래2마동",동래구,31+,100-299,MISSING,64.4,30.3
26260-191,"동부산아이존빌",동래구,21-30,300-499,KNOWN,57.1,58.0
26260-18,"수안",동래구,31+,100-299,MISSING,56.0,31.0
26260-79,"태림맨션",동래구,31+,100-299,MISSING,56.5,30.9
26260-172,"무지개",동래구,31+,<100,MISSING,52.5,27.2
26260-2172,"동래롯데캐슬퀸",동래구,0-10,100-299,KNOWN,74.1,72.1
26260-39,"우성베스토피아",동래구,31+,500-999,KNOWN,65.0,48.3
26260-2,"금양해바라기2",동래구,31+,100-299,MISSING,67.0,37.0
26260-52,"대동타운",동래구,21-30,100-299,KNOWN,56.5,44.9
26260-1449,"안락뜨란채1단지",동래구,21-30,300-499,KNOWN,61.0,61.9
26260-70,"새온천화신동영",동래구,31+,300-499,MISSING,54.2,54.4
26260-157,"한우",동래구,31+,100-299,MISSING,51.4,36.0
26260-2086,"사직역삼정그린코아더베스트2차",동래구,0-10,100-299,KNOWN,66.0,69.2
26260-2096,"명륜동힐스테이트",동래구,0-10,300-499,KNOWN,63.5,78.6
26260-34,"중앙하이츠2",동래구,21-30,500-999,MISSING,63.1,56.4
26260-1634,"경보이리스힐",동래구,11-20,<100,MISSING,69.1,53.6
26260-2039,"동래보해이브",동래구,0-10,<100,MISSING,57.6,57.7
26260-247,"금림필2차",동래구,21-30,<100,MISSING,63.0,36.4
26260-2143,"동래효산벨뷰",동래구,0-10,<100,MISSING,70.4,62.8
26260-228,"문성하이츠빌라",동래구,21-30,<100,MISSING,41.7,33.6
26260-206,"해금리더스",동래구,21-30,<100,MISSING,59.2,36.9
26260-264,"세진베스트빌",동래구,21-30,<100,MISSING,50.3,39.1
26260-1451,"오성빌라트",동래구,21-30,<100,MISSING,60.6,37.2
26260-215,"명장유림노르웨이숲",동래구,21-30,100-299,KNOWN,58.0,54.7
26260-169,"동양맨션",동래구,31+,100-299,MISSING,51.0,37.0
26260-3646,"래미안포레스티지3단지",동래구,0-10,1000+,KNOWN,57.9,88.4
26260-127,"백산2",동래구,31+,100-299,MISSING,56.3,35.4
26260-1513,"동래센트럴파크하이츠1차",동래구,11-20,300-499,KNOWN,59.4,72.1
26260-143,"해운",동래구,31+,100-299,MISSING,46.8,34.6
26260-1774,"센텀유림노르웨이숲",동래구,11-20,100-299,KNOWN,58.6,61.0
26260-51,"대가하이츠",동래구,21-30,<100,KNOWN,61.4,45.2
26260-33,"중앙하이츠1",동래구,31+,300-499,MISSING,62.4,50.0
26260-12,"새동래1(가~라동)",동래구,31+,300-499,MISSING,65.2,42.9
26260-6,"무궁화",동래구,31+,100-299,MISSING,54.3,29.8
26260-2099,"온천동한진스카이뷰",동래구,0-10,100-299,KNOWN,54.7,67.6
26260-53,"대륙코리아나",동래구,31+,100-299,MISSING,48.2,44.9
26260-186,"협진태양",동래구,31+,100-299,MISSING,51.4,39.2
26260-45,"명륜한신",동래구,31+,100-299,MISSING,57.0,34.8
26260-132,"신동아(가)75-5",동래구,31+,unknown,MISSING,53.6,17.6
26260-314,"글로벌빌라트",동래구,21-30,unknown,MISSING,45.1,46.0
26260-263,"해피타운",동래구,21-30,unknown,MISSING,49.4,51.4
26260-2174,"한성기린(668-0)",동래구,31+,unknown,MISSING,62.4,23.2
26260-2112,"포르투나",동래구,0-10,<100,MISSING,62.3,61.1
26260-44,"청마",동래구,31+,<100,MISSING,55.5,26.8
26260-1788,"센텀빌",동래구,11-20,<100,MISSING,69.9,46.8
26260-67,"삼우맨션",동래구,31+,<100,MISSING,59.0,21.5
26260-1452,"르 메이에르 동래타운",동래구,21-30,100-299,MISSING,58.2,56.6
26260-208,"성완아이렉스",동래구,21-30,100-299,MISSING,55.5,50.1
26260-203,"금광타워빌",동래구,21-30,<100,MISSING,51.6,41.2
26260-77,"원타워",동래구,31+,<100,MISSING,61.2,35.3
26260-181,"영산무지개타운",동래구,31+,100-299,MISSING,52.9,43.2
26260-285,"경보이리스힐",동래구,21-30,100-299,KNOWN,53.9,50.9
26260-84,"화인",동래구,31+,100-299,MISSING,41.1,38.5
26260-280,"선경시티빌",동래구,21-30,<100,MISSING,54.6,29.6
26260-136,"유원",동래구,31+,100-299,MISSING,35.6,44.6
26260-221,"태성맨션",동래구,31+,<100,MISSING,57.2,23.6
26260-194,"춘당탑스빌",동래구,21-30,<100,MISSING,59.0,35.3
26260-1986,"더팰리스",동래구,0-10,unknown,MISSING,72.1,76.0
26260-308,"협성",동래구,31+,unknown,MISSING,58.8,16.0
26260-63,"반도",동래구,31+,unknown,MISSING,39.7,18.4
26260-1790,"초원스마트빌",동래구,11-20,<100,MISSING,53.5,46.4
26260-1464,"엘리유리안",동래구,11-20,<100,MISSING,67.9,44.7
26260-371,"성완세띠앙",동래구,21-30,100-299,MISSING,67.4,51.1
26260-278,"일화그린빌라",동래구,31+,<100,MISSING,37.0,25.5
26260-286,"지영아이니드빌",동래구,21-30,<100,MISSING,65.2,42.0
26260-171,"명장제일",동래구,31+,<100,MISSING,48.5,23.1
26260-131,"신공영",동래구,31+,<100,MISSING,50.0,22.8
26260-2124,"지성캐슬",동래구,0-10,<100,MISSING,69.2,56.8
26260-244,"명륜동위너비타",동래구,21-30,<100,MISSING,66.6,46.1
26260-27,"광림",동래구,31+,<100,MISSING,56.5,28.5
26260-111,"아림베르빌",동래구,21-30,<100,MISSING,63.3,37.4
26260-1947,"트레비앙",동래구,0-10,<100,MISSING,59.0,54.0
26260-133,"신사직",동래구,31+,100-299,MISSING,51.7,30.7
26260-126,"백산1",동래구,31+,<100,MISSING,58.0,27.7
26260-1930,"수안동미소지음아파트",동래구,11-20,<100,KNOWN,65.7,58.4
26260-41,"덕산",동래구,31+,<100,MISSING,60.3,28.8
26260-7,"반도보라",동래구,31+,100-299,MISSING,59.4,35.8
26260-164,"국제파크",동래구,21-30,100-299,MISSING,57.9,49.2
26260-40,"동래복천현대",동래구,21-30,300-499,MISSING,54.9,52.9
26260-146,"도시안락",동래구,31+,<100,MISSING,47.4,23.1
26260-121,"동원빌라",동래구,31+,<100,MISSING,61.2,27.4
26260-37,"한신2",동래구,31+,100-299,MISSING,57.8,31.8
26260-54,"동남온천맨션",동래구,31+,100-299,MISSING,55.9,30.9
26260-36,"한신1",동래구,31+,100-299,MISSING,65.1,32.3
26260-141,"태양연립",동래구,31+,unknown,MISSING,54.3,14.4
26260-1802,"근창펠리체",동래구,11-20,<100,MISSING,67.3,48.1
26260-19,"수안동신맨션",동래구,31+,<100,MISSING,51.1,21.7
26260-198,"듀오빌",동래구,21-30,<100,MISSING,63.7,36.3
26260-1868,"홍림그린피아2차",동래구,11-20,<100,MISSING,66.8,52.7
26260-1982,"오름파크",동래구,0-10,<100,MISSING,64.8,53.1
26260-2060,"동래센트리움아파트",동래구,0-10,<100,MISSING,65.9,54.4
26260-224,"대신탑스빌",동래구,21-30,<100,MISSING,62.6,36.4
26260-303,"사직리첸스빌",동래구,21-30,<100,MISSING,61.8,39.4
26260-1939,"광명캐슬",동래구,11-20,<100,MISSING,61.4,48.4
26260-97,"신보빌라",동래구,21-30,<100,MISSING,45.1,35.5
26260-299,"미소마을",동래구,21-30,<100,MISSING,61.3,35.6
26260-268,"효림시티빌",동래구,21-30,<100,MISSING,57.3,36.1
26260-178,"새천년",동래구,21-30,<100,MISSING,51.4,43.8
26260-185,"한신",동래구,31+,<100,MISSING,47.9,31.0
26260-179,"아림파크맨션",동래구,31+,100-299,MISSING,51.0,36.2
26260-1493,"동래SKVIEW2차",동래구,11-20,100-299,KNOWN,68.7,63.3
26260-167,"동남타워",동래구,31+,100-299,MISSING,46.7,38.6
26260-83,"온천화신아파트",동래구,31+,100-299,KNOWN,45.5,37.6
26260-356,"동호",동래구,31+,<100,MISSING,48.0,22.2
26260-294,"유성빌라",동래구,31+,unknown,MISSING,59.5,28.0
26260-1783,"허브센티움Ⅱ",동래구,11-20,unknown,MISSING,72.2,69.4
26260-2444,"래미안포레스티지",동래구,0-10,unknown,MISSING,58.7,93.0
26260-1854,"더리체",동래구,11-20,<100,MISSING,66.8,49.2
26260-182,"영화맨션",동래구,31+,<100,MISSING,45.8,23.2
26260-1955,"휴림아르페",동래구,0-10,<100,MISSING,69.4,53.4
26260-211,"동보스카이힐",동래구,21-30,<100,MISSING,62.3,43.0
26260-1785,"용진스타티스",동래구,11-20,<100,MISSING,54.6,52.5
26260-147,"삼성",동래구,31+,<100,MISSING,48.3,18.3
26260-1923,"골드리버",동래구,11-20,<100,MISSING,61.1,50.1
26260-243,"한우리아트빌",동래구,21-30,<100,MISSING,61.7,34.7
26260-1906,"남영아트펠리체",동래구,11-20,<100,MISSING,58.9,50.1
26260-80,"온천프라자",동래구,21-30,100-299,MISSING,58.4,42.5
26260-1717,"초원시티빌",동래구,11-20,<100,MISSING,51.2,45.8
26260-144,"대성하이빌",동래구,21-30,<100,MISSING,58.1,34.7
26260-82,"현대빌라",동래구,31+,<100,MISSING,44.2,25.0
26260-1708,"태경에버리치",동래구,11-20,<100,MISSING,67.0,46.9
26260-2050,"우석쉐르빌",동래구,0-10,<100,MISSING,65.2,57.8
26260-369,"삼정그린빌라",동래구,21-30,<100,MISSING,62.1,33.4
26260-156,"한성기린",동래구,31+,100-299,KNOWN,61.5,30.6
26260-145,"남흥",동래구,31+,100-299,MISSING,51.3,36.8
26260-233,"동래하이츠빌라",동래구,21-30,unknown,MISSING,62.9,46.0
26260-22,"장미",동래구,31+,<100,MISSING,56.7,24.0
26260-4,"대토",동래구,31+,<100,MISSING,43.5,21.4
26260-1858,"일성아이앤유",동래구,11-20,unknown,MISSING,57.5,71.6
26380-242,"몰운대",사하구,21-30,500-999,MISSING,66.1,59.5
26380-2038,"괴정신동아파밀리에",사하구,0-10,100-299,KNOWN,60.7,66.1
26260-276,"세종빌에이동",동래구,21-30,unknown,MISSING,50.1,51.4
26260-297,"제세하이빌(48-7)",동래구,21-30,unknown,MISSING,58.6,46.0
26260-9,"삼경맨션",동래구,31+,unknown,MISSING,49.8,16.8
26260-2031,"시티하임3차",동래구,0-10,unknown,MISSING,74.8,78.4
26260-1654,"시티하임",동래구,11-20,unknown,MISSING,65.4,67.2
26260-88,"태건빌리지",동래구,21-30,<100,MISSING,50.6,34.3
26380-266,"동일",사하구,31+,100-299,MISSING,36.0,35.2
26380-208,"강남",사하구,31+,300-499,KNOWN,40.2,45.7
26380-349,"동원로얄듀크",사하구,21-30,1000+,KNOWN,41.0,69.1
26380-1939,"e편한세상사하",사하구,0-10,1000+,KNOWN,40.5,77.7
26380-3007,"두산위브더제니스센트럴사하",사하구,0-10,1000+,KNOWN,60.1,89.7
26380-239,"다송",사하구,31+,500-999,MISSING,55.4,55.3
26380-1617,"다대동롯데캐슬몰운대",사하구,11-20,1000+,KNOWN,61.5,75.3
26380-210,"국제마마",사하구,31+,100-299,MISSING,31.4,47.8
26380-1854,"다대롯데캐슬블루",사하구,11-20,1000+,KNOWN,67.6,80.0
26380-1612,"협성르네상스",사하구,11-20,500-999,KNOWN,64.0,67.6
26380-2084,"힐스테이트사하역",사하구,0-10,1000+,KNOWN,68.2,86.9
26380-1952,"당리경보이리스힐",사하구,0-10,100-299,KNOWN,46.5,69.5
26380-255,"다대포현대",사하구,31+,1000+,MISSING,58.4,61.0
26380-243,"삼환",사하구,21-30,1000+,MISSING,60.3,63.2
26380-254,"다대해송",사하구,31+,500-999,MISSING,58.5,52.6
26380-261,"감천유림1차",사하구,21-30,300-499,MISSING,43.4,56.7
26380-238,"다대푸른",사하구,21-30,500-999,MISSING,62.9,58.3
26380-202,"신익강변타운",사하구,31+,500-999,MISSING,55.6,57.2
26380-2069,"사하코오롱하늘채",사하구,0-10,500-999,KNOWN,52.1,83.5
26380-1637,"부영벽산블루밍",사하구,11-20,100-299,KNOWN,59.8,63.7
26380-27,"삼익",사하구,31+,100-299,MISSING,61.5,31.1
26380-1584,"동원베네스트2차",사하구,11-20,300-499,KNOWN,30.5,66.7
26380-213,"장림3차동원",사하구,21-30,300-499,KNOWN,66.5,53.5
26380-345,"영동힐타운",사하구,21-30,100-299,KNOWN,29.9,49.7
26380-1689,"신평협성엠파이어",사하구,11-20,100-299,KNOWN,46.0,63.3
26380-296,"수호천사",사하구,21-30,<100,KNOWN,44.6,45.6
26380-128,"가락타운1",사하구,31+,1000+,MISSING,58.4,59.5
26380-204,"한솔베스파트",사하구,21-30,100-299,KNOWN,54.8,52.3
26380-105,"당리에덴동산타운",사하구,31+,100-299,MISSING,53.4,42.3
26380-47,"우신타워아파트",사하구,31+,100-299,MISSING,40.8,42.5
26380-1795,"부산구평동한신휴플러스",사하구,11-20,300-499,KNOWN,45.2,68.3
26380-334,"하단동에스케이뷰",사하구,21-30,1000+,KNOWN,42.3,68.2
26380-2082,"괴정한신더휴",사하구,0-10,500-999,KNOWN,66.2,83.5
26380-1947,"사하뷰웰",사하구,0-10,500-999,KNOWN,58.7,77.4
26380-216,"장림로얄베스토피아",사하구,31+,100-299,KNOWN,59.1,39.2
26380-91,"벽산으뜸",사하구,31+,100-299,MISSING,55.0,46.0
26380-14,"동아파크",사하구,31+,100-299,MISSING,44.9,38.1
26380-1733,"다대푸르지오",사하구,11-20,500-999,KNOWN,58.8,77.4
26380-2053,"사하역비스타동원",사하구,0-10,500-999,KNOWN,76.0,81.2
26380-120,"혜성",사하구,21-30,300-499,MISSING,41.0,54.3
26380-205,"한신",사하구,31+,500-999,MISSING,49.3,58.1
26380-234,"국제그린",사하구,31+,500-999,MISSING,57.8,60.5
26380-1610,"극동스타클래스",사하구,11-20,300-499,KNOWN,67.9,63.8
26380-350,"당리동1차동원베네스트",사하구,21-30,300-499,KNOWN,30.0,63.1
26380-206,"현대",사하구,31+,500-999,MISSING,49.1,59.5
26380-318,"영동힐타운",사하구,21-30,<100,MISSING,56.6,39.1
26380-1941,"신평삼한사랑채",사하구,0-10,100-299,KNOWN,47.3,69.2
26380-259,"구평화신",사하구,31+,unknown,MISSING,34.3,31.6
26380-1975,"e편한세상사하2차",사하구,0-10,500-999,KNOWN,44.1,78.9
26380-338,"신세대지큐빌",사하구,21-30,500-999,KNOWN,51.3,62.1
26380-317,"대호세화",사하구,31+,100-299,MISSING,54.6,32.6
26380-280,"부영벽산파라빌",사하구,21-30,500-999,KNOWN,56.5,62.0
26380-218,"장림삼경아파트",사하구,31+,100-299,MISSING,42.8,48.2
26380-265,"남성한빛가든",사하구,31+,300-499,KNOWN,40.7,47.5
26380-103,"당리신익",사하구,31+,300-499,MISSING,59.5,47.7
26380-51,"괴정자유3",사하구,21-30,100-299,MISSING,53.7,52.0
26380-258,"구평1차자유",사하구,21-30,500-999,KNOWN,40.8,58.9
26380-1857,"괴정 K스타파크",사하구,11-20,100-299,KNOWN,66.0,65.6
26380-50,"자유",사하구,31+,300-499,MISSING,61.3,40.9
26380-245,"성원",사하구,21-30,500-999,KNOWN,62.9,63.7
26380-1608,"괴정경동메르빌",사하구,11-20,100-299,KNOWN,40.3,53.7
26380-15,"괴정동원",사하구,31+,100-299,MISSING,51.2,30.8
26380-178,"한신혜성",사하구,21-30,500-999,MISSING,60.4,56.8
26380-200,"신평삼익아파트",사하구,31+,300-499,MISSING,49.3,45.0
26380-1917,"괴정협성휴포레아파트",사하구,0-10,100-299,KNOWN,66.6,74.2
26380-1977,"장림역사하베스티움",사하구,0-10,100-299,KNOWN,72.5,69.7
26380-323,"청호2차",사하구,21-30,<100,MISSING,71.2,40.5
26380-287,"리치하우스",사하구,21-30,<100,MISSING,67.7,45.5
26380-215,"동해",사하구,31+,<100,MISSING,58.3,24.0
26380-269,"삼정동백",사하구,31+,<100,MISSING,43.7,21.9
26380-268,"감천백산",사하구,31+,100-299,MISSING,44.0,46.9
26380-1961,"헤를리치",사하구,0-10,<100,MISSING,45.6,54.7
26380-214,"동원타워",사하구,31+,100-299,MISSING,52.5,44.7
26380-207,"원우",사하구,21-30,100-299,KNOWN,58.2,54.1
26380-248,"자유",사하구,31+,500-999,MISSING,51.3,58.5
26380-2041,"장림역베스티움2차",사하구,0-10,100-299,KNOWN,66.6,74.5
26380-283,"신평한성임호",사하구,31+,300-499,MISSING,51.0,53.4
26380-94,"삼성타워맨션",사하구,31+,100-299,MISSING,44.5,42.5
26380-233,"경동메르빌아파트",사하구,21-30,100-299,KNOWN,42.8,51.5
26380-230,"현대타워",사하구,31+,100-299,MISSING,59.7,39.0
26380-253,"다대코오롱맨션",사하구,31+,500-999,MISSING,60.9,49.3
26380-18,"동진그린힐",사하구,31+,100-299,MISSING,54.9,46.2
26380-229,"장림현대(372-4)",사하구,31+,500-999,MISSING,63.5,53.7
26380-260,"감천단지",사하구,31+,100-299,MISSING,47.3,36.6
26380-135,"공작",사하구,31+,100-299,MISSING,41.2,31.1
26380-1580,"장림윌더하임",사하구,21-30,300-499,KNOWN,57.9,60.6
26380-166,"하단청구",사하구,21-30,300-499,KNOWN,51.1,56.2
26380-2013,"리버팰리스",사하구,0-10,unknown,MISSING,67.7,83.2
26380-274,"감천유림2차",사하구,21-30,300-499,KNOWN,39.3,59.0
26380-83,"괴정신동화",사하구,21-30,unknown,MISSING,56.7,37.0
26380-1776,"당리푸르지오",사하구,11-20,500-999,KNOWN,67.8,74.8
26380-108,"우림그린맨션",사하구,31+,100-299,MISSING,38.5,41.8
26380-111,"일원파크맨션",사하구,31+,<100,MISSING,43.1,31.9
26380-2003,"하단지음주상복합",사하구,0-10,unknown,MISSING,70.5,83.2
26380-307,"새보람더존빌",사하구,21-30,<100,MISSING,64.9,47.9
26380-224,"장림",사하구,31+,<100,MISSING,43.9,22.1
26380-141,"하단대진",사하구,31+,100-299,MISSING,58.5,38.3
26380-346,"신한",사하구,31+,<100,MISSING,29.6,29.9
26380-277,"해태",사하구,21-30,100-299,KNOWN,35.2,54.3
26380-250,"조성하이츠",사하구,31+,100-299,MISSING,62.9,41.8
26380-84,"당리삼창",사하구,21-30,100-299,KNOWN,69.9,50.6
26380-199,"신평럭키무지개타운",사하구,31+,300-499,MISSING,50.8,48.5
26380-121,"호성빌라맨션",사하구,31+,<100,MISSING,54.8,33.8
26380-219,"삼경제일",사하구,31+,100-299,MISSING,41.9,41.7
26380-38,"신괴정화신아파트",사하구,31+,100-299,MISSING,51.6,44.2
26380-237,"다대다해",사하구,31+,300-499,MISSING,59.7,44.4
26380-52,"장미",사하구,31+,<100,MISSING,43.6,26.6
26380-221,"장림신도",사하구,31+,100-299,MISSING,43.7,39.1
26380-1922,"괴정동천아하늘정원2차",사하구,0-10,<100,KNOWN,67.7,60.1
26380-22,"벽산하이츠타운",사하구,31+,100-299,MISSING,50.5,50.1
26380-244,"삼환2",사하구,21-30,100-299,KNOWN,55.3,52.7
26380-2115,"사하삼정그린코아더시티",사하구,0-10,100-299,KNOWN,70.6,76.7
26380-176,"하단삼창",사하구,21-30,100-299,KNOWN,61.6,49.3
26380-241,"대우",사하구,21-30,500-999,KNOWN,68.6,63.7
26380-295,"화원레샹스",사하구,21-30,unknown,MISSING,67.1,51.4
26380-209,"국제그레이트",사하구,21-30,<100,MISSING,51.9,42.5
26380-300,"현대캐스빌",사하구,21-30,<100,MISSING,50.9,36.0
26380-39,"신대우빌라트",사하구,31+,<100,MISSING,39.1,28.8
26380-59,"하이츠빌리지",사하구,31+,<100,MISSING,45.6,31.6
26380-20,"미광",사하구,31+,<100,MISSING,55.5,24.2
26380-1989,"하단동한웅드리머스",사하구,0-10,<100,MISSING,71.9,56.1
26380-249,"조성",사하구,31+,300-499,MISSING,56.2,48.3
26380-201,"삼창강변1",사하구,21-30,100-299,KNOWN,53.8,52.6
26380-290,"지오빌1(A동)",사하구,21-30,<100,KNOWN,52.3,43.7
26380-101,"당리동신동아(33-4)",사하구,21-30,100-299,MISSING,38.1,42.0
26380-228,"장림현대(60-42)",사하구,31+,100-299,MISSING,45.1,43.0
26380-217,"벽산아파트",사하구,31+,300-499,MISSING,37.6,51.2
26380-281,"사남신익",사하구,31+,100-299,MISSING,52.5,39.3
26380-65,"현대신델라",사하구,31+,unknown,MISSING,55.3,24.8
26380-222,"신우림",사하구,21-30,100-299,KNOWN,61.4,52.2
26380-43,"괴정자유2차",사하구,21-30,100-299,MISSING,47.5,49.3
26380-1662,"괴정엔스타",사하구,11-20,100-299,KNOWN,64.0,66.0
26380-3,"국제",사하구,31+,100-299,MISSING,54.9,36.0
26380-41,"신익",사하구,31+,<100,MISSING,42.0,30.4
26380-62,"한우",사하구,31+,<100,MISSING,60.8,28.7
26380-67,"협진태양",사하구,31+,300-499,MISSING,53.3,40.0
26380-69,"흥아거북",사하구,31+,100-299,MISSING,49.1,31.3
26380-294,"남도그린빌라",사하구,31+,<100,MISSING,34.2,25.8
26380-285,"강진노블레스",사하구,21-30,<100,MISSING,63.1,41.6
26380-291,"티파니빌라트",사하구,21-30,<100,MISSING,40.2,37.9
26380-1978,"재성힐링파크2차",사하구,0-10,<100,MISSING,66.3,57.2
26380-146,"두꺼비맨션",사하구,31+,<100,MISSING,44.8,19.5
26380-1589,"(503-12)",사하구,31+,<100,MISSING,42.8,20.4
26380-136,"궁전시티빌",사하구,21-30,<100,MISSING,54.4,33.4
26380-232,"화천아파트",사하구,31+,100-299,MISSING,47.9,34.6
26380-42,"신익타운",사하구,31+,100-299,MISSING,44.7,43.3
26380-292,"도시두송",사하구,21-30,100-299,KNOWN,50.3,45.7
26380-127,"당리4차혜성",사하구,21-30,<100,KNOWN,39.0,44.0
26380-223,"장림우림그린맨션",사하구,31+,100-299,MISSING,52.3,45.4
26380-1706,"참누리아파트",사하구,11-20,100-299,KNOWN,51.7,59.8
26380-66,"협진신태양",사하구,31+,100-299,MISSING,50.9,30.8
26380-2,"괴정한신",사하구,21-30,100-299,MISSING,64.0,48.9
26380-90,"당리반도보라맨션",사하구,31+,300-499,MISSING,54.2,49.5
26380-276,"한성",사하구,31+,<100,MISSING,29.8,27.5
26380-282,"사하오성빌라맨션",사하구,31+,100-299,MISSING,43.3,39.1
26380-1979,"동매힐스",사하구,0-10,<100,KNOWN,57.5,57.4
26380-264,"남성타워",사하구,31+,<100,MISSING,31.9,35.6
26380-1932,"유원블루파크에이동",사하구,0-10,unknown,MISSING,66.5,76.0
26380-189,"동조리젠시",사하구,21-30,unknown,MISSING,57.5,47.8
26380-524,"동조신현트레빌",사하구,21-30,<100,MISSING,57.9,35.5
26380-332,"나산리츠",사하구,21-30,<100,MISSING,51.2,37.6
26380-26,"삼부",사하구,31+,<100,MISSING,49.2,20.1
26380-1934,"에코펠리스",사하구,0-10,<100,MISSING,61.3,52.5
26380-183,"선경아트빌",사하구,21-30,<100,MISSING,51.4,35.5
26380-286,"신화프라자",사하구,21-30,<100,MISSING,62.1,43.0
26380-514,"천아하늘정원",사하구,21-30,<100,MISSING,57.8,43.6
26380-1999,"더블루원허브",사하구,0-10,<100,MISSING,58.7,61.5
26380-5,"금일아트빌",사하구,21-30,<100,MISSING,62.3,32.8
26380-156,"하단에덴",사하구,31+,<100,MISSING,40.9,26.2
26380-8,"남정해바라기",사하구,31+,<100,MISSING,52.1,23.2
26380-119,"협진태양",사하구,31+,100-299,MISSING,53.0,38.9
26380-324,"나산리버빌",사하구,21-30,<100,KNOWN,66.6,41.2
26380-55,"천일로얄",사하구,31+,100-299,MISSING,53.5,31.0
26380-115,"창신",사하구,31+,100-299,MISSING,59.0,37.6
26380-85,"당리형제",사하구,21-30,100-299,KNOWN,43.6,44.6
26380-351,"신흥동백(359-1)",사하구,31+,<100,MISSING,27.3,31.4
26380-2112,"협진신태양(240-80)",사하구,31+,<100,MISSING,59.5,29.3
26380-46,"우림그린",사하구,31+,unknown,MISSING,42.4,24.8
26380-526,"정우아트빌",사하구,21-30,<100,MISSING,57.2,33.1
26380-305,"노블레스(764-11)",사하구,21-30,unknown,MISSING,67.3,49.6
26380-172,"하구언1",사하구,31+,unknown,MISSING,40.7,16.8
26380-137,"남연",사하구,31+,unknown,MISSING,48.9,16.8
26380-315,"하단시티빌(88-5)",사하구,21-30,unknown,MISSING,59.0,46.0
26380-314,"하단시티빌(88-4)",사하구,21-30,unknown,MISSING,60.2,46.0
26380-1959,"그린시티",사하구,0-10,unknown,MISSING,73.7,78.4
26380-1808,"아람",사하구,11-20,<100,MISSING,65.8,47.3
26380-1738,"(888-1)",사하구,11-20,<100,MISSING,42.9,45.6
26380-1579,"경성리치W",사하구,21-30,<100,MISSING,63.6,47.4
26380-56,"로즈빌라",사하구,21-30,<100,MISSING,44.8,29.8
26380-140,"대우에덴프라자",사하구,21-30,<100,MISSING,47.7,39.0
26380-1953,"더휴",사하구,0-10,100-299,MISSING,53.4,65.3
26380-521,"화천승학",사하구,31+,<100,MISSING,59.1,21.1
26380-2019,"대림SM",사하구,0-10,<100,MISSING,71.0,55.3
26380-273,"우림",사하구,31+,<100,MISSING,24.9,20.3
26380-2018,"태린비주펠리스",사하구,0-10,<100,MISSING,46.2,55.7
26380-322,"충우드림라이프",사하구,21-30,<100,MISSING,70.3,39.1
26380-231,"장림협진태양",사하구,31+,100-299,MISSING,49.1,37.2
26380-96,"성도솔밭맨션",사하구,31+,unknown,MISSING,55.5,21.6
26380-272,"신흥동백(361)",사하구,31+,<100,MISSING,30.3,30.1
26380-13,"동덕",사하구,31+,<100,MISSING,56.7,24.9
26380-10,"대티은하",사하구,31+,unknown,MISSING,40.6,18.4
26380-1578,"신평럭키무지개타운(206-5)",사하구,31+,<100,MISSING,47.3,33.9
26380-257,"영생비치",사하구,31+,100-299,MISSING,38.6,35.6
26380-64,"괴정한일하나로타운",사하구,31+,100-299,MISSING,42.4,42.5
26380-275,"제일(13-1105)",사하구,31+,unknown,MISSING,20.0,12.0
26380-73,"승경하이츠",사하구,21-30,unknown,MISSING,58.8,47.8
26380-1783,"누리아띠",사하구,11-20,unknown,MISSING,52.8,69.4
26380-198,"그린파크",사하구,31+,unknown,MISSING,46.3,19.2
26380-193,"섬진2",사하구,21-30,unknown,MISSING,48.1,47.8
26380-100,"신동아(320-31)",사하구,31+,unknown,MISSING,52.6,17.6
26380-306,"노블레스(764-112)",사하구,21-30,unknown,MISSING,66.9,49.6
26380-184,"섬진1",사하구,21-30,unknown,MISSING,66.8,49.6
26380-102,"신동아(330-4)",사하구,31+,unknown,MISSING,57.3,17.6
26380-226,"평생골드타운",사하구,21-30,<100,MISSING,38.9,38.7
26380-1669,"그린시티",사하구,11-20,<100,MISSING,55.9,52.2
26380-1864,"리버포레(B동)",사하구,11-20,<100,MISSING,52.0,50.1
26380-1887,"한영리더스",사하구,11-20,<100,MISSING,65.8,49.7
26380-133,"경인",사하구,31+,<100,MISSING,43.0,21.2
26380-293,"초원빌",사하구,21-30,<100,KNOWN,46.6,44.3
26380-63,"한일하나로",사하구,31+,<100,MISSING,42.8,27.7
26380-523,"럭키(484-2)",사하구,31+,unknown,MISSING,53.0,18.4
26380-288,"청목미르피아",사하구,21-30,100-299,KNOWN,50.6,49.7
26380-31,"새괴정화신",사하구,31+,100-299,MISSING,55.5,29.6
26380-35,"소라",사하구,31+,unknown,MISSING,48.5,15.2
26380-30,"새괴정협진태양",사하구,31+,100-299,MISSING,48.4,32.6
26380-1899,"괴정동그린시티",사하구,0-10,unknown,MISSING,67.3,76.0
26140-1243,"대신푸르지오1차",서구,0-10,500-999,KNOWN,64.4,82.0
26140-1321,"힐스테이트이진베이시티아파트",서구,0-10,1000+,KNOWN,41.1,91.0
26380-82,"성경로즈힐(1차)-101",사하구,21-30,unknown,MISSING,52.3,46.0
26380-336,"신선(417-0)",사하구,21-30,unknown,MISSING,58.4,51.4
26380-352,"목련(B)",사하구,21-30,unknown,MISSING,60.2,47.8
26380-130,"가락타운3",사하구,31+,1000+,KNOWN,57.6,56.3
26380-129,"가락타운2",사하구,31+,1000+,KNOWN,57.6,56.3
26380-92,"부영",사하구,31+,unknown,MISSING,54.1,16.8
26380-308,"동조리젠시타워",사하구,21-30,unknown,MISSING,59.7,49.6
26380-16,"동조리젠시",사하구,21-30,unknown,MISSING,51.3,46.0
26380-190,"동조리젠시2",사하구,21-30,unknown,MISSING,46.5,47.8
26140-1216,"동대신동미소지음3차주상복합아파트",서구,0-10,<100,MISSING,65.8,54.2
26140-978,"송도풍림아이원",서구,11-20,100-299,KNOWN,36.0,66.1
26140-1175,"부용동한웅드리머스",서구,11-20,100-299,KNOWN,65.5,62.6
26140-1245,"대신더샵",서구,0-10,300-499,KNOWN,60.6,74.9
26140-1249,"토성동경동리인타워",서구,0-10,300-499,KNOWN,73.8,77.3
26140-1176,"헤리츠아파트2차",서구,11-20,unknown,MISSING,74.0,73.8
26140-133,"금호어울림",서구,21-30,100-299,KNOWN,50.7,61.1
26140-114,"송도현대",서구,31+,100-299,MISSING,23.6,43.4
26140-1167,"오현스위트",서구,11-20,<100,MISSING,64.1,49.4
26140-1273,"오현예다움",서구,0-10,<100,MISSING,67.1,55.0
26140-39,"구덕자유",서구,21-30,100-299,KNOWN,61.7,37.7
26350-2360,"해운대동백두산위브더제니스",해운대구,0-10,300-499,KNOWN,60.9,76.2
26350-131,"엘지",해운대구,21-30,<100,MISSING,53.5,34.3
26350-2362,"해운대더샵센텀그린",해운대구,0-10,300-499,KNOWN,59.6,76.1
26350-247,"롯데캐슬마린",해운대구,21-30,500-999,KNOWN,70.8,69.1
26350-2108,"센텀이편한세상",해운대구,11-20,1000+,KNOWN,67.7,69.7
26350-2090,"센텀피오레1차",해운대구,21-30,500-999,KNOWN,64.8,66.8
26350-2342,"해운대자이2차1단지",해운대구,0-10,500-999,KNOWN,53.0,78.9
26350-214,"센텀롯데캐슬아파트",해운대구,21-30,unknown,MISSING,50.8,51.4
26350-119,"동신",해운대구,21-30,500-999,KNOWN,64.3,57.6
26350-2128,"메가센텀한화꿈에그린",해운대구,11-20,1000+,KNOWN,63.5,76.8
26140-1239,"한우리빌리지5차",서구,0-10,unknown,MISSING,73.6,80.8
26350-2386,"센텀천일스카이원",해운대구,0-10,100-299,KNOWN,43.8,70.5
26350-2130,"해운대중동두산위브",해운대구,11-20,300-499,KNOWN,70.7,64.5
26350-2272,"더샵센텀누리",해운대구,11-20,300-499,KNOWN,52.2,72.6
26350-49,"재송그린",해운대구,31+,<100,MISSING,46.2,23.2
26350-103,"중동삼정그린코아",해운대구,21-30,100-299,KNOWN,57.8,53.2
26350-197,"아시아선수촌아파트",해운대구,21-30,1000+,KNOWN,56.9,70.1
26350-2395,"롯데캐슬스타",해운대구,0-10,500-999,KNOWN,73.5,84.2
26350-128,"삼환",해운대구,21-30,300-499,KNOWN,57.6,55.6
26350-209,"우신",해운대구,21-30,300-499,KNOWN,43.4,57.7
26350-2387,"해운대센텀미진이지비아아파트",해운대구,0-10,100-299,KNOWN,62.0,69.9
26350-173,"LIG건영",해운대구,21-30,<100,MISSING,28.4,39.6
26350-2304,"해운대송정우림필유아파트",해운대구,11-20,300-499,KNOWN,29.3,69.4
26350-38,"시영80년",해운대구,31+,unknown,MISSING,48.5,16.0
26350-56,"현대(1051-2)",해운대구,31+,unknown,MISSING,53.4,23.2
26350-149,"광우파크맨션",해운대구,31+,unknown,MISSING,33.3,20.0
26350-2095,"롯데캐슬마스터",해운대구,21-30,100-299,KNOWN,65.5,55.1
26350-163,"에덴동산타운",해운대구,31+,100-299,MISSING,40.8,44.2
26350-2099,"해운대메트로하이츠",해운대구,21-30,100-299,KNOWN,64.8,58.4
26350-141,"코오롱",해운대구,21-30,100-299,MISSING,58.1,42.9
26350-208,"삼한5차",해운대구,21-30,100-299,KNOWN,41.9,55.6
26350-33,"센텀한보미도",해운대구,31+,100-299,MISSING,46.6,41.8
26350-2371,"해운대센텀트루엘2단지",해운대구,0-10,100-299,KNOWN,55.3,70.5
26350-2259,"해운대한신휴플러스",해운대구,11-20,100-299,KNOWN,56.0,71.1
26350-2437,"해운대센트럴푸르지오",해운대구,0-10,500-999,KNOWN,73.2,85.9
26230-358,"동일스위트",부산진구,21-30,1000+,KNOWN,42.0,69.4
26230-1734,"서면쌍용스윗닷홈파크",부산진구,11-20,100-299,KNOWN,59.5,63.7
26230-1635,"당감뜨란채",부산진구,21-30,500-999,KNOWN,43.0,62.6
26230-2858,"초읍하늘채포레스원",부산진구,0-10,500-999,KNOWN,58.7,88.5
26230-51,"초읍대우",부산진구,21-30,300-499,KNOWN,42.3,56.6
26230-2814,"가야롯데캐슬골드아너",부산진구,0-10,500-999,KNOWN,67.6,88.0
26230-241,"반도보라빌",부산진구,21-30,1000+,KNOWN,53.9,70.3
26230-2602,"가야센트레빌",부산진구,0-10,100-299,KNOWN,56.3,72.6
26350-187,"풍전",해운대구,31+,<100,MISSING,53.3,24.5
26350-291,"신우빌라",해운대구,31+,unknown,MISSING,39.8,29.8
26350-2408,"쌍용더플래티넘해운대",해운대구,0-10,100-299,KNOWN,73.1,71.4
26350-2179,"해운대경남아너스빌",해운대구,11-20,300-499,KNOWN,70.9,69.8
26350-186,"이진",해운대구,21-30,100-299,KNOWN,51.1,48.0
26350-2094,"현대베네시티",해운대구,21-30,300-499,KNOWN,55.8,67.0
26350-2227,"해운대자이2단지",해운대구,11-20,100-299,KNOWN,52.4,57.7
26350-176,"광하주택2",해운대구,31+,100-299,MISSING,49.5,38.4
26350-101,"현우산호맨션",해운대구,31+,<100,MISSING,48.0,27.7
26350-2610,"해운대경동리인뷰2차",해운대구,0-10,500-999,KNOWN,72.6,85.6
26350-9,"롯데",해운대구,31+,500-999,MISSING,53.0,57.5
26350-2376,"해운대비스타동원",해운대구,0-10,500-999,KNOWN,68.6,80.0
26350-2110,"반도보라빌",해운대구,11-20,500-999,KNOWN,59.6,65.4
26350-2415,"센텀마티안",해운대구,0-10,100-299,KNOWN,63.8,75.6
26470-1505,"일호센텀누리",연제구,0-10,<100,MISSING,63.9,58.0
26230-2657,"이진젠시티개금",부산진구,0-10,500-999,KNOWN,61.5,86.6
26230-1670,"양정메트로하이츠",부산진구,11-20,100-299,KNOWN,54.9,59.6
26230-138,"우성",부산진구,31+,unknown,MISSING,43.5,24.8
26230-2590,"서면6차봄여름가을겨울",부산진구,0-10,100-299,KNOWN,64.9,74.4
26230-140,"개금주공1",부산진구,31+,300-499,MISSING,54.7,45.0
26230-4573,"양정자이더샵SKVIEW아파트(3단지)",부산진구,0-10,300-499,KNOWN,67.0,82.2
26230-130,"삼환",부산진구,31+,100-299,MISSING,38.4,47.6
26230-1682,"전포동에메랄드홈",부산진구,11-20,100-299,KNOWN,74.3,59.8
26230-49,"우신그린피아",부산진구,21-30,100-299,KNOWN,48.7,50.3
26230-2521,"혜도인파크에비뉴연지",부산진구,0-10,100-299,KNOWN,54.0,65.7
26230-41,"대림파크빌",부산진구,21-30,<100,KNOWN,37.3,47.9
26230-2851,"e편한세상시민공원2단지",부산진구,0-10,100-299,KNOWN,56.2,69.1
26230-69,"동원",부산진구,31+,100-299,MISSING,43.2,37.7
26230-2597,"연지우성스마트시티뷰",부산진구,0-10,100-299,MISSING,50.6,67.4
26230-160,"영진(5-56)",부산진구,31+,<100,MISSING,56.3,25.3
26230-147,"협성맨션",부산진구,31+,<100,MISSING,65.7,29.4
26230-188,"드림하이츠",부산진구,21-30,unknown,MISSING,48.5,49.6
26470-32,"현대",연제구,31+,unknown,MISSING,46.8,20.0
26470-24,"연제그린타워",연제구,21-30,300-499,KNOWN,53.6,52.6
26470-1678,"연산롯데캐슬골드포레",연제구,0-10,1000+,KNOWN,66.4,84.0
26230-2360,"개금블루스카이",부산진구,11-20,<100,MISSING,55.6,52.6
26230-4543,"래미안어반파크2단지",부산진구,0-10,100-299,KNOWN,63.7,69.9
26470-1421,"세경미가",연제구,0-10,<100,MISSING,57.4,52.2
26470-1046,"연제힐스테이트",연제구,11-20,100-299,KNOWN,60.6,64.4
26470-1031,"거제동2차월드메르디앙",연제구,11-20,100-299,KNOWN,59.5,57.6
26470-89,"연산센터빌",연제구,31+,300-499,MISSING,58.8,50.5
26470-34,"거제1차현대홈타운",연제구,21-30,1000+,KNOWN,68.6,66.8
26470-58,"동서그린",연제구,31+,100-299,MISSING,42.4,41.4
26470-36,"화신거림(212-1)",연제구,31+,<100,MISSING,53.7,20.7
26470-28,"태경썬싸인",연제구,31+,100-299,MISSING,58.6,46.9
26470-1009,"한일유앤아이",연제구,11-20,300-499,KNOWN,57.5,61.0
26470-1085,"거제동롯데캐슬피렌체",연제구,11-20,300-499,KNOWN,72.9,71.5
26470-127,"거제청구하이츠",연제구,21-30,100-299,KNOWN,48.7,56.1
26470-109,"한양(4차)",연제구,31+,unknown,MISSING,43.8,23.2
26470-67,"무궁화",연제구,31+,<100,MISSING,51.3,28.0
26470-125,"진흥하늘이",연제구,21-30,<100,KNOWN,62.8,46.0
26470-126,"동서하이빌",연제구,21-30,100-299,KNOWN,60.7,49.8
26470-1566,"아시아드코오롱하늘채",연제구,0-10,500-999,KNOWN,76.0,79.7
26470-11,"대원",연제구,31+,<100,MISSING,55.5,28.0
26470-151,"청우하이빌",연제구,21-30,<100,MISSING,60.7,42.2
26470-1458,"시청역이즈팰리스2차",연제구,0-10,<100,MISSING,68.1,56.6
26470-124,"성원맨투로빌",연제구,21-30,unknown,MISSING,65.0,49.6
26470-3047,"레이카운티(1단지)",연제구,0-10,1000+,KNOWN,73.9,89.8
26140-1164,"대신롯데캐슬",서구,11-20,500-999,KNOWN,64.1,76.1
26140-1285,"브라운스톤하이포레",서구,0-10,500-999,KNOWN,51.6,78.9
26230-1633,"한라비발디",부산진구,21-30,500-999,KNOWN,70.8,66.1
26230-157,"한일하나로",부산진구,31+,100-299,MISSING,48.1,35.3
26230-114,"새영진",부산진구,31+,unknown,MISSING,56.1,28.0
26350-2269,"해운대중동경동하나메르빌",해운대구,11-20,100-299,KNOWN,61.8,61.8
26470-31,"한양",연제구,31+,300-499,MISSING,57.3,42.6
26470-1921,"거제미소지움더퍼스트",연제구,0-10,100-299,KNOWN,60.3,76.6
26110-70,"근영빌라3동",중구,21-30,unknown,MISSING,52.6,37.0
26170-632,"수정(1175-1)",동구,31+,unknown,MISSING,39.5,8.0
26170-56,"토마하우스",동구,21-30,unknown,MISSING,64.4,42.4
26170-25,"수정(1161-7)",동구,31+,unknown,MISSING,36.6,8.0
26170-642,"수성아파트(441-0)",동구,31+,<100,MISSING,41.8,21.7
26200-37,"시영(169-1)",영도구,31+,<100,MISSING,34.7,26.3
26200-15,"동산(1106)",영도구,31+,unknown,MISSING,16.7,26.4
26200-9,"청성아트(33-5)",영도구,21-30,<100,MISSING,56.5,34.7
26530-1096,"대하덕포(2,3호동)",사상구,31+,unknown,MISSING,46.1,16.8
26530-47,"신흥동백맨션",사상구,31+,unknown,MISSING,47.0,29.8
26530-128,"초원펠레스빌B동",사상구,21-30,unknown,MISSING,48.6,51.4
26710-570,"명례솔터시티",기장군,0-10,unknown,MISSING,25.9,76.0
26710-42,"형진강변프라자",기장군,31+,unknown,MISSING,47.0,29.8
26710-17,"팰리스빌1",기장군,21-30,unknown,MISSING,45.4,47.8
26710-462,"동환라온제나기장",기장군,11-20,unknown,MISSING,47.1,67.2
26710-53,"월드파크빌B동",기장군,21-30,unknown,MISSING,55.7,51.4
26320-7,"동부제강사원",북구,31+,unknown,MISSING,29.4,31.6
26320-36,"금곡8단지주공",북구,21-30,1000+,KNOWN,47.9,55.1
26320-139,"도형리치빌A동",북구,21-30,unknown,MISSING,52.5,49.6
26320-21,"우정맨션가동",북구,31+,unknown,MISSING,44.5,18.4
26320-97,"삼양파크빌(326-7)",북구,21-30,unknown,MISSING,63.3,46.0
26320-37,"금곡9단지주공",북구,21-30,1000+,KNOWN,47.9,55.1
26290-311,"엘지메트로시티5",남구,21-30,1000+,KNOWN,66.1,74.6
26470-3050,"레이카운티(4단지)",연제구,0-10,1000+,KNOWN,74.0,89.8
26290-44,"엘지메트로시티3",남구,21-30,1000+,KNOWN,55.9,73.0
26290-2686,"대연SKVIEWHills(2단지)",남구,0-10,unknown,MISSING,74.6,83.2
26290-2425,"홍익빌레트Ⅱ",남구,11-20,unknown,MISSING,67.8,73.8
26290-173,"미림크라운맨션(1465-5)",남구,31+,unknown,MISSING,51.3,16.8
26290-322,"영신맨션1동",남구,31+,unknown,MISSING,41.1,15.2
26290-111,"금양에이스",남구,21-30,unknown,MISSING,53.9,47.8
26290-161,"대호(967-2)",남구,31+,unknown,MISSING,45.1,13.6
26290-200,"흑석(1737-5)",남구,21-30,unknown,MISSING,63.8,46.0
26290-90,"엘지메트로시티2",남구,21-30,1000+,KNOWN,65.5,73.0
26500-2241,"마르빌주상복합",수영구,0-10,unknown,MISSING,70.3,85.6
26500-1776,"수영엔스타Ⅱ",수영구,11-20,unknown,MISSING,70.9,69.4
26500-44,"동방(822-3)",수영구,31+,unknown,MISSING,38.4,15.2
26500-241,"광남2차",수영구,31+,unknown,MISSING,63.5,33.4
26500-103,"우성골든빌",수영구,21-30,unknown,MISSING,50.4,51.4
26500-82,"광안리치빌B",수영구,21-30,unknown,MISSING,54.4,49.6
26500-188,"협성센트로3차",수영구,21-30,unknown,MISSING,60.9,51.4
26500-107,"신한백조",수영구,31+,unknown,MISSING,40.5,15.2
26500-1937,"민락동신화하니엘그린시티공동주택",수영구,0-10,unknown,MISSING,54.8,76.0
26500-239,"마리나프리텔",수영구,21-30,unknown,MISSING,71.6,42.4
26500-263,"광명맨션(539-3)",수영구,31+,unknown,MISSING,43.3,11.7
26410-1919,"해성체르니아파트2차",금정구,11-20,unknown,MISSING,55.3,57.0
26410-125,"석산7",금정구,31+,unknown,MISSING,45.2,28.0
26410-25,"반도",금정구,31+,unknown,MISSING,56.5,16.8
26410-89,"금룡빌라",금정구,31+,unknown,MISSING,34.8,33.4
26380-167,"칠산주택조합",사하구,31+,unknown,MISSING,43.4,18.4
26410-1907,"대묵M-PARK(베스트로즈힐)",금정구,11-20,unknown,MISSING,70.3,55.0
26410-285,"금샘빌라(747-12)",금정구,21-30,unknown,MISSING,59.5,46.0
26410-198,"아름베스트빌3",금정구,21-30,unknown,MISSING,58.9,47.8
26410-326,"금양위스빌(101동)",금정구,21-30,unknown,MISSING,52.4,51.4
26410-396,"삼진빌라(481-8)",금정구,21-30,unknown,MISSING,58.4,46.0
26410-170,"선경1",금정구,31+,500-999,MISSING,64.2,48.5
26260-129,"삼익",동래구,31+,unknown,MISSING,47.0,14.4
26260-21,"장미3",동래구,31+,unknown,MISSING,45.4,17.6
26260-139,"진성",동래구,31+,unknown,MISSING,56.3,14.4
26380-333,"베네스빌리지(889-6)",사하구,21-30,unknown,MISSING,45.3,46.0
26380-1,"괴정동568-10공동주택(최중호)",사하구,31+,unknown,MISSING,52.6,11.7
26380-1964,"JPark",사하구,0-10,unknown,MISSING,60.6,78.4
26380-1931,"유원블루파크비동",사하구,0-10,unknown,MISSING,65.9,76.0
26350-107,"건영2",해운대구,21-30,100-299,MISSING,61.9,41.7
26470-1176,"리치W",연제구,11-20,<100,MISSING,52.3,49.7
26230-1600,"서면대우디오빌2",부산진구,21-30,500-999,MISSING,67.0,68.1
26230-1602,"동우주택",부산진구,21-30,<100,MISSING,48.4,38.8
26230-169,"남경",부산진구,21-30,<100,MISSING,39.4,36.4
26230-1729,"양정센텀",부산진구,11-20,<100,MISSING,55.5,59.6
26230-187,"범천동프렌빌",부산진구,21-30,100-299,MISSING,64.3,50.1
26230-2074,"홍익빌레트",부산진구,11-20,<100,MISSING,59.2,46.8
26230-2312,"TK골드뷰",부산진구,11-20,<100,MISSING,62.2,49.8
26230-2345,"모닝하우스",부산진구,11-20,<100,MISSING,59.9,48.1
26230-2414,"굿모닝뷰",부산진구,0-10,<100,MISSING,66.8,54.4
26230-244,"서면쌍용플래티넘",부산진구,21-30,300-499,MISSING,62.1,62.2
26230-2443,"대동레미안더오션2",부산진구,0-10,<100,MISSING,63.1,56.3
26230-2490,"개금역대상웰리움",부산진구,0-10,100-299,MISSING,58.9,62.8
26230-2491,"샛별스위트",부산진구,0-10,<100,MISSING,55.5,53.3
26230-2496,"야긴다하임",부산진구,0-10,<100,MISSING,60.9,55.3
26230-2556,"유창아이리치",부산진구,0-10,<100,MISSING,65.5,62.5
26230-2557,"대동레미안센트럴시티",부산진구,0-10,100-299,MISSING,64.2,67.9
26230-2619,"궁전아이브더파크",부산진구,0-10,<100,MISSING,52.4,62.1
26230-2620,"허브팰리스서면",부산진구,0-10,100-299,MISSING,68.4,69.4
26230-362,"남평파크빌",부산진구,21-30,<100,MISSING,56.9,37.9
26230-382,"대정그린빌",부산진구,21-30,<100,MISSING,58.2,33.8
26230-7,"서면",부산진구,31+,<100,MISSING,62.0,17.2
26110-64,"도경오벨리스",중구,21-30,100-299,MISSING,64.2,49.5
26110-784,"로얄플러스빌라",중구,11-20,<100,MISSING,34.3,38.6
26110-915,"보수허브센티움",중구,0-10,<100,MISSING,63.6,58.2
26110-929,"보수동해마루아파트2차",중구,0-10,<100,MISSING,58.5,53.0
26110-941,"로얄스카이캐슬",중구,0-10,<100,MISSING,66.8,59.1
26230-142,"진일",부산진구,31+,<100,MISSING,43.4,20.8
26230-1730,"엘리시아",부산진구,11-20,<100,MISSING,63.0,43.5
26230-2341,"개금코아팰리스",부산진구,11-20,<100,MISSING,55.5,53.5
26230-2342,"GK하늘숲",부산진구,11-20,<100,MISSING,58.8,48.8
26230-24,"경원프라우드빌-I",부산진구,21-30,<100,MISSING,61.2,36.4
26230-2552,"양정퀸즈더블유에디션",부산진구,0-10,<100,MISSING,63.6,60.3
26230-367,"광후빌리지",부산진구,21-30,<100,MISSING,59.8,36.4
26230-47,"신화하이빌",부산진구,21-30,<100,MISSING,44.9,37.2
26230-59,"부원맨션",부산진구,31+,<100,MISSING,65.7,28.2
26230-6,"범전시영1동",부산진구,31+,<100,MISSING,52.7,30.5
26230-68,"금호천지",부산진구,31+,<100,MISSING,39.7,24.6
26350-111,"대림",해운대구,21-30,100-299,MISSING,55.8,41.0
26350-120,"두산2",해운대구,21-30,<100,MISSING,67.3,33.1
26350-139,"화목",해운대구,21-30,<100,MISSING,63.7,37.3
26350-165,"왕자",해운대구,31+,<100,MISSING,48.1,19.5
26350-18,"선프라자",해운대구,31+,300-499,MISSING,58.3,54.5
26350-2373,"조희바다풍경",해운대구,0-10,<100,MISSING,39.5,56.3
26350-355,"화송빌라",해운대구,31+,<100,MISSING,49.7,25.8
26110-8,"동림",중구,31+,<100,MISSING,52.6,18.9
26110-820,"대성아르빌",중구,11-20,<100,MISSING,57.6,46.0
26110-871,"보수동봄여름가을겨울",중구,11-20,<100,MISSING,61.2,49.1
26110-921,"선경뉴빌APT",중구,0-10,<100,MISSING,57.9,54.4
26110-938,"서원블루오션F동",중구,0-10,<100,MISSING,66.8,63.1
26110-954,"한웅드리머스",중구,0-10,<100,MISSING,64.5,62.5
26170-14,"동성아트빌",동구,21-30,<100,MISSING,60.5,35.0
26170-51,"초량하이츠빌리지",동구,21-30,<100,MISSING,56.6,35.5
26170-57,"선빌리지",동구,21-30,<100,MISSING,42.1,35.6
26170-612,"반도보라스카이뷰",동구,11-20,100-299,MISSING,46.8,58.8
26170-679,"센트럴베이동원로얄듀크비스타",동구,11-20,100-299,MISSING,55.3,64.7
26170-719,"선경뉴빌",동구,11-20,<100,MISSING,61.1,53.8
26170-74,"태안하버빌",동구,21-30,<100,MISSING,48.9,36.9
26170-748,"부산역유림로미오",동구,11-20,100-299,MISSING,58.6,68.8
26170-749,"부산역유림줄리엣",동구,11-20,100-299,MISSING,59.5,68.8
26170-771,"동이라메르",동구,11-20,<100,MISSING,61.1,51.9
26170-810,"하버씨티",동구,0-10,<100,MISSING,64.0,54.4
26170-818,"성무아이반스타",동구,0-10,<100,MISSING,63.9,59.8
26170-823,"베스안오션뷰",동구,0-10,<100,MISSING,60.3,56.0
26170-830,"모티더베스트빌",동구,0-10,<100,MISSING,68.4,66.1
26170-833,"어반오션시티",동구,0-10,<100,MISSING,59.9,63.0
26170-835,"서면베스티움더시티",동구,0-10,100-299,MISSING,60.0,68.6
26200-603,"시영(1동)",영도구,31+,<100,MISSING,33.6,18.3
26200-689,"제이스힐타워",영도구,11-20,<100,MISSING,55.1,53.6
26530-108,"남영",사상구,31+,100-299,MISSING,47.5,39.1
26200-33,"골든빌리지",영도구,21-30,<100,MISSING,48.6,33.8
26200-4,"남일",영도구,31+,<100,MISSING,38.2,19.7
26200-56,"동광세화맨션",영도구,31+,<100,MISSING,40.2,24.5
26200-609,"대성타워",영도구,11-20,<100,MISSING,44.4,42.9
26200-64,"삼창파크맨션2동",영도구,31+,<100,MISSING,41.0,24.2
26200-660,"페로스타워",영도구,11-20,<100,MISSING,33.2,45.8
26200-695,"비온뒤",영도구,11-20,<100,MISSING,39.2,49.2
26200-719,"퀸페로스",영도구,0-10,<100,MISSING,56.2,56.4
26200-729,"클래식시티",영도구,0-10,<100,MISSING,41.0,53.4
26200-74,"전원파크맨션",영도구,31+,<100,MISSING,29.5,27.8
26200-740,"유원블루파크",영도구,0-10,<100,MISSING,55.5,63.1
26200-743,"골든에이지",영도구,0-10,<100,MISSING,56.0,53.0
26200-744,"골드클래스",영도구,0-10,<100,MISSING,43.6,54.2
26200-754,"비룡벨로스텔라",영도구,0-10,<100,MISSING,43.8,58.2
26200-758,"로웰타워",영도구,0-10,<100,MISSING,52.2,61.3
26200-763,"영도봄여름가을겨울",영도구,0-10,100-299,MISSING,54.7,67.4
26200-88,"선경하우스",영도구,21-30,<100,MISSING,46.2,35.0
26530-1093,"엘크루센트로아파트",사상구,0-10,<100,MISSING,66.9,66.5
26530-21,"유원",사상구,31+,<100,MISSING,57.9,24.3
26530-33,"우신모라",사상구,31+,<100,MISSING,53.6,35.7
26530-48,"엄궁",사상구,31+,<100,MISSING,19.0,18.0
26530-72,"주례",사상구,31+,<100,MISSING,55.7,18.3
26530-801,"창우블루빌",사상구,21-30,100-299,MISSING,62.3,49.5
26530-81,"현대무지개타운",사상구,31+,<100,MISSING,52.3,35.7
26530-1037,"굿모닝뷰",사상구,0-10,<100,MISSING,65.0,59.8
26530-105,"리치플러스",사상구,21-30,<100,MISSING,58.6,44.6
26530-1057,"네오리더스사상",사상구,0-10,100-299,MISSING,63.5,66.8
26530-1073,"사상역경보센트리안",사상구,0-10,100-299,MISSING,66.6,67.7
26530-1077,"모라역베스티움더시티",사상구,0-10,100-299,MISSING,61.0,73.2
26530-112,"고려아펠리아",사상구,21-30,<100,MISSING,67.7,41.3
26530-1121,"사상역봄여름가을겨울",사상구,0-10,100-299,MISSING,62.2,72.9
26530-127,"경동윈츠빌",사상구,21-30,300-499,MISSING,65.3,59.4
26530-15,"덕포늘푸른",사상구,21-30,100-299,MISSING,55.5,43.8
26530-36,"창신그린힐",사상구,31+,100-299,MISSING,56.2,41.0
26530-39,"협성",사상구,31+,<100,MISSING,43.6,30.1
26530-5,"일자맨션",사상구,31+,<100,MISSING,53.3,18.7
26530-54,"광우파크",사상구,31+,<100,MISSING,55.3,21.7
26530-61,"주례벽산",사상구,31+,100-299,MISSING,43.0,39.9
26530-78,"태원",사상구,31+,<100,MISSING,55.1,24.2
26530-85,"금강",사상구,31+,100-299,MISSING,40.1,42.0
26530-902,"휴그린",사상구,11-20,<100,MISSING,50.7,50.9
26530-909,"파밀리아",사상구,11-20,<100,MISSING,57.3,52.5
26530-93,"삼정송림맨션",사상구,31+,<100,MISSING,28.6,29.3
26530-930,"주례센텀",사상구,11-20,<100,MISSING,60.4,55.5
26530-96,"청파",사상구,31+,<100,MISSING,33.1,27.7
26530-973,"파밀리아괘법4차",사상구,0-10,<100,MISSING,63.5,58.5
26530-984,"진영프라임제이",사상구,0-10,<100,MISSING,56.6,52.0
26710-535,"동일스위트3차",기장군,11-20,1000+,MISSING,47.9,81.2
26710-66,"이진테마빌",기장군,21-30,100-299,MISSING,41.8,52.8
26710-15,"센트럴파크빌라6차",기장군,21-30,<100,MISSING,41.6,35.5
26140-111,"전원비치맨션",서구,31+,<100,MISSING,23.7,33.0
26140-112,"송도정림비치타운",서구,31+,100-299,MISSING,46.0,39.1
26140-1188,"에코펠리스",서구,0-10,<100,MISSING,60.9,60.6
26140-1215,"미소드림",서구,0-10,<100,MISSING,68.0,52.5
26140-192,"유니온캐슬2차",서구,21-30,<100,MISSING,64.3,39.4
26350-62,"센텀재송빌",해운대구,31+,<100,MISSING,53.6,27.5
26710-23,"대진로얄",기장군,31+,100-299,MISSING,55.8,36.1
26710-26,"동산백조",기장군,31+,<100,MISSING,41.1,25.2
26710-28,"부전베스트",기장군,31+,<100,MISSING,49.2,26.8
26710-382,"해맞이빌",기장군,11-20,<100,MISSING,42.5,42.6
26710-4,"욱일",기장군,21-30,<100,MISSING,48.0,35.3
26710-5,"전원그린맨션B동",기장군,31+,<100,MISSING,47.8,37.7
26710-548,"씨앤스타빌",기장군,11-20,100-299,MISSING,42.2,64.1
26710-55,"대정베스트빌",기장군,21-30,<100,MISSING,53.7,36.6
26710-592,"삼협아띠랑스",기장군,0-10,<100,MISSING,57.6,56.6
26710-597,"에코하임기장",기장군,0-10,<100,MISSING,55.5,56.6
26710-626,"에이원더시티",기장군,0-10,<100,MISSING,56.5,59.4
26710-627,"동부산어반리움",기장군,0-10,<100,MISSING,55.7,59.1
26710-643,"센트리움기장",기장군,0-10,<100,MISSING,57.3,60.4
26710-8,"원재아트빌",기장군,21-30,<100,MISSING,44.9,34.7
26710-91,"대변그린비치빌",기장군,21-30,<100,MISSING,35.9,40.2
26710-93,"세진오션리조트빌",기장군,21-30,<100,MISSING,28.4,36.3
26140-106,"송도탑스빌",서구,21-30,100-299,MISSING,45.6,46.1
26140-110,"일원타워맨션",서구,31+,<100,MISSING,27.0,30.5
26140-1145,"오션스카이블루",서구,11-20,<100,MISSING,64.7,49.7
26140-1204,"민송베른시티",서구,0-10,<100,MISSING,58.2,55.5
26140-1220,"서원블루오션D동",서구,0-10,<100,MISSING,65.0,59.1
26140-1256,"한영리더스",서구,0-10,<100,MISSING,61.5,52.8
26140-1258,"대신에코팰리스",서구,0-10,<100,MISSING,70.8,62.1
26140-1266,"미소지음6차",서구,0-10,<100,MISSING,65.3,54.7
26140-1275,"효정풍경채",서구,0-10,<100,MISSING,66.8,55.2
26140-154,"석포로얄캐슬3차",서구,21-30,<100,MISSING,63.2,35.6
26140-172,"금호아트빌",서구,21-30,<100,MISSING,66.0,35.5
26140-56,"청산",서구,31+,<100,MISSING,56.7,17.6
26140-64,"중보빌라",서구,21-30,<100,MISSING,55.7,36.8
26140-69,"아미전원빌라",서구,21-30,<100,MISSING,35.1,38.5
26140-81,"신흥동백빌라",서구,31+,<100,MISSING,45.8,23.2
26140-92,"금강송도타운",서구,31+,<100,MISSING,35.5,28.7
26350-2242,"해운대양우내안애팰리스",해운대구,11-20,100-299,MISSING,55.2,60.5
26350-2327,"조희라메르",해운대구,0-10,<100,MISSING,37.9,52.0
26350-2381,"해운대경보이리스오션",해운대구,0-10,100-299,MISSING,72.0,72.5
26350-60,"삼화파크맨션",해운대구,31+,<100,MISSING,49.5,25.5
26290-23,"글로리리치빌",남구,21-30,<100,MISSING,59.3,35.2
26290-76,"무학프라자",남구,21-30,<100,MISSING,56.2,37.3
26320-11,"백조그린타운",북구,31+,100-299,MISSING,40.0,38.5
26320-114,"럭키2",북구,31+,500-999,MISSING,55.6,55.4
26320-120,"벽산라인타운",북구,21-30,1000+,MISSING,63.3,63.9
26320-122,"북부",북구,31+,<100,MISSING,60.2,23.2
26320-1481,"화명동롯데캐슬멤버스",북구,11-20,100-299,MISSING,54.9,61.7
26320-159,"미금기찰빌라",북구,21-30,<100,MISSING,59.6,36.2
26320-1661,"묘성폴라리스",북구,0-10,<100,MISSING,59.3,49.9
26320-1701,"지평웰리브",북구,0-10,<100,MISSING,59.0,56.3
26320-19,"신진2차",북구,31+,<100,MISSING,42.4,32.1
26320-41,"대성하이츠빌",북구,21-30,<100,MISSING,50.6,35.3
26320-56,"화명대우",북구,21-30,300-499,MISSING,55.1,55.3
26320-66,"덕천대성",북구,31+,<100,MISSING,55.9,23.5
26320-72,"기비골마을",북구,31+,500-999,MISSING,55.9,58.2
26320-80,"부원",북구,31+,<100,MISSING,52.2,19.5
26320-9,"명굉강변맨션",북구,31+,<100,MISSING,43.6,25.1
26350-102,"협진태양",해운대구,31+,100-299,MISSING,44.9,43.4
26350-2190,"쏠데까사",해운대구,11-20,<100,MISSING,40.0,51.4
26350-224,"대원",해운대구,21-30,<100,MISSING,32.0,33.4
26350-257,"삼안스튜디오1차",해운대구,31+,<100,MISSING,39.3,33.1
26350-41,"센텀안성타워",해운대구,31+,<100,MISSING,51.5,33.4
26350-58,"혜성골든타운",해운대구,31+,<100,MISSING,38.7,26.8
26350-68,"달맞이우성빌라트",해운대구,31+,<100,MISSING,39.5,30.1
26290-102,"대연동동일스위트",남구,21-30,300-499,MISSING,64.6,60.8
26290-103,"희성수빌리지",남구,21-30,<100,MISSING,65.5,35.0
26290-104,"송원쉐르빌",남구,21-30,<100,MISSING,63.8,35.1
26290-129,"정원힐타워",남구,21-30,<100,MISSING,52.8,35.5
26290-131,"명진프라임빌",남구,21-30,<100,MISSING,51.2,36.0
26290-144,"글로리에버빌",남구,21-30,<100,MISSING,59.9,37.2
26290-182,"대동그린빌",남구,21-30,<100,MISSING,54.4,36.1
26290-1951,"영남빌로체",남구,11-20,<100,MISSING,44.5,46.1
26290-2014,"수피아주상복합",남구,11-20,<100,MISSING,50.6,53.3
26290-205,"예광스카이빌라",남구,21-30,<100,MISSING,65.6,33.7
26290-22,"대연동원",남구,21-30,100-299,MISSING,64.4,55.2
26290-221,"삼정",남구,21-30,<100,MISSING,52.7,34.2
26290-231,"영신맨션",남구,31+,<100,MISSING,37.9,22.9
26290-233,"동산그린맨션",남구,31+,<100,MISSING,45.0,22.1
26290-2520,"홍익빌레트Ⅲ",남구,0-10,<100,MISSING,62.4,51.7
26290-2523,"더베이하우스",남구,0-10,<100,MISSING,50.5,50.4
26290-2670,"미가",남구,0-10,<100,MISSING,54.0,55.5
26290-2701,"정성재아파트",남구,0-10,<100,MISSING,58.3,60.1
26290-310,"골든밸류빌",남구,21-30,100-299,MISSING,61.4,51.4
26290-321,"중경맨션",남구,31+,<100,MISSING,43.2,19.9
26290-40,"한진훼미리타운",남구,21-30,300-499,MISSING,38.2,55.0
26470-1,"거성",연제구,31+,<100,MISSING,49.3,26.5
26290-91,"영광드림타워",남구,21-30,<100,MISSING,56.5,36.4
26470-100,"창신",연제구,31+,<100,MISSING,47.1,23.8
26470-1198,"신우피렌체",연제구,11-20,<100,MISSING,64.1,50.3
26470-1251,"포세이돈",연제구,11-20,<100,MISSING,59.9,46.4
26470-129,"서진하이트빌",연제구,21-30,<100,MISSING,57.3,36.4
26470-1422,"월드파크3",연제구,0-10,<100,MISSING,62.1,58.7
26470-1424,"에이스리버팰리스",연제구,0-10,<100,MISSING,55.2,57.3
26470-145,"목련빌라",연제구,21-30,<100,MISSING,61.2,36.0
26470-1519,"명품블루파크",연제구,0-10,<100,MISSING,55.9,59.4
26470-153,"윤강하이츠빌라",연제구,21-30,<100,MISSING,52.9,35.1
26470-1565,"지성캐슬",연제구,0-10,<100,MISSING,67.4,55.2
26470-1915,"시청역동원시티비스타",연제구,0-10,<100,MISSING,67.1,69.4
26470-198,"늘푸른파크",연제구,21-30,<100,MISSING,41.9,35.3
26470-207,"보성하이츠빌라2차",연제구,21-30,<100,MISSING,57.6,32.9
26470-215,"신풍골든",연제구,21-30,<100,MISSING,62.7,37.2
26470-85,"연산쌍용",연제구,21-30,100-299,MISSING,61.4,47.2
26470-99,"진흥목화",연제구,31+,<100,MISSING,53.8,27.2
26500-112,"망미",수영구,31+,<100,MISSING,46.2,19.7
26500-1392,"성원상떼빌",수영구,11-20,100-299,MISSING,69.9,52.5
26500-17,"글로벌",수영구,21-30,<100,MISSING,56.1,39.7
26500-2132,"라움팰리스타워",수영구,0-10,<100,MISSING,74.1,60.6
26500-242,"대우포르투나",수영구,21-30,<100,MISSING,54.1,46.7
26500-266,"송현다미랑",수영구,21-30,<100,MISSING,46.1,44.1
26500-101,"크라운",수영구,31+,<100,MISSING,40.4,19.7
26500-1382,"동트레",수영구,11-20,<100,MISSING,58.5,44.9
26500-150,"솔내음파비르",수영구,21-30,<100,MISSING,53.7,37.2
26500-155,"금잔디",수영구,31+,<100,MISSING,60.8,22.7
26500-156,"보람빌리지",수영구,21-30,<100,MISSING,56.4,35.1
26500-158,"아침해오름",수영구,21-30,<100,MISSING,62.7,38.2
26500-173,"승우맨션(나동)",수영구,31+,<100,MISSING,52.0,23.8
26500-1737,"남천알파타워",수영구,11-20,<100,MISSING,64.9,50.5
26500-1838,"파크블루V",수영구,11-20,<100,MISSING,64.2,52.3
26500-1941,"광일센텀스카이뷰",수영구,0-10,<100,MISSING,74.0,56.3
26500-197,"남강스위트홈",수영구,21-30,<100,MISSING,57.3,37.4
26500-1984,"삼인스카이뷰",수영구,0-10,<100,MISSING,62.4,51.2
26500-206,"주안골드빌리지",수영구,21-30,<100,MISSING,57.7,36.9
26500-2172,"센텀디아이리더스",수영구,0-10,<100,MISSING,73.5,55.7
26500-2288,"리부스남천",수영구,0-10,<100,MISSING,74.2,56.8
26500-2349,"남천세원수아파트",수영구,0-10,<100,MISSING,62.1,67.0
26500-2368,"광안에코하임센트럴뷰",수영구,0-10,<100,MISSING,64.9,59.4
26500-243,"광안명진웰리치",수영구,21-30,<100,MISSING,51.8,41.5
26500-2478,"광안포디움프레스티지",수영구,0-10,100-299,MISSING,60.3,73.7
26500-64,"금토그랑프리빌",수영구,21-30,<100,MISSING,48.2,35.0
26500-70,"동산오차드힐",수영구,21-30,<100,MISSING,51.4,41.6
26500-76,"망미스위트빌",수영구,21-30,<100,MISSING,48.2,35.0
26500-88,"예광스카이파크",수영구,21-30,<100,MISSING,49.6,36.0
26500-9,"산호비치",수영구,31+,<100,MISSING,47.4,27.9
26410-2432,"금정산태진팰리스2차",금정구,0-10,<100,MISSING,63.4,61.5
26410-161,"부영벽산",금정구,31+,100-299,MISSING,62.3,44.9
26410-182,"일신크리스탈빌라",금정구,31+,<100,MISSING,47.1,26.9
26410-1908,"명승명가",금정구,11-20,<100,MISSING,59.6,46.0
26410-200,"궁전쉐르빌",금정구,21-30,<100,MISSING,59.0,36.4
26410-2190,"구서동피닉스빌",금정구,11-20,<100,MISSING,62.5,48.2
26410-2220,"남산동신화하니엘",금정구,11-20,100-299,MISSING,69.9,60.0
26410-2259,"삼한골든뷰",금정구,11-20,100-299,MISSING,63.1,65.3
26410-2425,"(207-3)",금정구,0-10,<100,MISSING,64.1,60.7
26410-268,"성원맨투로빌",금정구,21-30,100-299,MISSING,60.1,51.0
26410-280,"구서벽산메가트리움",금정구,21-30,100-299,MISSING,60.5,50.0
26410-289,"구서쌍용스윗닷홈",금정구,21-30,<100,MISSING,51.7,46.1
26410-309,"중앙시티빌",금정구,21-30,<100,MISSING,47.5,31.9
26410-330,"정원맨션",금정구,31+,<100,MISSING,48.3,22.8
26500-125,"홍익라이프가동",수영구,21-30,<100,MISSING,52.6,36.4
26500-1618,"성우스카이뷰",수영구,11-20,<100,MISSING,55.7,47.3
26500-1702,"한성그린",수영구,11-20,<100,MISSING,54.7,45.3
26500-1705,"일성센텀스카이뷰",수영구,11-20,<100,MISSING,71.8,52.6
26500-1800,"병산프리덤",수영구,11-20,<100,MISSING,47.9,48.1
26500-187,"부일그린빌",수영구,21-30,<100,MISSING,56.5,37.4
26500-1964,"정원센텀뷰",수영구,0-10,<100,MISSING,69.5,57.5
26500-217,"로타리",수영구,31+,<100,MISSING,60.8,20.4
26500-2180,"광안지음주상복합",수영구,0-10,<100,MISSING,58.0,56.4
26500-220,"신라탑스빌",수영구,21-30,<100,MISSING,69.8,34.7
26500-2286,"광안비치올리브씨",수영구,0-10,100-299,MISSING,59.2,72.4
26410-2431,"산들마을",금정구,0-10,<100,MISSING,60.4,55.6
26410-187,"진흥목화",금정구,21-30,<100,MISSING,61.0,44.3
26410-1906,"해성비발디",금정구,11-20,<100,MISSING,55.2,39.1
26410-1927,"해피투모로우",금정구,11-20,100-299,MISSING,64.4,54.7
26410-205,"멤버스빌라트",금정구,21-30,<100,MISSING,56.0,34.7
26410-213,"구서건흥",금정구,21-30,<100,MISSING,57.0,39.7
26410-2134,"금성타운",금정구,11-20,<100,MISSING,27.2,54.1
26410-2138,"부산대역삼정그린코아마운틴동",금정구,11-20,100-299,MISSING,65.3,60.9
26410-2182,"청룡동협성엠파이어",금정구,11-20,100-299,MISSING,72.1,68.2
26410-220,"동산오챠드힐",금정구,21-30,100-299,MISSING,63.9,49.8
26410-229,"우남카사벨라",금정구,21-30,<100,MISSING,60.7,41.6
26410-2297,"지성캐슬",금정구,11-20,<100,MISSING,65.5,55.8
26410-231,"남산미네르빌",금정구,21-30,<100,MISSING,58.6,37.2
26410-2323,"백리명가에덴",금정구,11-20,<100,MISSING,62.4,57.3
26410-2400,"골든팰리스-더파크",금정구,0-10,<100,MISSING,49.2,56.6
26410-2487,"휴림아르페",금정구,0-10,<100,MISSING,62.6,59.1
26410-2552,"남평N-CITY",금정구,0-10,<100,MISSING,64.0,63.6
26410-277,"새천년골든밸류빌",금정구,21-30,<100,MISSING,58.1,42.5
26410-278,"덕인센추리온",금정구,21-30,<100,MISSING,57.9,44.5
26410-283,"벽송",금정구,21-30,<100,MISSING,58.3,39.0
26410-322,"홍원메르디앙",금정구,21-30,<100,MISSING,58.3,37.6
26410-53,"금강빌라",금정구,31+,<100,MISSING,39.0,25.4
26410-6,"신동아",금정구,31+,<100,MISSING,51.4,25.0
26410-245,"해성체르니",금정구,21-30,<100,MISSING,46.2,36.3
26260-1898,"허브센티움Ⅲ",동래구,11-20,<100,MISSING,67.9,55.7
26260-1998,"허브팰리스",동래구,0-10,<100,MISSING,69.9,59.0
26260-2042,"대가하이츠",동래구,0-10,<100,MISSING,52.1,56.7
26260-2052,"온천동유림노르웨이숲",동래구,0-10,100-299,MISSING,57.8,71.8
26260-2055,"천일스카이원",동래구,0-10,100-299,MISSING,72.7,70.7
26260-2134,"아델리아",동래구,0-10,<100,MISSING,66.1,56.9
26260-2196,"블리시움",동래구,0-10,<100,MISSING,69.1,60.1
26410-133,"왕신하이츠빌라",금정구,31+,<100,MISSING,49.1,26.9
26410-155,"남영하이빌",금정구,21-30,<100,MISSING,57.5,36.6
26410-2084,"남산하이시티",금정구,11-20,<100,MISSING,56.1,53.9
26410-222,"남산그린",금정구,21-30,<100,MISSING,55.0,33.4
26410-224,"네오밸리스",금정구,21-30,<100,MISSING,33.5,36.4
26410-2284,"우일아내트",금정구,11-20,<100,MISSING,61.9,50.2
26410-2345,"온천리젠시타워아파트",금정구,11-20,<100,MISSING,64.7,57.4
26410-239,"정구팰리스",금정구,21-30,<100,MISSING,59.8,32.6
26410-240,"태경그린빌",금정구,21-30,<100,MISSING,61.6,36.3
26410-2492,"대성타워팰리스",금정구,0-10,<100,MISSING,65.5,61.6
26410-2606,"구서1차봄여름가을겨울",금정구,0-10,<100,MISSING,65.0,68.3
26410-300,"행복이가득한집A",금정구,21-30,<100,MISSING,34.4,29.8
26410-323,"부곡일천베스파",금정구,21-30,<100,MISSING,58.6,44.1
26410-325,"희재하이빌",금정구,21-30,<100,MISSING,53.1,36.1
26410-329,"부호하이츠",금정구,21-30,<100,MISSING,59.2,36.4
26410-381,"석탑그레이스빌",금정구,21-30,<100,MISSING,58.5,41.0
26410-390,"태안에버빌",금정구,21-30,<100,MISSING,62.1,40.1
26260-1468,"SK허브올리브",동래구,11-20,300-499,MISSING,61.6,64.3
26260-1752,"홍림그린피아",동래구,11-20,<100,MISSING,53.3,52.0
26260-1777,"비룡벨로스텔라",동래구,11-20,<100,MISSING,67.1,50.2
26260-1778,"금오에코팰리스",동래구,11-20,<100,MISSING,58.7,46.8
26260-1849,"태경에버리치2차",동래구,11-20,<100,MISSING,65.5,48.1
26260-1899,"오름캐슬",동래구,11-20,<100,MISSING,68.1,52.1
26260-1909,"더블루원",동래구,11-20,<100,MISSING,65.3,52.6
26260-1924,"더블루원2차",동래구,11-20,<100,MISSING,67.4,52.6
26260-1987,"더블루원3차",동래구,0-10,<100,MISSING,64.8,55.0
26260-2038,"신화하니엘더라임",동래구,0-10,<100,MISSING,54.8,60.8
26260-205,"남평파크뷰",동래구,21-30,<100,MISSING,51.2,35.8
26260-2057,"M포레뷰",동래구,0-10,<100,MISSING,67.3,53.8
26260-2102,"명륜소도베르크",동래구,0-10,<100,MISSING,67.4,54.1
26260-226,"현대아트빌",동래구,21-30,<100,MISSING,53.5,36.4
26260-227,"웰스플러스",동래구,21-30,<100,MISSING,60.6,40.7
26260-234,"하나로2차",동래구,21-30,<100,MISSING,62.7,34.5
26260-2435,"아시아드삼정그린코아더시티",동래구,0-10,<100,MISSING,72.7,67.0
26260-2436,"디아트50",동래구,0-10,<100,MISSING,52.7,58.1
26260-249,"로얄캐슬",동래구,21-30,<100,MISSING,64.9,41.6
26260-291,"동경쉐르빌102동",동래구,21-30,<100,MISSING,63.9,41.3
26260-359,"목영해돋이",동래구,21-30,<100,MISSING,53.0,43.1
26260-363,"삼오에펠빌리지",동래구,31+,<100,MISSING,43.8,26.1
26260-89,"라경유닉스빌라",동래구,21-30,<100,MISSING,55.2,35.0
26260-199,"동경쉐르빌",동래구,21-30,<100,MISSING,63.9,41.0
26260-304,"궁전스카이",동래구,21-30,<100,MISSING,63.0,41.0
26260-93,"태건아트빌",동래구,21-30,<100,MISSING,47.8,34.7
26380-1581,"다대영동비치타워",사하구,21-30,100-299,MISSING,63.6,58.8
26380-1811,"정원포트빌",사하구,11-20,<100,MISSING,65.4,48.5
26380-1875,"지원시티파크",사하구,11-20,100-299,MISSING,55.4,69.9
26380-1881,"경성스마트더블유",사하구,11-20,100-299,MISSING,66.6,65.3
26380-1949,"괴정웰메이드홈",사하구,0-10,<100,MISSING,63.7,58.3
26380-195,"선경쉐르빌",사하구,21-30,<100,MISSING,43.0,35.5
26380-1954,"리뷰캐슬아파트",사하구,0-10,<100,MISSING,51.9,55.9
26380-1955,"IDS아델하임",사하구,0-10,100-299,MISSING,65.8,71.6
26380-1956,"우성로얄캐슬",사하구,0-10,<100,MISSING,66.6,53.0
26380-1960,"아람센트럴시티",사하구,0-10,<100,MISSING,68.2,54.8
26380-1970,"오현리버뷰",사하구,0-10,<100,MISSING,44.8,52.0
26380-2002,"괴정어반푸르지오",사하구,0-10,100-299,MISSING,65.3,68.4
26380-2009,"유성해네스타워",사하구,0-10,<100,MISSING,67.1,57.9
26380-2020,"대티역스마트더블유인공지능",사하구,0-10,100-299,MISSING,71.1,66.8
26380-203,"청솔맨션",사하구,31+,<100,MISSING,39.5,23.2
26380-212,"장림대동맨션",사하구,31+,100-299,MISSING,59.8,38.0
26380-278,"감천현대",사하구,31+,100-299,MISSING,42.0,45.0
26380-304,"한아루시빌",사하구,21-30,<100,MISSING,57.3,37.2
26380-6,"금호",사하구,31+,<100,MISSING,48.7,28.5
26380-71,"투윈빌리지",사하구,21-30,<100,MISSING,56.8,35.5
26380-9,"삼성타워",사하구,31+,<100,MISSING,40.2,36.4
26350-151,"대우금사",해운대구,31+,100-299,MISSING,39.0,39.8
26350-183,"삼한그린맨션",해운대구,31+,<100,MISSING,34.4,26.8
26380-1772,"더웰리스",사하구,11-20,<100,MISSING,48.9,46.8
26380-181,"보해이브빌",사하구,21-30,<100,MISSING,63.5,40.1
26380-1858,"예그린숲",사하구,11-20,<100,MISSING,61.1,53.5
26380-187,"하단센토빌",사하구,21-30,<100,MISSING,62.6,37.1
26380-192,"세양리버빌라트",사하구,21-30,<100,MISSING,40.5,39.1
26380-196,"청호",사하구,21-30,<100,MISSING,69.4,36.4
26380-1963,"경성스마트더블유아파트2차",사하구,0-10,100-299,MISSING,64.0,64.1
26380-1976,"영원베네스트아파트",사하구,0-10,<100,MISSING,69.5,57.9
26380-1991,"일성아이앤유",사하구,0-10,<100,MISSING,60.3,54.5
26380-2006,"에스제이파베르",사하구,0-10,<100,MISSING,70.8,55.7
26380-2067,"헤리츠리더스하단",사하구,0-10,100-299,MISSING,72.2,70.3
26380-271,"신도",사하구,31+,<100,MISSING,38.0,33.4
26380-320,"한울엠비시어스",사하구,21-30,<100,MISSING,63.4,38.5
26380-329,"프론티어빌",사하구,21-30,<100,MISSING,44.4,35.6
26380-330,"한주",사하구,21-30,<100,MISSING,52.3,37.6
26380-339,"성경센스빌",사하구,21-30,<100,MISSING,65.3,44.2
26380-40,"신동양",사하구,31+,<100,MISSING,53.9,22.7
26380-529,"금일아트빌라",사하구,21-30,<100,MISSING,57.8,33.4
26380-75,"나산리츠빌라",사하구,21-30,<100,MISSING,54.1,34.7
26380-78,"화목하이츠빌",사하구,21-30,<100,MISSING,62.8,35.5
26380-86,"대동아람아파트",사하구,31+,<100,MISSING,51.2,22.0
26380-87,"대암가든",사하구,31+,<100,MISSING,45.1,24.2
26110-10,"대림에이스타운",중구,31+,100-299,MISSING,52.9,41.3
26110-17,"송파지오스빌라트",중구,21-30,<100,MISSING,58.5,39.6
26110-26,"향원인터빌",중구,21-30,<100,MISSING,57.7,35.3
26110-931,"보수3차봄여름가을겨울",중구,0-10,<100,MISSING,66.4,62.4
26140-1006,"에르모사",서구,11-20,<100,MISSING,57.7,44.1
26140-102,"기산비치타운",서구,21-30,100-299,MISSING,41.9,45.2
26140-105,"송도타워맨션",서구,31+,<100,MISSING,26.8,38.5
26140-1062,"부백웨스턴타워",서구,11-20,<100,MISSING,63.4,47.7
26140-1099,"미소지음",서구,11-20,<100,MISSING,63.0,52.0
26140-1346,"서원블루오션G동",서구,0-10,<100,MISSING,68.1,65.7
26140-68,"아미맨션",서구,31+,100-299,MISSING,34.3,39.9
26170-71,"필우파크",동구,31+,<100,MISSING,35.7,22.2
26200-696,"한울시너스",영도구,11-20,<100,MISSING,51.3,54.8
26230-102,"서면시즈빌",부산진구,21-30,<100,MISSING,57.3,46.1
26230-159,"유인인터빌",부산진구,21-30,<100,MISSING,47.6,41.6
26230-1601,"동원퀸스빌",부산진구,21-30,<100,MISSING,46.2,42.9
26230-195,"전포동위너비타",부산진구,21-30,<100,MISSING,56.8,41.4
26260-10,"삼부",동래구,31+,<100,MISSING,54.2,19.5
26260-103,"청수하이빌",동래구,21-30,<100,MISSING,58.5,35.5
26260-117,"대륙코리아나",동래구,31+,<100,MISSING,63.3,36.6
26260-1455,"궁전아이브",동래구,21-30,100-299,MISSING,65.3,49.3
26260-1491,"대신리치플러스",동래구,11-20,<100,MISSING,66.4,46.5
26260-1543,"동일센트럴",동래구,11-20,<100,MISSING,66.5,50.2
26260-161,"골드타워",동래구,21-30,<100,MISSING,56.5,35.3
26260-1718,"대화빌",동래구,11-20,<100,MISSING,60.7,46.4
26260-1907,"온천동산들파르테",동래구,11-20,<100,MISSING,51.1,50.1
26260-1989,"동래센트럴파크",동래구,0-10,<100,MISSING,63.1,53.9
26260-2122,"용진스타티스7차",동래구,0-10,<100,MISSING,56.6,61.6
26260-261,"협성스카이라인80",동래구,21-30,300-499,MISSING,60.1,62.4
26260-310,"청호파크빌라",동래구,31+,<100,MISSING,61.6,26.0
26260-3648,"래미안포레스티지1단지(장전동)",금정구,0-10,100-299,MISSING,60.1,71.6
26260-56,"동부현대",동래구,31+,100-299,MISSING,48.2,47.1
26290-100,"금보",남구,31+,<100,MISSING,53.5,23.4
26290-101,"대승타워",남구,21-30,100-299,MISSING,61.3,43.8
26290-2147,"대동레미안",남구,11-20,<100,MISSING,45.6,44.6
26290-249,"대암",남구,31+,<100,MISSING,55.2,21.3
26320-111,"동원맨션",북구,31+,100-299,MISSING,62.3,42.8
26350-117,"대창",해운대구,21-30,<100,MISSING,52.2,37.3
26380-125,"옥돌",사하구,21-30,<100,MISSING,64.0,35.5
26380-131,"강변타워",사하구,31+,<100,MISSING,40.9,36.2
26380-139,"대영파크맨션",사하구,31+,<100,MISSING,46.1,25.1
26380-177,"하단한신원룸",사하구,21-30,<100,MISSING,49.4,40.2
26380-211,"극동정림",사하구,31+,300-499,MISSING,55.9,54.6
26410-121,"남산삼전빌라",금정구,31+,<100,MISSING,52.3,26.8
26410-152,"고려",금정구,31+,<100,MISSING,52.6,23.2
26410-2231,"세왕자이연",금정구,11-20,<100,MISSING,68.0,55.2
26410-2267,"온천장역삼정그린코아",금정구,11-20,100-299,MISSING,64.0,67.1