id,aptSeq,mgmBldrgstPk,name,normalizedName,sido,sigungu,sggCd,umdName,umdCd,jibun,roadAddress,jibunAddress,latitude,longitude,geocodeQuality,buildYear,useApprovalDate,mainBuildingCount,totalHouseholds,parkingCount,createdAt,updatedAt
1310,26110-10,,대림에이스타운,대림에이스타운,부산,중구,26110,보수동1가,12000,41-1,,,35.10672615666419,129.0253802975091,normalized,1994,,,,,2026-08-13T06:42:44.862Z,2026-08-13T06:42:44.862Z
1276,26110-17,,송파지오스빌라트,송파지오스빌라트,부산,중구,26110,보수동2가,12100,74-9,,,35.10527790849971,129.0237116108647,normalized,2002,,,,,2026-08-13T06:41:32.963Z,2026-08-13T06:41:32.963Z
1313,26110-2,,부원,부원,부산,중구,26110,대창동1가,10200,54-67,,,35.1078593261283,129.035843954105,normalized,1972,,,,,2026-08-13T06:42:49.394Z,2026-08-13T06:42:49.394Z
1298,26110-24,,부평,부평,부산,중구,26110,부평동2가,12400,77,,,35.10182652099438,129.0258621578347,normalized,1975,,,,,2026-08-13T06:42:26.779Z,2026-08-13T06:42:26.779Z
1308,26110-26,,향원인터빌,향원인터빌,부산,중구,26110,부평동4가,12600,2-30,,,35.1028249906931,129.023274835985,normalized,2002,,,,,2026-08-13T06:42:41.833Z,2026-08-13T06:42:41.833Z
1280,26110-29,,신생,신생,부산,중구,26110,신창동2가,12800,22,,,35.1002510037589,129.029540424974,normalized,1967,,,,,2026-08-13T06:41:49.383Z,2026-08-13T06:41:49.383Z
1277,26110-33,,동주파크,동주파크,부산,중구,26110,영주동,10100,106-9,,,35.11220530689433,129.0290428990302,normalized,1983,,,,,2026-08-13T06:41:34.501Z,2026-08-13T06:41:34.501Z
1283,26110-48,,그린빌,그린빌,부산,중구,26110,보수동1가,12000,24-2,,,35.10669333280158,129.0232991890523,normalized,2004,,,,,2026-08-13T06:41:53.765Z,2026-08-13T06:41:53.765Z
1266,26110-51,,대근하버빌타운,대근하버빌타운,부산,중구,26110,부평동4가,12600,2-2,,,35.10299164146124,129.0235487129573,normalized,2004,,,,,2026-08-13T06:41:02.596Z,2026-08-13T06:41:02.596Z
1270,26110-64,,도경오벨리스,도경오벨리스,부산,중구,26110,영주동,10100,587,,,35.11175066267387,129.036804963708,normalized,2005,,,,,2026-08-13T06:41:13.810Z,2026-08-13T06:41:13.810Z
1289,26110-65,,경우빌라,경우빌라,부산,중구,26110,대청동4가,11900,23,,,35.10666528184304,129.0312786220864,normalized,1990,,,,,2026-08-13T06:42:02.801Z,2026-08-13T06:42:02.801Z
1309,26110-781,,대암보수맨션,대암보수맨션,부산,중구,26110,보수동1가,12000,146-16,,,35.10419314194993,129.0276862463074,normalized,1982,,,,,2026-08-13T06:42:43.340Z,2026-08-13T06:42:43.340Z
1267,26110-784,,로얄플러스빌라,로얄플러스빌라,부산,중구,26110,영주동,10100,68-5,,,35.11416707234278,129.0294249550038,normalized,2006,,,,,2026-08-13T06:41:04.073Z,2026-08-13T06:41:04.073Z
1322,26110-8,,동림,동림,부산,중구,26110,대청동4가,11900,78-76,,,35.10529339279194,129.029629273647,normalized,1976,,,,,2026-08-13T06:43:18.269Z,2026-08-13T06:43:18.269Z
1299,26110-820,,대성아르빌,대성아르빌,부산,중구,26110,보수동2가,12100,118-8,,,35.10349001151525,129.0244108849529,normalized,2011,,,,,2026-08-13T06:42:28.240Z,2026-08-13T06:42:28.240Z
1300,26110-837,,그린시티,그린시티,부산,중구,26110,대청동2가,11700,19-2,,,35.10321045948634,129.0301324876445,normalized,2012,,,,,2026-08-13T06:42:29.740Z,2026-08-13T06:42:29.740Z
1281,26110-843,,보수동한웅베어스,보수동한웅베어스,부산,중구,26110,보수동2가,12100,89-5,,,35.10423965249984,129.0242572622885,normalized,2012,,,,,2026-08-13T06:41:50.734Z,2026-08-13T06:41:50.734Z
1302,26110-871,,보수동봄여름가을겨울,보수동봄여름가을겨울,부산,중구,26110,보수동2가,12100,81-2,,,35.10462024919932,129.0239694980729,normalized,2013,,,,,2026-08-13T06:42:32.772Z,2026-08-13T06:42:32.772Z
1274,26110-888,,미소지움아파트,미소지움,부산,중구,26110,영주동,10100,546-3,,,35.11080093637585,129.034706410003,normalized,2014,,,,,2026-08-13T06:41:29.986Z,2026-08-13T06:41:29.986Z
1268,26110-893,,보수2차봄여름가을겨울,보수2차봄여름가을겨울,부산,중구,26110,보수동2가,12100,80-1,,,35.10451824672385,129.0233320469628,normalized,2014,,,,,2026-08-13T06:41:05.570Z,2026-08-13T06:41:05.570Z
1304,26110-901,,부평파크,부평파크,부산,중구,26110,부평동4가,12600,37-1,,,35.1021703338472,129.02221911072,normalized,2014,,,,,2026-08-13T06:42:35.804Z,2026-08-13T06:42:35.804Z
1290,26110-905,,부평부백자연애,부평부백자연애,부산,중구,26110,부평동4가,12600,57-1,,,35.10258235792663,129.0218838709816,normalized,2014,,,,,2026-08-13T06:42:04.307Z,2026-08-13T06:42:04.307Z
1282,26110-915,,보수허브센티움,보수허브센티움,부산,중구,26110,보수동3가,12200,56,,,35.10385912838351,129.0223277280351,normalized,2016,,,,,2026-08-13T06:41:52.227Z,2026-08-13T06:41:52.227Z
1311,26110-921,,선경뉴빌APT,선경뉴빌APT,부산,중구,26110,대창동1가,10200,54-43,,,35.10741882842996,129.0354579475598,normalized,2016,,,,,2026-08-13T06:42:46.371Z,2026-08-13T06:42:46.371Z
1278,26110-929,,보수동해마루아파트2차,보수동해마루아파트2차,부산,중구,26110,보수동2가,12100,65-2,,,35.105584841333,129.022492094413,normalized,2017,,,,,2026-08-13T06:41:35.980Z,2026-08-13T06:41:35.980Z
51,26110-931,,보수3차봄여름가을겨울,보수3차봄여름가을겨울,부산,중구,26110,보수동3가,12200,73-35,,,35.10349807474498,129.0223626700629,normalized,2017,,,,,2026-08-13T05:44:40.834Z,2026-08-13T06:41:31.520Z
1293,26110-938,,서원블루오션F동,서원블루오션F동,부산,중구,26110,보수동3가,12200,75-1,,,35.1034891945064,129.021922721372,normalized,2019,,,,,2026-08-13T06:42:08.827Z,2026-08-13T06:42:08.827Z
1284,26110-941,,로얄스카이캐슬,로얄스카이캐슬,부산,중구,26110,부평동4가,12600,15-1,,,35.1021597648756,129.022906395093,normalized,2020,,,,,2026-08-13T06:41:55.252Z,2026-08-13T06:41:55.252Z
1285,26110-942,,엘스퀘어,엘스퀘어,부산,중구,26110,중앙동4가,10700,85-5,,,35.1071330098437,129.037772398343,normalized,2020,,,,,2026-08-13T06:41:56.824Z,2026-08-13T06:41:56.824Z
1271,26110-943,,보수에코팰리스,보수에코팰리스,부산,중구,26110,보수동3가,12200,27-6,,,35.1045793548747,129.021560361516,normalized,2020,,,,,2026-08-13T06:41:25.828Z,2026-08-13T06:41:25.828Z
1296,26110-947,,목연정M팰리스,목연정M팰리스,부산,중구,26110,부평동4가,12600,24-2,,,35.1013475471316,129.023299722212,normalized,2021,,,,,2026-08-13T06:42:13.393Z,2026-08-13T06:42:13.393Z
1287,26110-954,,한웅드리머스,한웅드리머스,부산,중구,26110,보수동3가,12200,61-19,,,35.1041420134644,129.023196637927,normalized,2022,,,,,2026-08-13T06:41:59.785Z,2026-08-13T06:41:59.785Z
2032,26140-100,,송도맨션,송도맨션,부산,서구,26140,암남동,12400,171-18,,,35.07860198168206,129.021615239126,normalized,1981,,,,,2026-08-13T07:48:24.387Z,2026-08-13T12:23:55.903Z
2003,26140-1006,,에르모사,에르모사,부산,서구,26140,서대신동1가,10400,143,,,35.1089035517079,129.015100410915,normalized,2011,,,,,2026-08-13T07:46:34.359Z,2026-08-13T12:23:55.455Z
1922,26140-102,,기산비치타운,기산비치타운,부산,서구,26140,암남동,12400,354-1,,,35.07663075209825,129.0167125245203,normalized,1996,,,,,2026-08-13T07:42:04.025Z,2026-08-13T12:23:54.254Z
2015,26140-1039,,대승스위트,대승스위트,부산,서구,26140,서대신동3가,10600,293-6,,,35.11327056933961,129.0151597065463,normalized,2012,,,,,2026-08-13T07:47:17.968Z,2026-08-13T12:23:55.655Z
1964,26140-104,,송도자유비치,송도자유비치,부산,서구,26140,암남동,12400,81-12,,,35.08173232949695,129.0194736016925,normalized,1997,,,,,2026-08-13T07:44:25.387Z,2026-08-13T12:23:54.814Z
1958,26140-1040,,서영펠로우,서영펠로우,부산,서구,26140,토성동5가,11800,19-1,,,35.0979249412851,129.021837914183,normalized,2012,,,,,2026-08-13T07:43:55.950Z,2026-08-13T12:23:54.713Z
2001,26140-105,,송도타워맨션,송도타워맨션,부산,서구,26140,암남동,12400,614-5,,,35.07221287633281,129.0166213267262,normalized,1995,,,,,2026-08-13T07:46:26.247Z,2026-08-13T12:23:55.420Z
1999,26140-106,,송도탑스빌,송도탑스빌,부산,서구,26140,암남동,12400,255-1,,,35.07805684137256,129.0186364542687,normalized,2000,,,,,2026-08-13T07:46:23.247Z,2026-08-13T12:23:55.385Z
1950,26140-1062,,부백웨스턴타워,부백웨스턴타워,부산,서구,26140,서대신동3가,10600,288-4,,,35.11395109148918,129.0153683948036,normalized,2013,,,,,2026-08-13T07:43:38.727Z,2026-08-13T12:23:54.610Z
2004,26140-1099,,미소지음,미소지음,부산,서구,26140,동대신동1가,10100,320-3,,,35.1085539847062,129.022343952225,normalized,2013,,,,,2026-08-13T07:46:35.873Z,2026-08-13T12:23:56.858Z
1987,26140-110,,일원타워맨션,일원타워맨션,부산,서구,26140,암남동,12400,552-2,,,35.07362662842323,129.0139770496817,normalized,1992,,,,,2026-08-13T07:45:44.674Z,2026-08-13T12:23:55.193Z
2012,26140-1107,,부백자연애,부백자연애,부산,서구,26140,토성동3가,11400,4-3,,,35.10150121523687,129.0205709054106,normalized,2013,,,,,2026-08-13T07:46:58.152Z,2026-08-13T12:23:55.595Z
1955,26140-111,,전원비치맨션,전원비치맨션,부산,서구,26140,암남동,12400,602-5,,,35.07163915744364,129.0166554383679,normalized,1990,,,,,2026-08-13T07:43:46.255Z,2026-08-13T12:23:54.679Z
1948,26140-112,,송도정림비치타운,송도정림비치타운,부산,서구,26140,암남동,12400,64-2,,,35.08125840099568,129.0171948012188,normalized,1993,,,,,2026-08-13T07:43:35.666Z,2026-08-13T12:23:54.575Z
2034,26140-1145,,오션스카이블루,오션스카이블루,부산,서구,26140,서대신동2가,10500,14,,,35.11194166759664,129.0154647592156,normalized,2014,,,,,2026-08-13T07:48:30.368Z,2026-08-13T12:23:55.948Z
1932,26140-1149,,대신타워펠리스,대신타워펠리스,부산,서구,26140,서대신동1가,10400,53-11,,,35.10894198752798,129.0172858966451,normalized,2015,,,,,2026-08-13T07:42:50.472Z,2026-08-13T12:23:54.366Z
1924,26140-115,,송도혜성비치타운,송도혜성비치타운,부산,서구,26140,암남동,12400,604-2,,,35.07137068116161,129.0156754476651,normalized,1993,,,,,2026-08-13T07:42:07.076Z,2026-08-13T12:23:54.270Z
1986,26140-1157,,서원블루오션C동,서원블루오션C동,부산,서구,26140,토성동5가,11800,48-3,,,35.0970305658386,129.020997840202,normalized,2015,,,,,2026-08-13T07:45:34.244Z,2026-08-13T12:23:55.177Z
1998,26140-1167,,오현스위트,오현스위트,부산,서구,26140,서대신동2가,10500,18-1,,,35.11180107212074,129.0153571099879,normalized,2015,,,,,2026-08-13T07:46:21.741Z,2026-08-13T12:23:56.836Z
1959,26140-1188,,에코펠리스,에코펠리스,부산,서구,26140,충무동2가,12100,1-5,,,35.09548300817809,129.0231185957342,normalized,2016,,,,,2026-08-13T07:43:57.380Z,2026-08-13T12:23:54.734Z
1943,26140-1190,,한성그린아파트,한성그린,부산,서구,26140,토성동2가,11300,8-7,,,35.10056931363901,129.021818794564,normalized,2016,,,,,2026-08-13T07:43:28.165Z,2026-08-13T12:23:54.503Z
1992,26140-1193,,다사랑빌,다사랑빌,부산,서구,26140,부민동1가,10900,12-2,,,35.1041607575102,129.020776925476,normalized,2016,,,,,2026-08-13T07:45:52.078Z,2026-08-13T12:23:55.271Z
2023,26140-1204,,민송베른시티,민송베른시티,부산,서구,26140,남부민동,12300,643-13,,,35.09227138675971,129.0233780365113,normalized,2016,,,,,2026-08-13T07:47:45.342Z,2026-08-13T12:23:55.764Z
1991,26140-1207,,태양아르떼,태양아르떼,부산,서구,26140,충무동2가,12100,4-1,,,35.0951837129048,129.022800898825,normalized,2017,,,,,2026-08-13T07:45:50.600Z,2026-08-13T12:23:55.256Z
1960,26140-121,,한성빌라,한성빌라,부산,서구,26140,토성동5가,11800,27-1,,,35.09136611394121,129.0224894955417,normalized,2001,,,,,2026-08-13T07:44:19.573Z,2026-08-13T12:23:54.750Z
1916,26140-1215,,미소드림,미소드림,부산,서구,26140,서대신동1가,10400,50-3,,,35.10845310128942,129.017529364008,normalized,2017,,,,,2026-08-13T07:41:54.965Z,2026-08-13T12:23:54.166Z
2037,26140-1216,,동대신동미소지음3차주상복합아파트,동대신동미소지음3차주상복합,부산,서구,26140,동대신동1가,10100,333-8,,,35.10779927115281,129.021829619767,normalized,2017,,,,,2026-08-13T07:48:33.352Z,2026-08-13T12:23:56.949Z
1961,26140-1220,,서원블루오션D동,서원블루오션D동,부산,서구,26140,부민동1가,10900,10-1,,,35.10455961852794,129.0208525694135,normalized,2017,,,,,2026-08-13T07:44:20.856Z,2026-08-13T12:23:54.766Z
1996,26140-1221,,충무에코팰리스2차,충무에코팰리스2차,부산,서구,26140,충무동1가,12000,26-4,,,35.09537358303758,129.0240051309538,normalized,2017,,,,,2026-08-13T07:45:58.119Z,2026-08-13T12:23:55.339Z
1910,26140-1228,,서대신부백자연애,서대신부백자연애,부산,서구,26140,서대신동3가,10600,285,,,35.11424608567278,129.0152956004152,normalized,2017,,,,,2026-08-13T07:41:25.636Z,2026-08-13T12:23:54.026Z
1913,26140-1233,,에코팰리스3,에코팰리스3,부산,서구,26140,충무동3가,12200,1-114,,,35.09424117674358,129.0230111576282,normalized,2017,,,,,2026-08-13T07:41:50.639Z,2026-08-13T12:23:54.093Z
1914,26140-1236,,헤리츠아파트3차,헤리츠아파트3차,부산,서구,26140,충무동1가,12000,17-5,,,35.09616847924433,129.0233000072591,normalized,2018,,,,,2026-08-13T07:41:51.937Z,2026-08-13T12:23:54.121Z
1919,26140-1246,,마린포시즌2차,마린포시즌2차,부산,서구,26140,남부민동,12300,647-14,,,35.09154467292201,129.0235618202794,normalized,2018,,,,,2026-08-13T07:41:59.487Z,2026-08-13T12:23:54.199Z
1965,26140-1256,,한영리더스,한영리더스,부산,서구,26140,토성동5가,11800,53-12,,,35.0962818708012,129.021797335783,normalized,2018,,,,,2026-08-13T07:44:32.163Z,2026-08-13T12:23:54.831Z
1966,26140-1258,,대신에코팰리스,대신에코팰리스,부산,서구,26140,서대신동1가,10400,34-2,,,35.1078190836513,129.018316473805,normalized,2018,,,,,2026-08-13T07:44:33.476Z,2026-08-13T12:23:54.848Z
1990,26140-1266,,미소지음6차,미소지음6차,부산,서구,26140,동대신동1가,10100,334-1,,,35.1080101829659,129.021989457304,normalized,2019,,,,,2026-08-13T07:45:49.051Z,2026-08-13T12:23:55.241Z
2031,26140-1273,,오현예다움,오현예다움,부산,서구,26140,서대신동2가,10500,50,,,35.11078199891432,129.0162685752342,normalized,2019,,,,,2026-08-13T07:48:22.871Z,2026-08-13T12:23:56.929Z
1994,26140-1275,,효정풍경채,효정풍경채,부산,서구,26140,서대신동3가,10600,291-5,,,35.1134233316425,129.015511128267,normalized,2019,,,,,2026-08-13T07:45:55.092Z,2026-08-13T12:23:55.305Z
12,26140-128,,충무제1,충무제1,부산,서구,26140,충무동2가,12100,34,,,35.0952929898042,129.021598576255,normalized,1975,,,,,2026-08-13T03:36:45.958Z,2026-08-13T12:23:53.885Z
1976,26140-1337,,충무6차에코팰리스,충무6차에코팰리스,부산,서구,26140,충무동1가,12000,29-8,,,35.0948929019172,129.023270676629,normalized,2022,,,,,2026-08-13T07:44:48.523Z,2026-08-13T12:23:54.993Z
8,26140-1346,,서원블루오션G동,서원블루오션G동,부산,서구,26140,부용동1가,10700,61,,,35.1061671127218,129.020486514169,normalized,2023,,,,,2026-08-13T03:36:45.329Z,2026-08-13T12:23:53.825Z
2006,26140-142,,영촌아트빌,영촌아트빌,부산,서구,26140,서대신동1가,10400,34-15,,,35.10780319199578,129.0185672125197,normalized,2003,,,,,2026-08-13T07:46:49.336Z,2026-08-13T12:23:55.493Z
1952,26140-143,,에메랄드21,에메랄드21,부산,서구,26140,서대신동1가,10400,35-3,,,35.10824590175945,129.0186614779811,normalized,2002,,,,,2026-08-13T07:43:41.709Z,2026-08-13T12:23:54.627Z
11,26140-15,,문화,문화,부산,서구,26140,동대신동3가,10300,173,,,35.11514323749089,129.0160250971747,normalized,1971,,,,,2026-08-13T03:36:45.849Z,2026-08-13T12:23:53.868Z
2027,26140-154,,석포로얄캐슬3차,석포로얄캐슬3차,부산,서구,26140,서대신동2가,10500,3-19,,,35.11192830811955,129.0160511627194,normalized,2004,,,,,2026-08-13T07:47:56.434Z,2026-08-13T12:23:55.842Z
1982,26140-159,,위너스빌,위너스빌,부산,서구,26140,서대신동2가,10500,102,,,35.11038291007295,129.0170187373427,normalized,2003,,,,,2026-08-13T07:45:18.157Z,2026-08-13T12:23:55.127Z
2024,26140-166,,대신타워빌,대신타워빌,부산,서구,26140,서대신동3가,10600,249-20,,,35.1145886272368,129.0147479949266,normalized,2003,,,,,2026-08-13T07:47:52.075Z,2026-08-13T12:23:55.781Z
2007,26140-167,,대신센츄럴타운,대신센츄럴타운,부산,서구,26140,서대신동3가,10600,276,,,35.11395480788482,129.0146029731445,normalized,2004,,,,,2026-08-13T07:46:50.649Z,2026-08-13T12:23:55.509Z
1997,26140-170,,송천,송천,부산,서구,26140,서대신동3가,10600,544-2,,,35.11530727557581,129.0126084008835,normalized,1976,,,,,2026-08-13T07:46:20.568Z,2026-08-13T12:23:55.368Z
1978,26140-172,,금호아트빌,금호아트빌,부산,서구,26140,토성동1가,11200,12-7,,,35.099744702884,129.0223609478455,normalized,2002,,,,,2026-08-13T07:44:51.576Z,2026-08-13T12:23:55.028Z
1945,26140-177,,아크로폴리스,아크로폴리스,부산,서구,26140,토성동5가,11800,46-1,,,35.09706167323422,129.0214021185631,normalized,2003,,,,,2026-08-13T07:43:31.174Z,2026-08-13T12:23:54.535Z
1953,26140-18,,정림파크,정림파크,부산,서구,26140,동대신동3가,10300,63-245,,,35.11777068501137,129.0199439129593,normalized,1989,,,,,2026-08-13T07:43:43.228Z,2026-08-13T12:23:54.643Z
1988,26140-191,,골든캐슬,골든캐슬,부산,서구,26140,동대신동2가,10200,367,,,35.11155712072291,129.0173448859967,normalized,2005,,,,,2026-08-13T07:45:46.028Z,2026-08-13T12:23:55.209Z
1915,26140-192,,유니온캐슬2차,유니온캐슬2차,부산,서구,26140,서대신동1가,10400,54-17,,,35.10881596879154,129.0170064331312,normalized,2004,,,,,2026-08-13T07:41:53.448Z,2026-08-13T12:23:54.141Z
1935,26140-2,,진흥목화,진흥목화,부산,서구,26140,동대신동1가,10100,339-5,,,35.10787036025878,129.0214036863053,normalized,1998,,,,,2026-08-13T07:42:55.013Z,2026-08-13T12:23:54.402Z
1980,26140-208,,(76-0),(76-0),부산,서구,26140,서대신동2가,10500,76,,,35.11073949082945,129.0166568492943,normalized,2002,,,,,2026-08-13T07:44:54.570Z,2026-08-13T12:23:55.081Z
1971,26140-209,,구덕하이츠,구덕하이츠,부산,서구,26140,서대신동3가,10600,19-6,,,35.1209071471982,129.0125564315988,normalized,1993,,,,,2026-08-13T07:44:41.015Z,2026-08-13T12:23:54.904Z
1904,26140-212,,봄여름가을겨울,봄여름가을겨울,부산,서구,26140,토성동1가,11200,51-1,,,35.09833966362714,129.0244183820692,normalized,2005,,,,,2026-08-13T07:41:01.138Z,2026-08-13T12:23:53.977Z
1931,26140-31,,신우빌라,신우빌라,부산,서구,26140,서대신동2가,10500,36-11,,,35.11161165352874,129.0162341848923,normalized,2000,,,,,2026-08-13T07:42:48.971Z,2026-08-13T12:23:54.347Z
1973,26140-32,,자유,자유,부산,서구,26140,서대신동2가,10500,473-2,,,35.11045478376285,129.0090575354253,normalized,1993,,,,,2026-08-13T07:44:44.011Z,2026-08-13T12:23:54.941Z
2026,26140-37,,희망센츄럴타운,희망센츄럴타운,부산,서구,26140,서대신동2가,10500,120,,,35.1101836344332,129.017350503694,normalized,2002,,,,,2026-08-13T07:47:54.937Z,2026-08-13T12:23:55.823Z
2042,26140-38,,구덕,구덕,부산,서구,26140,서대신동3가,10600,453-2,,,35.11654638978467,129.014506665377,normalized,1979,,,,,2026-08-13T07:48:41.142Z,2026-08-13T12:23:56.110Z
2039,26140-45,,대윤스위트,대윤스위트,부산,서구,26140,서대신동3가,10600,409,,,35.11219320425641,129.0154040565475,normalized,2001,,,,,2026-08-13T07:48:38.050Z,2026-08-13T12:23:56.056Z
1963,26140-5,,삼익,삼익,부산,서구,26140,동대신동2가,10200,313,,,35.11192087819401,129.0190954074641,normalized,1976,,,,,2026-08-13T07:44:23.918Z,2026-08-13T12:23:54.799Z
2020,26140-52,,화인,화인,부산,서구,26140,서대신동3가,10600,35-1,,,35.11964706901881,129.0116479873329,normalized,1992,,,,,2026-08-13T07:47:25.516Z,2026-08-13T12:23:55.727Z
2038,26140-55,,대근아트,대근아트,부산,서구,26140,부용동1가,10700,12-6,,,35.10703518809032,129.021012395924,normalized,2000,,,,,2026-08-13T07:48:34.841Z,2026-08-13T12:23:56.027Z
1989,26140-56,,청산,청산,부산,서구,26140,부용동1가,10700,12-3,,,35.10720829896897,129.0211153679611,normalized,1976,,,,,2026-08-13T07:45:47.548Z,2026-08-13T12:23:55.225Z
2033,26140-62,,수근에이스타운,수근에이스타운,부산,서구,26140,토성동1가,11200,5-1,,,35.10047788771702,129.0230852345843,normalized,2002,,,,,2026-08-13T07:48:25.895Z,2026-08-13T12:23:55.927Z
7,26140-63,,문화,문화,부산,서구,26140,토성동2가,11300,7-4,,,35.1012855049222,129.021995484792,normalized,1974,,,,,2026-08-13T03:36:45.214Z,2026-08-13T12:23:53.800Z
2035,26140-64,,중보빌라,중보빌라,부산,서구,26140,토성동3가,11400,13-2,,,35.10563600106592,129.0260112836706,normalized,2002,,,,,2026-08-13T07:48:30.658Z,2026-08-13T12:23:55.970Z
1981,26140-66,,남부,남부,부산,서구,26140,아미동2가,11600,41-1,,,35.10103841810451,129.0171382464251,normalized,1976,,,,,2026-08-13T07:45:06.400Z,2026-08-13T12:23:55.110Z
2010,26140-68,,아미맨션,아미맨션,부산,서구,26140,아미동2가,11600,261-126,,,35.10435000715421,129.0109166321492,normalized,1995,,,,,2026-08-13T07:46:55.131Z,2026-08-13T12:23:56.877Z
1983,26140-69,,아미전원빌라,아미전원빌라,부산,서구,26140,아미동2가,11600,261-128,,,35.1046914040069,129.010762723491,normalized,1998,,,,,2026-08-13T07:45:19.484Z,2026-08-13T12:23:55.146Z
1977,26140-74,,대진타워맨션,대진타워맨션,부산,서구,26140,남부민동,12300,653,,,35.08716047664252,129.0240455215041,normalized,1985,,,,,2026-08-13T07:44:50.042Z,2026-08-13T12:23:55.009Z
13,26140-77,,문화,문화,부산,서구,26140,남부민동,12300,30-1,,,35.09214500657307,129.0210143006514,normalized,1975,,,,,2026-08-13T03:36:46.073Z,2026-08-13T12:23:53.903Z
2040,26140-81,,신흥동백빌라,신흥동백빌라,부산,서구,26140,남부민동,12300,23-29,,,35.09288114559964,129.0208055075619,normalized,1989,,,,,2026-08-13T07:48:38.119Z,2026-08-13T12:23:56.073Z
1941,26140-82,,LG마린타워,LG마린타워,부산,서구,26140,남부민동,12300,654,,,35.08667396795418,129.0240378831172,normalized,1999,,,,,2026-08-13T07:43:25.186Z,2026-08-13T12:23:54.485Z
2002,26140-87,,현대타운,현대타운,부산,서구,26140,남부민동,12300,685,,,35.09261970978319,129.0244293542984,normalized,1999,,,,,2026-08-13T07:46:33.084Z,2026-08-13T12:23:55.437Z
2021,26140-9,,카멜롯,카멜롯,부산,서구,26140,동대신동2가,10200,182-1,,,35.1125568481114,129.021813379636,normalized,2002,,,,,2026-08-13T07:47:32.363Z,2026-08-13T12:23:55.746Z
2008,26140-90,,고려빌라맨션,고려빌라맨션,부산,서구,26140,암남동,12400,350-1,,,35.07791266327141,129.0170115629934,normalized,1985,,,,,2026-08-13T07:46:52.144Z,2026-08-13T12:23:55.529Z
14,26140-913,,보람,보람,부산,서구,26140,서대신동2가,10500,270,,,35.10958247709883,129.0140500747458,normalized,2005,,,,,2026-08-13T03:36:46.203Z,2026-08-13T12:23:53.935Z
15,26140-917,,해오름,해오름,부산,서구,26140,토성동5가,11800,34-3,,,35.09691340623276,129.0221868365261,normalized,2006,,,,,2026-08-13T03:36:46.326Z,2026-08-13T12:23:53.957Z
2005,26140-92,,금강송도타운,금강송도타운,부산,서구,26140,암남동,12400,13-4,,,35.08156579819164,129.0121462839908,normalized,1990,,,,,2026-08-13T07:46:37.408Z,2026-08-13T12:23:55.474Z
1947,26140-920,,송도봄여름가을겨울,송도봄여름가을겨울,부산,서구,26140,암남동,12400,201-1,,,35.0786483708068,129.0204543600211,normalized,2006,,,,,2026-08-13T07:43:34.195Z,2026-08-13T12:23:54.556Z
1975,26140-952,,허브센티움,허브센티움,부산,서구,26140,부민동1가,10900,32-6,,,35.10209524168226,129.0201293990724,normalized,2008,,,,,2026-08-13T07:44:47.034Z,2026-08-13T12:23:54.974Z
2029,26140-979,,리치W도시형생활주택,리치W도시형생활주택,부산,서구,26140,서대신동1가,10400,33-3,,,35.10787521955343,129.0188957883304,normalized,2010,,,,,2026-08-13T07:48:21.168Z,2026-08-13T12:23:55.860Z
1949,26140-99,,송도삼정비치맨션,송도삼정비치맨션,부산,서구,26140,암남동,12400,206-1,,,35.07829924679348,129.0199897119332,normalized,1988,,,,,2026-08-13T07:43:37.213Z,2026-08-13T12:23:54.593Z
1347,26170-10,,화신1,화신1,부산,동구,26170,초량동,10100,865-166,,,35.11809470548933,129.0321480721758,normalized,1986,,,,,2026-08-13T06:44:38.428Z,2026-08-13T06:44:38.428Z
1354,26170-14,,동성아트빌,동성아트빌,부산,동구,26170,초량동,10100,424-3,,,35.11695253136789,129.0378052995057,normalized,2002,,,,,2026-08-13T06:45:19.407Z,2026-08-13T06:45:19.407Z
1339,26170-3,,동일파크,동일파크,부산,동구,26170,초량동,10100,865-31,,,35.1170531785327,129.0327254175856,normalized,1984,,,,,2026-08-13T06:44:26.087Z,2026-08-13T06:44:26.087Z
1385,26170-32,,문화,문화,부산,동구,26170,좌천동,10300,728-3,,,35.12882153196925,129.0495769923729,normalized,1962,,,,,2026-08-13T06:46:36.905Z,2026-08-13T06:46:36.905Z
1370,26170-33,,제일,제일,부산,동구,26170,좌천동,10300,734-4,,,35.13192076040696,129.0506353618906,normalized,1962,,,,,2026-08-13T06:45:48.663Z,2026-08-13T06:45:48.663Z
1328,26170-38,,한성기린,한성기린,부산,동구,26170,범일동,10400,62-720,,,35.13898286159117,129.0569274825659,normalized,1997,,,,,2026-08-13T06:43:49.079Z,2026-08-13T06:43:49.079Z
1346,26170-41,,아름빌106동,아름빌106동,부산,동구,26170,범일동,10400,1486-19,,,35.14158976148045,129.0528472027591,normalized,2003,,,,,2026-08-13T06:44:36.905Z,2026-08-13T06:44:36.905Z
1378,26170-42,,아름빌107동,아름빌107동,부산,동구,26170,범일동,10400,1486-20,,,35.14141948634362,129.052791362934,normalized,2003,,,,,2026-08-13T06:46:26.324Z,2026-08-13T06:46:26.324Z
1369,26170-46,,한사랑빌라트,한사랑빌라트,부산,동구,26170,초량동,10100,1056-56,,,35.11461058361337,129.0362389633765,normalized,2003,,,,,2026-08-13T06:45:47.098Z,2026-08-13T06:45:47.098Z
1380,26170-51,,초량하이츠빌리지,초량하이츠빌리지,부산,동구,26170,초량동,10100,106-7,,,35.12154641932059,129.0402318455764,normalized,2002,,,,,2026-08-13T06:46:29.331Z,2026-08-13T06:46:29.331Z
1399,26170-57,,선빌리지,선빌리지,부산,동구,26170,초량동,10100,754-1362,,,35.12638645596464,129.0348286769282,normalized,2003,,,,,2026-08-13T06:47:34.034Z,2026-08-13T06:47:34.034Z
1345,26170-612,,반도보라스카이뷰,반도보라스카이뷰,부산,동구,26170,초량동,10100,1155,,,35.12403632630798,129.0459515247674,normalized,2006,,,,,2026-08-13T06:44:35.169Z,2026-08-13T06:44:35.169Z
1372,26170-62,,영림,영림,부산,동구,26170,초량동,10100,865-42,,,35.1178691751309,129.033934595229,normalized,1990,,,,,2026-08-13T06:45:51.672Z,2026-08-13T06:45:51.672Z
1374,26170-629,,예그린,예그린,부산,동구,26170,초량동,10100,1056-36,,,35.11485176585894,129.0365268260859,normalized,2006,,,,,2026-08-13T06:46:20.441Z,2026-08-13T06:46:20.441Z
1341,26170-679,,센트럴베이동원로얄듀크비스타,센트럴베이동원로얄듀크비스타,부산,동구,26170,초량동,10100,1166-1,,,35.12128358654287,129.0445971973359,normalized,2011,,,,,2026-08-13T06:44:29.157Z,2026-08-13T06:44:29.157Z
1390,26170-71,,필우파크,필우파크,부산,동구,26170,수정동,10200,773-1,,,35.1301670942092,129.0395847382437,normalized,1989,,,,,2026-08-13T06:47:09.996Z,2026-08-13T06:47:09.996Z
1400,26170-710,,한울시너스,한울시너스,부산,동구,26170,초량동,10100,1053-22,,,35.1153950269888,129.036803566787,normalized,2013,,,,,2026-08-13T06:47:35.571Z,2026-08-13T06:47:35.571Z
1363,26170-719,,선경뉴빌,선경뉴빌,부산,동구,26170,좌천동,10300,187-5,,,35.13284485094474,129.0541227674322,normalized,2013,,,,,2026-08-13T06:45:38.050Z,2026-08-13T06:45:38.050Z
1379,26170-731,,봄여름가을겨울,봄여름가을겨울,부산,동구,26170,범일동,10400,830-77,,,35.14086613264053,129.0629780708617,normalized,2013,,,,,2026-08-13T06:46:27.828Z,2026-08-13T06:46:27.828Z
1396,26170-74,,태안하버빌,태안하버빌,부산,동구,26170,수정동,10200,1010-1,,,35.12551020676207,129.0424520819584,normalized,2004,,,,,2026-08-13T06:47:19.055Z,2026-08-13T06:47:19.055Z
1333,26170-748,,부산역유림로미오,부산역유림로미오,부산,동구,26170,초량동,10100,1165-1,,,35.12150918638339,129.044098300362,normalized,2014,,,,,2026-08-13T06:44:01.846Z,2026-08-13T06:44:01.846Z
1356,26170-749,,부산역유림줄리엣,부산역유림줄리엣,부산,동구,26170,초량동,10100,1165-11,,,35.1211054693996,129.043884203629,normalized,2014,,,,,2026-08-13T06:45:22.423Z,2026-08-13T06:45:22.423Z
1403,26170-752,,센텀타워,센텀타워,부산,동구,26170,좌천동,10300,476-1,,,35.13497525540384,129.0542794144313,normalized,2014,,,,,2026-08-13T06:47:40.058Z,2026-08-13T06:47:40.058Z
1368,26170-771,,동이라메르,동이라메르,부산,동구,26170,초량동,10100,122-22,,,35.12215805225761,129.0392303429306,normalized,2015,,,,,2026-08-13T06:45:45.600Z,2026-08-13T06:45:45.600Z
1359,26170-780,,남평N-CITY,남평N-CITY,부산,동구,26170,초량동,10100,1156-4,,,35.12427643703978,129.0456076347801,normalized,2016,,,,,2026-08-13T06:45:32.016Z,2026-08-13T06:45:32.016Z
1340,26170-781,,오름CASTLE,오름CASTLE,부산,동구,26170,수정동,10200,1-74,,,35.1303681974925,129.049508262244,normalized,2016,,,,,2026-08-13T06:44:27.621Z,2026-08-13T06:44:27.621Z
1382,26170-793,,베스안하우스2차,베스안하우스2차,부산,동구,26170,수정동,10200,1014-8,,,35.12502560568483,129.0421712468408,normalized,2017,,,,,2026-08-13T06:46:32.396Z,2026-08-13T06:46:32.396Z
1362,26170-799,,장원하이드파크,장원하이드파크,부산,동구,26170,초량동,10100,1160-11,,,35.12265499830379,129.0452479011036,normalized,2017,,,,,2026-08-13T06:45:36.537Z,2026-08-13T06:45:36.537Z
1365,26170-801,,오션스타,오션스타,부산,동구,26170,초량동,10100,1056-10,,,35.11441729568269,129.0368011594582,normalized,2017,,,,,2026-08-13T06:45:41.053Z,2026-08-13T06:45:41.053Z
1344,26170-802,,센텀동원2차,센텀동원2차,부산,동구,26170,초량동,10100,49-6,,,35.12031384814137,129.0408602794171,normalized,2017,,,,,2026-08-13T06:44:33.657Z,2026-08-13T06:44:33.657Z
1367,26170-805,,금초파크,금초파크,부산,동구,26170,범일동,10400,1308-10,,,35.14159083549498,129.0549097513762,normalized,2017,,,,,2026-08-13T06:45:44.073Z,2026-08-13T06:45:44.073Z
1342,26170-807,,린다스마트포레,린다스마트포레,부산,동구,26170,좌천동,10300,548,,,35.13384611869682,129.0530553308911,normalized,2018,,,,,2026-08-13T06:44:30.649Z,2026-08-13T06:44:30.649Z
1389,26170-808,,범일동서면영동리원,범일동서면영동리원,부산,동구,26170,범일동,10400,1307-14,,,35.1414417811628,129.0540809967,normalized,2018,,,,,2026-08-13T06:47:08.508Z,2026-08-13T06:47:08.508Z
1373,26170-810,,하버씨티,하버씨티,부산,동구,26170,초량동,10100,598-12,,,35.11299719569785,129.0368996041489,normalized,2018,,,,,2026-08-13T06:46:03.622Z,2026-08-13T06:46:03.622Z
1334,26170-815,,지원더뷰오션1차,지원더뷰오션1차,부산,동구,26170,초량동,10100,1161-1,,,35.12223038700696,129.0451506335992,normalized,2018,,,,,2026-08-13T06:44:08.432Z,2026-08-13T06:44:08.432Z
1360,26170-818,,성무아이반스타,성무아이반스타,부산,동구,26170,범일동,10400,154,,,35.1367679869524,129.055748398977,normalized,2018,,,,,2026-08-13T06:45:33.556Z,2026-08-13T06:45:33.556Z
1366,26170-823,,베스안오션뷰,베스안오션뷰,부산,동구,26170,수정동,10200,116-4,,,35.12696245982875,129.04536221017,normalized,2019,,,,,2026-08-13T06:45:42.578Z,2026-08-13T06:45:42.578Z
1355,26170-824,,지원더뷰오션2차,지원더뷰오션2차,부산,동구,26170,초량동,10100,1160-1,,,35.12304611987306,129.0454605971174,normalized,2019,,,,,2026-08-13T06:45:20.937Z,2026-08-13T06:45:20.937Z
1338,26170-830,,모티더베스트빌,모티더베스트빌,부산,동구,26170,수정동,10200,248-36,,,35.1295156662611,129.046151143605,normalized,2020,,,,,2026-08-13T06:44:24.581Z,2026-08-13T06:44:24.581Z
1371,26170-833,,어반오션시티,어반오션시티,부산,동구,26170,범일동,10400,105-1,,,35.1380015918321,129.056072332301,normalized,2021,,,,,2026-08-13T06:45:50.169Z,2026-08-13T06:45:50.169Z
1377,26170-835,,서면베스티움더시티,서면베스티움더시티,부산,동구,26170,범일동,10400,26-8,,,35.14127813706317,129.0559715436887,normalized,2021,,,,,2026-08-13T06:46:24.840Z,2026-08-13T06:46:24.840Z
1364,26170-85,,아름빌102동,아름빌102동,부산,동구,26170,범일동,10400,1486-16,,,35.1418246174378,129.052601868336,normalized,2003,,,,,2026-08-13T06:45:39.565Z,2026-08-13T06:45:39.565Z
1397,26170-857,,범일퀸즈W에디션,범일퀸즈W에디션,부산,동구,26170,범일동,10400,120-2,,,35.1373248634008,129.056069571718,normalized,2023,,,,,2026-08-13T06:47:20.567Z,2026-08-13T06:47:20.567Z
1357,26170-864,,북항에코하임센트럴뷰,북항에코하임센트럴뷰,부산,동구,26170,수정동,10200,389-20,,,35.1234314987097,129.041044467976,normalized,2023,,,,,2026-08-13T06:45:23.990Z,2026-08-13T06:45:23.990Z
1383,26170-9,,초원,초원,부산,동구,26170,초량동,10100,1064-1,,,35.1129738900912,129.039945671028,normalized,1976,,,,,2026-08-13T06:46:33.880Z,2026-08-13T06:46:33.880Z
1525,26200-103,,수근에이스타운,수근에이스타운,부산,영도구,26200,봉래동3가,11700,149,,,35.0940245637777,129.0456881069278,normalized,2003,,,,,2026-08-13T06:53:04.458Z,2026-08-13T06:53:04.458Z
1519,26200-104,,한진중공업사원,한진중공업사원,부산,영도구,26200,봉래동5가,11900,30-1,,,35.09444525071191,129.0532652476977,normalized,1998,,,,,2026-08-13T06:52:55.390Z,2026-08-13T06:52:55.390Z
1532,26200-106,,청학스카이파크,청학스카이파크,부산,영도구,26200,청학동,12000,446-4,,,35.09058278239574,129.0590582560645,normalized,2003,,,,,2026-08-13T06:53:25.296Z,2026-08-13T06:53:25.296Z
1493,26200-114,,하나빌,하나빌,부산,영도구,26200,대평동1가,10300,7,,,35.09218580857956,129.035432248922,normalized,2004,,,,,2026-08-13T06:51:55.884Z,2026-08-13T06:51:55.884Z
1529,26200-115,,페로스빌,페로스빌,부산,영도구,26200,청학동,12000,307-60,,,35.097425094524,129.059233630575,normalized,2004,,,,,2026-08-13T06:53:20.765Z,2026-08-13T06:53:20.765Z
1483,26200-124,,영선1동,영선1동,부산,영도구,26200,영선동4가,11100,1278,,,35.0902483741857,129.044742959693,normalized,1969,,,,,2026-08-13T06:51:20.232Z,2026-08-13T06:51:20.232Z
1494,26200-20,,샛별나동,샛별나동,부산,영도구,26200,신선동2가,11300,177-7,,,35.0847271811749,129.0471277540237,normalized,1981,,,,,2026-08-13T06:51:57.173Z,2026-08-13T06:51:57.173Z
1517,26200-30,,오양대교맨션,오양대교맨션,부산,영도구,26200,봉래동3가,11700,137,,,35.09456991364046,129.0447719377269,normalized,1991,,,,,2026-08-13T06:52:52.391Z,2026-08-13T06:52:52.391Z
1530,26200-33,,골든빌리지,골든빌리지,부산,영도구,26200,봉래동3가,11700,166-6,,,35.09536416698193,129.0457676305137,normalized,2002,,,,,2026-08-13T06:53:22.266Z,2026-08-13T06:53:22.266Z
1481,26200-4,,남일,남일,부산,영도구,26200,남항동3가,10700,1-2,,,35.08746970122197,129.036144974197,normalized,1975,,,,,2026-08-13T06:51:17.249Z,2026-08-13T06:51:17.249Z
1495,26200-51,,보성아트빌,보성아트빌,부산,영도구,26200,청학동,12000,59-23,,,35.09089389851322,129.065983288392,normalized,2002,,,,,2026-08-13T06:51:58.686Z,2026-08-13T06:51:58.686Z
1518,26200-56,,동광세화맨션,동광세화맨션,부산,영도구,26200,동삼동,12100,344-1,,,35.07692064677178,129.072828598241,normalized,1984,,,,,2026-08-13T06:52:53.885Z,2026-08-13T06:52:53.885Z
1448,26200-57,,동산파크타운,동산파크타운,부산,영도구,26200,동삼동,12100,400,,,35.0734569385807,129.0734381316897,normalized,1988,,,,,2026-08-13T06:49:51.730Z,2026-08-13T06:49:51.730Z
1511,26200-598,,천지해오름,천지해오름,부산,영도구,26200,청학동,12000,214-5,,,35.09623817174381,129.0624712719327,normalized,2005,,,,,2026-08-13T06:52:43.338Z,2026-08-13T06:52:43.338Z
1434,26200-603,,시영(1동),시영(1동),부산,영도구,26200,봉래동5가,11900,169-7,,,35.09181049613075,129.0521849892129,normalized,1976,,,,,2026-08-13T06:49:15.403Z,2026-08-13T06:49:15.403Z
1460,26200-609,,대성타워,대성타워,부산,영도구,26200,동삼동,12100,326-9,,,35.07764905580888,129.0702818647443,normalized,2006,,,,,2026-08-13T06:50:19.944Z,2026-08-13T06:50:19.944Z
1520,26200-64,,삼창파크맨션2동,삼창파크맨션2동,부산,영도구,26200,동삼동,12100,363-40,,,35.07511857235297,129.0732346354747,normalized,1986,,,,,2026-08-13T06:52:56.907Z,2026-08-13T06:52:56.907Z
1496,26200-642,,청성,청성,부산,영도구,26200,영선동2가,10900,67-1,,,35.08896858281062,129.0423450111372,normalized,2011,,,,,2026-08-13T06:52:00.197Z,2026-08-13T06:52:00.197Z
1498,26200-660,,페로스타워,페로스타워,부산,영도구,26200,동삼동,12100,572-2,,,35.07037412527055,129.067892646501,normalized,2012,,,,,2026-08-13T06:52:03.254Z,2026-08-13T06:52:03.254Z
1522,26200-675,,뉴스카이,뉴스카이,부산,영도구,26200,남항동1가,10500,159,,,35.09039995295111,129.0404006094074,normalized,2013,,,,,2026-08-13T06:52:59.943Z,2026-08-13T06:52:59.943Z
1513,26200-680,,대교마루빌,대교마루빌,부산,영도구,26200,봉래동2가,11600,65-1,,,35.09302664641461,129.0422335210483,normalized,2013,,,,,2026-08-13T06:52:46.394Z,2026-08-13T06:52:46.394Z
1424,26200-689,,제이스힐타워,제이스힐타워,부산,영도구,26200,남항동1가,10500,36-5,,,35.09043144350911,129.0377787988822,normalized,2014,,,,,2026-08-13T06:49:00.209Z,2026-08-13T06:49:00.209Z
1503,26200-695,,비온뒤,비온뒤,부산,영도구,26200,청학동,12000,216-26,,,35.0960963170123,129.063393121473,normalized,2014,,,,,2026-08-13T06:52:10.783Z,2026-08-13T06:52:10.783Z
1461,26200-696,,한울시너스,한울시너스,부산,영도구,26200,남항동1가,10500,51-1,,,35.09019670766365,129.0376435821818,normalized,2014,,,,,2026-08-13T06:50:42.127Z,2026-08-13T06:50:42.127Z
1508,26200-706,,성우펠리체리움,성우펠리체리움,부산,영도구,26200,봉래동3가,11700,91-2,,,35.0937824984655,129.044866302858,normalized,2015,,,,,2026-08-13T06:52:18.301Z,2026-08-13T06:52:18.301Z
1464,26200-719,,퀸페로스,퀸페로스,부산,영도구,26200,남항동1가,10500,170-1,,,35.0897844751945,129.03997083654,normalized,2016,,,,,2026-08-13T06:50:46.520Z,2026-08-13T06:50:46.520Z
1439,26200-721,,남항부백자연애,남항부백자연애,부산,영도구,26200,남항동1가,10500,217-1,,,35.09032814148114,129.0413472067932,normalized,2016,,,,,2026-08-13T06:49:27.944Z,2026-08-13T06:49:27.944Z
1507,26200-729,,클래식시티,클래식시티,부산,영도구,26200,청학동,12000,21-15,,,35.0941618046732,129.064275249717,normalized,2017,,,,,2026-08-13T06:52:16.800Z,2026-08-13T06:52:16.800Z
1506,26200-731,,아이블리스,아이블리스,부산,영도구,26200,대교동2가,10200,151-3,,,35.09138773878369,129.0394844989955,normalized,2017,,,,,2026-08-13T06:52:15.283Z,2026-08-13T06:52:15.283Z
1479,26200-739,,정림위더스하임,정림위더스하임,부산,영도구,26200,남항동1가,10500,1,,,35.0914118428122,129.037301038731,normalized,2018,,,,,2026-08-13T06:51:09.180Z,2026-08-13T06:51:09.180Z
1523,26200-74,,전원파크맨션,전원파크맨션,부산,영도구,26200,동삼동,12100,557,,,35.07033752814719,129.0673436596177,normalized,1988,,,,,2026-08-13T06:53:01.426Z,2026-08-13T06:53:01.426Z
1475,26200-740,,유원블루파크,유원블루파크,부산,영도구,26200,봉래동1가,11500,128-1,,,35.09464769061317,129.0412805640982,normalized,2018,,,,,2026-08-13T06:51:03.133Z,2026-08-13T06:51:03.133Z
1510,26200-743,,골든에이지,골든에이지,부산,영도구,26200,남항동2가,10600,253-20,,,35.0886955404729,129.039936035254,normalized,2018,,,,,2026-08-13T06:52:41.846Z,2026-08-13T06:52:41.846Z
1451,26200-744,,골드클래스,골드클래스,부산,영도구,26200,동삼동,12100,231-52,,,35.08055562491825,129.0697896498874,normalized,2018,,,,,2026-08-13T06:50:06.402Z,2026-08-13T06:50:06.402Z
1466,26200-750,,대성베른시티1동,대성베른시티1동,부산,영도구,26200,동삼동,12100,219-146,,,35.0827971646457,129.071142109697,normalized,2019,,,,,2026-08-13T06:50:49.561Z,2026-08-13T06:50:49.561Z
1502,26200-753,,더킹페로스아파트,더킹페로스,부산,영도구,26200,남항동1가,10500,86,,,35.0904748606309,129.038358780391,normalized,2019,,,,,2026-08-13T06:52:09.226Z,2026-08-13T06:52:09.226Z
1514,26200-754,,비룡벨로스텔라,비룡벨로스텔라,부산,영도구,26200,동삼동,12100,1191,,,35.0716048455013,129.066746446111,normalized,2019,,,,,2026-08-13T06:52:47.851Z,2026-08-13T06:52:47.851Z
1492,26200-758,,로웰타워,로웰타워,부산,영도구,26200,대교동1가,10100,64-1,,,35.0931768069311,129.038131101542,normalized,2019,,,,,2026-08-13T06:51:49.080Z,2026-08-13T06:51:49.080Z
1468,26200-760,,힐링파크,힐링파크,부산,영도구,26200,영선동2가,10900,44-1,,,35.0873457929763,129.041475691571,normalized,2020,,,,,2026-08-13T06:50:52.559Z,2026-08-13T06:50:52.559Z
1444,26200-763,,영도봄여름가을겨울,영도봄여름가을겨울,부산,영도구,26200,대교동1가,10100,95,,,35.0921764778709,129.037703813007,normalized,2020,,,,,2026-08-13T06:49:45.704Z,2026-08-13T06:49:45.704Z
1526,26200-88,,선경하우스,선경하우스,부산,영도구,26200,영선동3가,11000,20-7,,,35.08668041085843,129.0400491965468,normalized,2003,,,,,2026-08-13T06:53:05.957Z,2026-08-13T06:53:05.957Z
1521,26200-89,,혜광마린팰리스,혜광마린팰리스,부산,영도구,26200,청학동,12000,7-46,,,35.09480449681013,129.0647420973242,normalized,2003,,,,,2026-08-13T06:52:58.425Z,2026-08-13T06:52:58.425Z
1427,26200-96,,진명드림빌,진명드림빌,부산,영도구,26200,남항동2가,10600,202,,,35.0867719719289,129.0398563264222,normalized,2003,,,,,2026-08-13T06:49:04.715Z,2026-08-13T06:49:04.715Z
299,26230-102,,서면시즈빌,서면시즈빌,부산,부산진구,26230,당감동,10900,69-4,,,35.15822582163098,129.048769551744,normalized,2002,,,,,2026-08-13T05:49:32.737Z,2026-08-13T12:24:00.079Z
409,26230-105,,국민,국민,부산,부산진구,26230,가야동,11000,385,,,35.15408256005946,129.035229727988,normalized,1976,,,,,2026-08-13T05:49:35.738Z,2026-08-13T12:24:01.786Z
247,26230-121,,진일,진일,부산,부산진구,26230,가야동,11000,634-1,,,35.15150176552355,129.0275912954109,normalized,1980,,,,,2026-08-13T05:49:31.412Z,2026-08-13T12:24:03.309Z
357,26230-142,,진일,진일,부산,부산진구,26230,개금동,11100,410,,,35.1578875047627,129.019335608772,normalized,1982,,,,,2026-08-13T05:49:34.371Z,2026-08-13T12:24:01.518Z
206,26230-1452,,다산몽레브,다산몽레브,부산,부산진구,26230,가야동,11000,619-7,,,35.1518297477439,129.0276477132642,normalized,2006,,,,,2026-08-13T05:49:30.240Z,2026-08-13T12:23:57.901Z
328,26230-15,,우영,우영,부산,부산진구,26230,전포동,10200,327-22,,,35.15691679520921,129.0721068118148,normalized,1984,,,,,2026-08-13T05:49:33.602Z,2026-08-13T12:24:01.050Z
281,26230-154,,세인한아름,세인한아름,부산,부산진구,26230,범천동,10400,1252-125,,,35.14702096140241,129.0524822378806,normalized,1994,,,,,2026-08-13T05:49:32.285Z,2026-08-13T12:24:00.798Z
313,26230-159,,유인인터빌,유인인터빌,부산,부산진구,26230,범천동,10400,1291-18,,,35.14444128315224,129.0553840692668,normalized,2002,,,,,2026-08-13T05:49:33.168Z,2026-08-13T12:24:00.980Z
136,26230-1600,,서면대우디오빌2,서면대우디오빌2,부산,부산진구,26230,전포동,10200,181-1,,,35.16093208208597,129.0657936168432,normalized,2005,,,,,2026-08-13T05:49:28.163Z,2026-08-13T12:23:59.010Z
159,26230-1601,,동원퀸스빌,동원퀸스빌,부산,부산진구,26230,범천동,10400,1197-8,,,35.1503614285259,129.051640110832,normalized,2005,,,,,2026-08-13T05:49:29.002Z,2026-08-13T12:23:58.956Z
365,26230-1602,,동우주택,동우주택,부산,부산진구,26230,범천동,10400,1230-193,,,35.1490503333389,129.052910646733,normalized,2005,,,,,2026-08-13T05:49:34.585Z,2026-08-13T12:24:01.164Z
245,26230-1634,,신화골든뷰,신화골든뷰,부산,부산진구,26230,전포동,10200,194-14,,,35.1590370821163,129.0657325185637,normalized,2005,,,,,2026-08-13T05:49:31.396Z,2026-08-13T12:23:59.775Z
133,26230-1636,,타워베르빌,타워베르빌,부산,부산진구,26230,부암동,10800,48-3,,,35.16600530927826,129.0508610569128,normalized,2005,,,,,2026-08-13T05:49:28.015Z,2026-08-13T12:23:58.735Z
337,26230-1640,,삼익9동,삼익9동,부산,부산진구,26230,당감동,10900,447-1,,,35.16324464842183,129.0382881844461,normalized,1978,,,,,2026-08-13T05:49:33.842Z,2026-08-13T12:24:01.082Z
111,26230-1643,,범전시영2동,범전시영2동,부산,부산진구,26230,범전동,10500,329-15,,,35.16573350329735,129.0612434122945,normalized,1986,,,,,2026-08-13T05:49:22.337Z,2026-08-13T12:23:58.240Z
252,26230-1669,,롯데갤러리움,롯데갤러리움,부산,부산진구,26230,양정동,10100,273-1,,,35.1758610936795,129.072835658398,normalized,2006,,,,,2026-08-13T05:49:31.573Z,2026-08-13T12:23:59.794Z
361,26230-168,,동양크리스탈,동양크리스탈,부산,부산진구,26230,범천동,10400,839-18,,,35.14194095407071,129.0635756871199,normalized,2003,,,,,2026-08-13T05:49:34.475Z,2026-08-13T12:24:01.534Z
331,26230-169,,남경,남경,부산,부산진구,26230,연지동,10600,38-12,,,35.1719310926439,129.0584706743692,normalized,2003,,,,,2026-08-13T05:49:33.652Z,2026-08-13T12:23:59.508Z
212,26230-170,,동연아미가,동연아미가,부산,부산진구,26230,전포동,10200,635-1,,,35.1605361956392,129.0644887442978,normalized,2003,,,,,2026-08-13T05:49:30.420Z,2026-08-13T12:23:59.623Z
138,26230-1706,,현호네오빌,현호네오빌,부산,부산진구,26230,부전동,10300,631,,,35.15425733212984,129.0528000946708,normalized,2007,,,,,2026-08-13T05:49:28.295Z,2026-08-13T12:23:58.833Z
81,26230-1727,,에스엔디파인빌,에스엔디파인빌,부산,부산진구,26230,부전동,10300,532-9,,,35.15110516295918,129.0571492447694,normalized,2007,,,,,2026-08-13T05:49:15.495Z,2026-08-13T12:23:57.517Z
128,26230-1729,,양정센텀,양정센텀,부산,부산진구,26230,양정동,10100,109-9,,,35.17550298308785,129.0770103763604,normalized,2015,,,,,2026-08-13T05:49:27.824Z,2026-08-13T12:23:58.393Z
373,26230-1730,,엘리시아,엘리시아,부산,부산진구,26230,양정동,10100,270-3,,,35.17547082072466,129.0737345084316,normalized,2007,,,,,2026-08-13T05:49:34.779Z,2026-08-13T12:24:01.585Z
72,26230-1790,,마제스타워서면,마제스타워서면,부산,부산진구,26230,부암동,10800,304-1,,,35.1682710032606,129.049680046679,normalized,2008,,,,,2026-08-13T05:49:15.100Z,2026-08-13T12:23:57.420Z
217,26230-180,,삼정코아,삼정코아,부산,부산진구,26230,전포동,10200,878-26,,,35.16080822933161,129.0625917321783,normalized,2004,,,,,2026-08-13T05:49:30.552Z,2026-08-13T12:24:03.258Z
352,26230-182,,동아,동아,부산,부산진구,26230,가야동,11000,159,,,35.1523800254363,129.029228224812,normalized,2003,,,,,2026-08-13T05:49:34.260Z,2026-08-13T12:24:01.502Z
381,26230-187,,범천동프렌빌,범천동프렌빌,부산,부산진구,26230,범천동,10400,875-24,,,35.14706466044549,129.0577672545703,normalized,2003,,,,,2026-08-13T05:49:35.012Z,2026-08-13T12:24:00.460Z
393,26230-1890,,홍림로즈빌,홍림로즈빌,부산,부산진구,26230,당감동,10900,95-9,,,35.15742721636381,129.0473943547696,normalized,2011,,,,,2026-08-13T05:49:35.332Z,2026-08-13T12:24:02.110Z
410,26230-190,,서면그린빌,서면그린빌,부산,부산진구,26230,범천동,10400,1067-39,,,35.15673257382837,129.0492500189773,normalized,2003,,,,,2026-08-13T05:49:35.803Z,2026-08-13T12:24:02.251Z
306,26230-192,,보영미네르빌,보영미네르빌,부산,부산진구,26230,부전동,10300,508-22,,,35.15715950467335,129.0534128974953,normalized,2003,,,,,2026-08-13T05:49:32.930Z,2026-08-13T12:24:01.278Z
384,26230-195,,전포동위너비타,전포동위너비타,부산,부산진구,26230,전포동,10200,674-1,,,35.15757687350835,129.0646948525911,normalized,2003,,,,,2026-08-13T05:49:35.123Z,2026-08-13T12:24:00.475Z
237,26230-1974,,서면엘리시움,서면엘리시움,부산,부산진구,26230,전포동,10200,648,,,35.1598767285072,129.064055089408,normalized,2012,,,,,2026-08-13T05:49:31.178Z,2026-08-13T12:24:00.241Z
240,26230-1976,,범일역풍림아이원,범일역풍림아이원,부산,부산진구,26230,범천동,10400,1643,,,35.14422982813268,129.0610398923945,normalized,2012,,,,,2026-08-13T05:49:31.257Z,2026-08-13T12:23:59.725Z
239,26230-1998,,서면센트리움,서면센트리움,부산,부산진구,26230,부암동,10800,121-9,,,35.1613573952005,129.050950635367,normalized,2012,,,,,2026-08-13T05:49:31.202Z,2026-08-13T12:23:59.707Z
294,26230-1999,,동아블루시아,동아블루시아,부산,부산진구,26230,초읍동,10700,270-15,,,35.17350941709384,129.0498422976543,normalized,2012,,,,,2026-08-13T05:49:32.611Z,2026-08-13T12:24:00.045Z
149,26230-203,,동광하이빌(102),동광하이빌(102),부산,부산진구,26230,전포동,10200,33-453,,,35.1608319251066,129.0680186870471,normalized,2000,,,,,2026-08-13T05:49:28.721Z,2026-08-13T12:23:59.107Z
166,26230-2048,,서면블리체,서면블리체,부산,부산진구,26230,부전동,10300,514-8,,,35.15444983030687,129.054999449677,normalized,2012,,,,,2026-08-13T05:49:29.215Z,2026-08-13T12:23:57.647Z
342,26230-205,,동광하이빌(106),동광하이빌(106),부산,부산진구,26230,전포동,10200,33-432,,,35.16102024883008,129.0676503587485,normalized,2000,,,,,2026-08-13T05:49:33.958Z,2026-08-13T12:24:01.098Z
402,26230-2067,,시티파크,시티파크,부산,부산진구,26230,개금동,11100,523-3,,,35.15102384947258,129.020598923221,normalized,2012,,,,,2026-08-13T05:49:35.582Z,2026-08-13T12:24:02.185Z
305,26230-2074,,홍익빌레트,홍익빌레트,부산,부산진구,26230,전포동,10200,194-26,,,35.1588246602433,129.065929052011,normalized,2013,,,,,2026-08-13T05:49:32.931Z,2026-08-13T12:24:00.389Z
363,26230-209,,덕포그랜드힐,덕포그랜드힐,부산,부산진구,26230,양정동,10100,272-15,,,35.17487129304977,129.0733812384933,normalized,2003,,,,,2026-08-13T05:49:34.535Z,2026-08-13T12:24:01.945Z
259,26230-2111,,양정이즈팰리스,양정이즈팰리스,부산,부산진구,26230,양정동,10100,272-9,,,35.17450733274329,129.0730591994098,normalized,2013,,,,,2026-08-13T05:49:31.725Z,2026-08-13T12:24:00.695Z
108,26230-212,,한웅인터빌,한웅인터빌,부산,부산진구,26230,전포동,10200,362-62,,,35.1510466134346,129.065989099245,normalized,2004,,,,,2026-08-13T05:49:22.035Z,2026-08-13T12:23:58.594Z
127,26230-2120,,강진융프라우,강진융프라우,부산,부산진구,26230,범천동,10400,871-1,,,35.14802538116494,129.0578155867056,normalized,2013,,,,,2026-08-13T05:49:27.766Z,2026-08-13T12:23:58.375Z
248,26230-213,,청아,청아,부산,부산진구,26230,전포동,10200,595-20,,,35.16132760180567,129.0639491018348,normalized,2004,,,,,2026-08-13T05:49:31.464Z,2026-08-13T12:24:00.647Z
222,26230-217,,탑패밀리,탑패밀리,부산,부산진구,26230,범천동,10400,1589-27,,,35.15684524536018,129.0504730343789,normalized,2004,,,,,2026-08-13T05:49:30.703Z,2026-08-13T12:24:00.135Z
278,26230-22,,화신거화,화신거화,부산,부산진구,26230,전포동,10200,191-3,,,35.15946368006394,129.0713572119552,normalized,1993,,,,,2026-08-13T05:49:32.227Z,2026-08-13T12:24:00.782Z
380,26230-2233,,몽뜨레,몽뜨레,부산,부산진구,26230,전포동,10200,693-2,,,35.15373950407613,129.0634918370482,normalized,2013,,,,,2026-08-13T05:49:35.009Z,2026-08-13T12:24:02.072Z
287,26230-2250,,수정캐슬,수정캐슬,부산,부산진구,26230,양정동,10100,272-2,,,35.1750840991479,129.07337347351,normalized,2014,,,,,2026-08-13T05:49:32.429Z,2026-08-13T12:24:00.842Z
368,26230-2270,,유성해네스타워,유성해네스타워,부산,부산진구,26230,전포동,10200,362-3,,,35.15180623468039,129.0657811838112,normalized,2014,,,,,2026-08-13T05:49:34.677Z,2026-08-13T12:24:01.179Z
323,26230-2291,,산들파르테,산들파르테,부산,부산진구,26230,양정동,10100,236-2,,,35.17822761508018,129.0736728416303,normalized,2014,,,,,2026-08-13T05:49:33.432Z,2026-08-13T12:23:59.455Z
325,26230-230,,부암동리젠트힐,부암동리젠트힐,부산,부산진구,26230,부암동,10800,65-17,,,35.163437502282,129.050458574643,normalized,2004,,,,,2026-08-13T05:49:33.535Z,2026-08-13T12:23:59.488Z
307,26230-2305,,다온미즈,다온미즈,부산,부산진구,26230,개금동,11100,540-51,,,35.14794028915713,129.0208002547299,normalized,2014,,,,,2026-08-13T05:49:32.943Z,2026-08-13T12:23:59.367Z
348,26230-2312,,TK골드뷰,TK골드뷰,부산,부산진구,26230,범천동,10400,842-4,,,35.1438879828997,129.062698885784,normalized,2014,,,,,2026-08-13T05:49:34.158Z,2026-08-13T12:24:01.453Z
264,26230-2316,,골든엠파이어,골든엠파이어,부산,부산진구,26230,당감동,10900,880-4,,,35.15895162262834,129.0499728635562,normalized,2014,,,,,2026-08-13T05:49:31.865Z,2026-08-13T12:23:59.867Z
185,26230-2328,,한진스카이뷰,한진스카이뷰,부산,부산진구,26230,양정동,10100,399-1,,,35.1726679922279,129.067951916274,normalized,2015,,,,,2026-08-13T05:49:29.699Z,2026-08-13T12:23:59.557Z
411,26230-2341,,개금코아팰리스,개금코아팰리스,부산,부산진구,26230,개금동,11100,188-10,,,35.15395475646748,129.0255981081105,normalized,2015,,,,,2026-08-13T05:49:35.804Z,2026-08-13T12:24:01.802Z
333,26230-2342,,GK하늘숲,GK하늘숲,부산,부산진구,26230,개금동,11100,171-95,,,35.15260655379677,129.0241459478002,normalized,2015,,,,,2026-08-13T05:49:33.739Z,2026-08-13T12:24:01.863Z
285,26230-2343,,평광우리가,평광우리가,부산,부산진구,26230,범천동,10400,875-11,,,35.14619421663743,129.0578155520996,normalized,2015,,,,,2026-08-13T05:49:32.378Z,2026-08-13T12:24:00.817Z
254,26230-2345,,모닝하우스,모닝하우스,부산,부산진구,26230,범천동,10400,881-11,,,35.14462634762928,129.0584957849228,normalized,2015,,,,,2026-08-13T05:49:31.602Z,2026-08-13T12:23:59.815Z
396,26230-235,,동남주상복합,동남주상복합,부산,부산진구,26230,당감동,10900,623-2,,,35.16552742719929,129.0330271052791,normalized,2003,,,,,2026-08-13T05:49:35.422Z,2026-08-13T12:24:02.152Z
401,26230-2355,,리첸타워,리첸타워,부산,부산진구,26230,초읍동,10700,107-2,,,35.18297080358972,129.0489317986157,normalized,2015,,,,,2026-08-13T05:49:35.536Z,2026-08-13T12:24:01.732Z
375,26230-2360,,개금블루스카이,개금블루스카이,부산,부산진구,26230,개금동,11100,198-1,,,35.1536741484746,129.025564816283,normalized,2015,,,,,2026-08-13T05:49:34.869Z,2026-08-13T12:24:04.315Z
196,26230-2368,,홍림로얄뷰,홍림로얄뷰,부산,부산진구,26230,당감동,10900,71-5,,,35.15755138688741,129.0478319987923,normalized,2015,,,,,2026-08-13T05:49:29.976Z,2026-08-13T12:23:59.317Z
382,26230-2370,,전포센티움,전포센티움,부산,부산진구,26230,전포동,10200,356-13,,,35.1523764241392,129.0665351333292,normalized,2015,,,,,2026-08-13T05:49:35.014Z,2026-08-13T12:24:01.601Z
74,26230-2382,,포세이돈,포세이돈,부산,부산진구,26230,양정동,10100,270-5,,,35.17526202994068,129.0737709103581,normalized,2016,,,,,2026-08-13T05:49:15.144Z,2026-08-13T12:23:57.464Z
310,26230-2385,,서면팰리스,서면팰리스,부산,부산진구,26230,전포동,10200,207-7,,,35.15671503538372,129.0659294610147,normalized,2016,,,,,2026-08-13T05:49:33.067Z,2026-08-13T12:24:00.962Z
271,26230-2387,,성원더프라임아파트,성원더프라임,부산,부산진구,26230,부전동,10300,424-2,,,35.15860410568663,129.0529323793748,normalized,2016,,,,,2026-08-13T05:49:32.034Z,2026-08-13T12:24:00.339Z
102,26230-2395,,동양팰리스,동양팰리스,부산,부산진구,26230,전포동,10200,194-7,,,35.1583863904566,129.0657884840776,normalized,2016,,,,,2026-08-13T05:49:21.387Z,2026-08-13T12:23:58.169Z
383,26230-2398,,린다비스타,린다비스타,부산,부산진구,26230,범천동,10400,1298-97,,,35.14280624741593,129.0552968693547,normalized,2016,,,,,2026-08-13T05:49:35.101Z,2026-08-13T12:24:01.617Z
302,26230-2399,,세원수아파트,세원수,부산,부산진구,26230,당감동,10900,70-5,,,35.15811012837206,129.048576815289,normalized,2016,,,,,2026-08-13T05:49:32.817Z,2026-08-13T12:24:03.495Z
378,26230-24,,경원프라우드빌-I,경원프라우드빌-I,부산,부산진구,26230,전포동,10200,890-35,,,35.15135153528237,129.0642785719681,normalized,2002,,,,,2026-08-13T05:49:34.900Z,2026-08-13T12:24:02.028Z
293,26230-2407,,스윗팰리스,스윗팰리스,부산,부산진구,26230,연지동,10600,41-10,,,35.17182198017443,129.0578917400337,normalized,2016,,,,,2026-08-13T05:49:32.592Z,2026-08-13T12:24:03.479Z
204,26230-2414,,굿모닝뷰,굿모닝뷰,부산,부산진구,26230,양정동,10100,388-2,,,35.17329549077714,129.0687788713925,normalized,2016,,,,,2026-08-13T05:49:30.178Z,2026-08-13T12:23:57.884Z
232,26230-242,,대원플러스빌,대원플러스빌,부산,부산진구,26230,양정동,10100,370-4,,,35.17310678099665,129.0701185342152,normalized,2004,,,,,2026-08-13T05:49:31.011Z,2026-08-13T12:23:59.673Z
114,26230-2428,,개금역스마트더블유,개금역스마트더블유,부산,부산진구,26230,개금동,11100,451-12,,,35.15263408716102,129.0173645764952,normalized,2016,,,,,2026-08-13T05:49:26.997Z,2026-08-13T12:23:58.275Z
151,26230-2434,,양정클래스원,양정클래스원,부산,부산진구,26230,양정동,10100,386-3,,,35.1739426714012,129.068664668249,normalized,2016,,,,,2026-08-13T05:49:28.793Z,2026-08-13T12:23:58.901Z
188,26230-2437,,영림로즈빌,영림로즈빌,부산,부산진구,26230,가야동,11000,2,,,35.15675646463544,129.0450644514296,normalized,2016,,,,,2026-08-13T05:49:29.783Z,2026-08-13T12:23:57.779Z
266,26230-244,,서면쌍용플래티넘,서면쌍용플래티넘,부산,부산진구,26230,전포동,10200,683-11,,,35.15497591543021,129.062591491973,normalized,2004,,,,,2026-08-13T05:49:31.913Z,2026-08-13T12:23:59.886Z
320,26230-2440,,더샵골드5,더샵골드5,부산,부산진구,26230,양정동,10100,271-4,,,35.17531039821993,129.0742089580647,normalized,2017,,,,,2026-08-13T05:49:33.383Z,2026-08-13T12:24:01.016Z
64,26230-2441,,메리온시티,메리온시티,부산,부산진구,26230,양정동,10100,387-19,,,35.17335037725951,129.0678342088923,normalized,2017,,,,,2026-08-13T05:49:14.747Z,2026-08-13T12:23:57.219Z
209,26230-2443,,대동레미안더오션2,대동레미안더오션2,부산,부산진구,26230,부전동,10300,417-6,,,35.1587939980232,129.054275879436,normalized,2017,,,,,2026-08-13T05:49:30.328Z,2026-08-13T12:23:59.334Z
157,26230-245,,서면노르웨이아침,서면노르웨이아침,부산,부산진구,26230,전포동,10200,892-21,,,35.14995218433954,129.0634762761174,normalized,2004,,,,,2026-08-13T05:49:28.989Z,2026-08-13T12:23:59.161Z
354,26230-2450,,태영아너스,태영아너스,부산,부산진구,26230,개금동,11100,171-51,,,35.15132917654454,129.0239014387557,normalized,2017,,,,,2026-08-13T05:49:34.284Z,2026-08-13T12:24:01.913Z
184,26230-2456,,서면TK골드뷰,서면TK골드뷰,부산,부산진구,26230,부전동,10300,454-2,,,35.15205095871916,129.0553165531892,normalized,2017,,,,,2026-08-13T05:49:29.684Z,2026-08-13T12:23:57.745Z
116,26230-2457,,다해미네스트,다해미네스트,부산,부산진구,26230,연지동,10600,156-1,,,35.16965610399203,129.0507969188059,normalized,2017,,,,,2026-08-13T05:49:27.204Z,2026-08-13T12:24:02.839Z
207,26230-2461,,대동레미안더오션,대동레미안더오션,부산,부산진구,26230,부전동,10300,415-1,,,35.15972469001087,129.0539163198657,normalized,2017,,,,,2026-08-13T05:49:30.311Z,2026-08-13T12:23:59.605Z
336,26230-2469,,스타파크,스타파크,부산,부산진구,26230,범천동,10400,878-6,,,35.1451946388801,129.058781092077,normalized,2017,,,,,2026-08-13T05:49:33.798Z,2026-08-13T12:24:01.366Z
314,26230-247,,해오름2차,해오름2차,부산,부산진구,26230,부전동,10300,674-1,,,35.1551642576336,129.05054495474,normalized,2004,,,,,2026-08-13T05:49:33.177Z,2026-08-13T12:24:01.313Z
376,26230-2483,,초읍포레스타아파트,초읍포레스타,부산,부산진구,26230,초읍동,10700,519-5,,,35.1793721332669,129.058037096025,normalized,2017,,,,,2026-08-13T05:49:34.885Z,2026-08-13T12:24:02.012Z
181,26230-2490,,개금역대상웰리움,개금역대상웰리움,부산,부산진구,26230,개금동,11100,165-2,,,35.1524502811811,129.0261083275983,normalized,2017,,,,,2026-08-13T05:49:29.598Z,2026-08-13T12:23:59.281Z
230,26230-2491,,샛별스위트,샛별스위트,부산,부산진구,26230,양정동,10100,7-12,,,35.17513782671045,129.0782292228097,normalized,2017,,,,,2026-08-13T05:49:30.943Z,2026-08-13T12:23:57.984Z
262,26230-2496,,야긴다하임,야긴다하임,부산,부산진구,26230,부암동,10800,669-18,,,35.1621383534402,129.054161378241,normalized,2017,,,,,2026-08-13T05:49:31.806Z,2026-08-13T12:24:00.744Z
309,26230-25,,한성시티빌,한성시티빌,부산,부산진구,26230,전포동,10200,172-3,,,35.16161103427201,129.0657186131528,normalized,2002,,,,,2026-08-13T05:49:33.048Z,2026-08-13T12:24:01.297Z
58,26230-2507,,서면라이포레,서면라이포레,부산,부산진구,26230,범천동,10400,1055-1,,,35.15643779395933,129.0501610525651,normalized,2017,,,,,2026-08-13T05:49:14.410Z,2026-08-13T12:23:57.118Z
340,26230-2517,,연지센트럴파크,연지센트럴파크,부산,부산진구,26230,연지동,10600,41-7,,,35.17176356211931,129.0575643126457,normalized,2018,,,,,2026-08-13T05:49:33.914Z,2026-08-13T12:24:01.879Z
344,26230-2532,,허브팰리스,허브팰리스,부산,부산진구,26230,범천동,10400,842-3,,,35.1439618199408,129.062384780105,normalized,2018,,,,,2026-08-13T05:49:34.034Z,2026-08-13T12:24:01.415Z
167,26230-254,,한신센타뷰,한신센타뷰,부산,부산진구,26230,가야동,11000,56-2,,,35.15527756766489,129.0372093566582,normalized,2002,,,,,2026-08-13T05:49:29.216Z,2026-08-13T12:23:58.444Z
183,26230-2541,,더샵골드6,더샵골드6,부산,부산진구,26230,전포동,10200,147-2,,,35.1658810595077,129.066966839396,normalized,2018,,,,,2026-08-13T05:49:29.625Z,2026-08-13T12:23:57.726Z
330,26230-2544,,더블루,더블루,부산,부산진구,26230,개금동,11100,540-236,,,35.1478721420254,129.020131485074,normalized,2018,,,,,2026-08-13T05:49:33.644Z,2026-08-13T12:24:01.351Z
291,26230-2546,,우일아내트,우일아내트,부산,부산진구,26230,범천동,10400,844-3,,,35.1446404239998,129.060582872485,normalized,2018,,,,,2026-08-13T05:49:32.523Z,2026-08-13T12:24:00.893Z
360,26230-2549,,개금동아이리스5차애비뉴,개금동아이리스5차애비뉴,부산,부산진구,26230,개금동,11100,177-149,,,35.1525187585481,129.023521637571,normalized,2018,,,,,2026-08-13T05:49:34.476Z,2026-08-13T12:24:01.149Z
395,26230-2552,,양정퀸즈더블유에디션,양정퀸즈더블유에디션,부산,부산진구,26230,양정동,10100,271-9,,,35.17471684350382,129.0750850671613,normalized,2019,,,,,2026-08-13T05:49:35.391Z,2026-08-13T12:24:02.136Z
142,26230-2555,,리츠캐슬,리츠캐슬,부산,부산진구,26230,범천동,10400,842-28,,,35.1445938156174,129.062050747096,normalized,2019,,,,,2026-08-13T05:49:28.439Z,2026-08-13T12:23:59.057Z
300,26230-2556,,유창아이리치,유창아이리치,부산,부산진구,26230,개금동,11100,171-49,,,35.151293653047,129.0241397534526,normalized,2019,,,,,2026-08-13T05:49:32.788Z,2026-08-13T12:24:00.100Z
243,26230-2557,,대동레미안센트럴시티,대동레미안센트럴시티,부산,부산진구,26230,부전동,10300,474-51,,,35.1596965384336,129.054938322844,normalized,2019,,,,,2026-08-13T05:49:31.315Z,2026-08-13T12:23:59.742Z
236,26230-2567,,전포유림노르웨이숲,전포유림노르웨이숲,부산,부산진구,26230,전포동,10200,362-65,,,35.14992174013759,129.0660550136904,normalized,2019,,,,,2026-08-13T05:49:31.157Z,2026-08-13T12:24:00.226Z
109,26230-2574,,개금동포르투나,개금동포르투나,부산,부산진구,26230,개금동,11100,523-27,,,35.1517303909803,129.020651508608,normalized,2019,,,,,2026-08-13T05:49:22.165Z,2026-08-13T12:23:58.617Z
162,26230-2582,,가야동그린시티,가야동그린시티,부산,부산진구,26230,가야동,11000,35,,,35.156661673316,129.043419433786,normalized,2019,,,,,2026-08-13T05:49:29.114Z,2026-08-13T12:23:57.630Z
227,26230-2583,,대능더에스티지,대능더에스티지,부산,부산진구,26230,양정동,10100,401-5,,,35.1702630276087,129.068413392703,normalized,2019,,,,,2026-08-13T05:49:30.825Z,2026-08-13T12:24:00.173Z
364,26230-259,,청보,청보,부산,부산진구,26230,양정동,10100,319-6,,,35.17463089220799,129.0695765936591,normalized,2004,,,,,2026-08-13T05:49:34.580Z,2026-08-13T12:24:01.961Z
171,26230-2596,,연지에코팰리스,연지에코팰리스,부산,부산진구,26230,연지동,10600,41-4,,,35.17147267057863,129.0580837749406,normalized,2020,,,,,2026-08-13T05:49:29.319Z,2026-08-13T12:23:59.232Z
347,26230-2597,,연지우성스마트시티뷰,연지우성스마트시티뷰,부산,부산진구,26230,연지동,10600,42-4,,,35.1712231349215,129.056752821398,normalized,2020,,,,,2026-08-13T05:49:34.079Z,2026-08-13T12:24:04.281Z
362,26230-260,,건오힐타워,건오힐타워,부산,부산진구,26230,당감동,10900,976,,,35.15757459204529,129.0493369817918,normalized,2004,,,,,2026-08-13T05:49:34.476Z,2026-08-13T12:24:01.930Z
90,26230-2600,,연지보해이브더파크,연지보해이브더파크,부산,부산진구,26230,연지동,10600,175-6,,,35.16994295724823,129.0512057975139,normalized,2020,,,,,2026-08-13T05:49:15.966Z,2026-08-13T12:23:57.536Z
379,26230-2611,,(292-28),(292-28),부산,부산진구,26230,초읍동,10700,292-28,,,35.1809952869175,129.046917463963,normalized,2020,,,,,2026-08-13T05:49:34.983Z,2026-08-13T12:24:02.051Z
303,26230-2619,,궁전아이브더파크,궁전아이브더파크,부산,부산진구,26230,범천동,10400,1230-76,,,35.1489020003035,129.052995791774,normalized,2021,,,,,2026-08-13T05:49:32.840Z,2026-08-13T12:24:00.946Z
319,26230-2620,,허브팰리스서면,허브팰리스서면,부산,부산진구,26230,부전동,10300,38,,,35.164289676126,129.061888445844,normalized,2021,,,,,2026-08-13T05:49:33.314Z,2026-08-13T12:23:59.419Z
405,26230-2621,,그린센트,그린센트,부산,부산진구,26230,부암동,10800,38-5,,,35.167236125782,129.051084021621,normalized,2021,,,,,2026-08-13T05:49:35.637Z,2026-08-13T12:24:02.200Z
229,26230-2624,,서면지원더뷰파크,서면지원더뷰파크,부산,부산진구,26230,부암동,10800,80-7,,,35.16536032307683,129.0524953565367,normalized,2021,,,,,2026-08-13T05:49:30.914Z,2026-08-13T12:24:00.190Z
358,26230-2628,,개금미네스트,개금미네스트,부산,부산진구,26230,개금동,11100,424-6,,,35.1562472789308,129.022527678753,normalized,2021,,,,,2026-08-13T05:49:34.378Z,2026-08-13T12:24:03.633Z
250,26230-264,,삼성비치타운,삼성비치타운,부산,부산진구,26230,부전동,10300,122-1,,,35.1589264354744,129.0613843455,normalized,2004,,,,,2026-08-13T05:49:31.503Z,2026-08-13T12:24:00.290Z
115,26230-2641,,시민공원일동미라주시티,시민공원일동미라주시티,부산,부산진구,26230,부암동,10800,304-14,,,35.16739713596005,129.0498775966663,normalized,2022,,,,,2026-08-13T05:49:27.063Z,2026-08-13T12:23:58.292Z
312,26230-2853,,서면동원시티비스타,서면동원시티비스타,부산,부산진구,26230,부전동,10300,573-5,,,35.1621958307124,129.06165012577,normalized,2024,,,,,2026-08-13T05:49:33.165Z,2026-08-13T12:24:00.442Z
191,26230-352,,한솔폴라리스,한솔폴라리스,부산,부산진구,26230,부전동,10300,505-6,,,35.15712271922855,129.0538816149513,normalized,2005,,,,,2026-08-13T05:49:29.847Z,2026-08-13T12:23:59.297Z
202,26230-354,,두산위브센티움,두산위브센티움,부산,부산진구,26230,범천동,10400,842-2,,,35.14427769816093,129.0624629675465,normalized,2005,,,,,2026-08-13T05:49:30.131Z,2026-08-13T12:23:57.863Z
334,26230-362,,남평파크빌,남평파크빌,부산,부산진구,26230,개금동,11100,219-3,,,35.15650568019348,129.0228654594704,normalized,2005,,,,,2026-08-13T05:49:33.749Z,2026-08-13T12:24:01.065Z
146,26230-363,,글로벌타워,글로벌타워,부산,부산진구,26230,개금동,11100,515-6,,,35.15289047006046,129.0222009833729,normalized,2005,,,,,2026-08-13T05:49:28.650Z,2026-08-13T12:23:58.885Z
297,26230-364,,동광하이빌(103),동광하이빌(103),부산,부산진구,26230,전포동,10200,33-433,,,35.16103099374289,129.067971055268,normalized,2000,,,,,2026-08-13T05:49:32.692Z,2026-08-13T12:24:00.062Z
400,26230-367,,광후빌리지,광후빌리지,부산,부산진구,26230,전포동,10200,553-1,,,35.16462836228276,129.0659156524388,normalized,2003,,,,,2026-08-13T05:49:35.526Z,2026-08-13T12:24:02.170Z
296,26230-375,,골든,골든,부산,부산진구,26230,범천동,10400,842-10,,,35.1446275550774,129.0620274617,normalized,1976,,,,,2026-08-13T05:49:32.680Z,2026-08-13T12:24:00.909Z
288,26230-382,,대정그린빌,대정그린빌,부산,부산진구,26230,개금동,11100,177-143,,,35.15277172039936,129.0235915432039,normalized,2002,,,,,2026-08-13T05:49:32.466Z,2026-08-13T12:24:00.858Z
249,26230-389,,대훈아트빌,대훈아트빌,부산,부산진구,26230,개금동,11100,356-1,,,35.15801220419262,129.0249284097679,normalized,2002,,,,,2026-08-13T05:49:31.501Z,2026-08-13T12:24:00.666Z
280,26230-39,,덕인디오네빌,덕인디오네빌,부산,부산진구,26230,연지동,10600,72-4,,,35.17129835489948,129.0554541966474,normalized,2002,,,,,2026-08-13T05:49:32.272Z,2026-08-13T12:23:59.960Z
150,26230-40,,초읍그린,초읍그린,부산,부산진구,26230,초읍동,10700,540-11,,,35.18109469750844,129.054243266178,normalized,1994,,,,,2026-08-13T05:49:28.779Z,2026-08-13T12:23:59.128Z
403,26230-47,,신화하이빌,신화하이빌,부산,부산진구,26230,초읍동,10700,279-9,,,35.17905431853321,129.0468029280489,normalized,2001,,,,,2026-08-13T05:49:35.597Z,2026-08-13T12:24:01.751Z
406,26230-59,,부원맨션,부원맨션,부산,부산진구,26230,양정동,10100,406-6,,,35.17395350698607,129.0709828999788,normalized,1984,,,,,2026-08-13T05:49:35.698Z,2026-08-13T12:24:02.215Z
394,26230-6,,범전시영1동,범전시영1동,부산,부산진구,26230,범전동,10500,43-4,,,35.16622215899629,129.062235739566,normalized,1986,,,,,2026-08-13T05:49:35.361Z,2026-08-13T12:24:01.684Z
214,26230-67,,송백그린,송백그린,부산,부산진구,26230,양정동,10100,272-18,,,35.17468324156492,129.0732590265774,normalized,2001,,,,,2026-08-13T05:49:30.507Z,2026-08-13T12:23:59.657Z
385,26230-68,,금호천지,금호천지,부산,부산진구,26230,부암동,10800,380-7,,,35.16885193776999,129.0413232469299,normalized,1984,,,,,2026-08-13T05:49:35.129Z,2026-08-13T12:24:02.094Z
216,26230-7,,서면,서면,부산,부산진구,26230,범전동,10500,263-5,,,35.164546993991,129.05799261252,normalized,1974,,,,,2026-08-13T05:49:30.541Z,2026-08-13T12:23:57.917Z
359,26230-72,,문화,문화,부산,부산진구,26230,부암동,10800,98-8,,,35.1688627842795,129.036183032838,normalized,1976,,,,,2026-08-13T05:49:34.417Z,2026-08-13T12:24:01.133Z
269,26230-75,,삼부본동,삼부본동,부산,부산진구,26230,부암동,10800,39-1,,,35.16667771610907,129.0511720550375,normalized,1976,,,,,2026-08-13T05:49:31.998Z,2026-08-13T12:23:59.902Z
221,26230-78,,성암,성암,부산,부산진구,26230,부암동,10800,80-8,,,35.16520362592977,129.0517978586022,normalized,1976,,,,,2026-08-13T05:49:30.668Z,2026-08-13T12:24:00.118Z
263,26230-81,,일성인포,일성인포,부산,부산진구,26230,부암동,10800,55-6,,,35.16440440021754,129.0509404658875,normalized,1997,,,,,2026-08-13T05:49:31.831Z,2026-08-13T12:23:59.847Z
404,26230-82,,한림,한림,부산,부산진구,26230,부암동,10800,452-35,,,35.1701768307183,129.04131247377,normalized,1985,,,,,2026-08-13T05:49:35.631Z,2026-08-13T12:24:01.768Z
3821,26260-10,,삼부,삼부,부산,동래구,26260,수안동,10600,7-9,,,35.19953121461688,129.0811122478786,normalized,1979,,,,,2026-08-13T11:33:32.654Z,2026-08-13T11:33:32.654Z
3882,26260-103,,청수하이빌,청수하이빌,부산,동래구,26260,온천동,10800,1378-8,,,35.2021035454933,129.06920753907,normalized,2002,,,,,2026-08-13T11:35:04.678Z,2026-08-13T11:35:04.678Z
3812,26260-111,,아림베르빌,아림베르빌,부산,동래구,26260,온천동,10800,1462-1,,,35.20313336150556,129.070378792136,normalized,2002,,,,,2026-08-13T11:33:19.065Z,2026-08-13T11:33:19.065Z
3768,26260-117,,대륙코리아나,대륙코리아나,부산,동래구,26260,사직동,10900,113-1,,,35.1945895768109,129.067844461912,normalized,1992,,,,,2026-08-13T11:32:12.722Z,2026-08-13T11:32:12.722Z
3790,26260-131,,신공영,신공영,부산,동래구,26260,사직동,10900,28-4,,,35.19931966224433,129.0578552857364,normalized,1980,,,,,2026-08-13T11:32:45.868Z,2026-08-13T11:32:45.868Z
3871,26260-144,,대성하이빌,대성하이빌,부산,동래구,26260,사직동,10900,47-4,,,35.19881544950474,129.0612722617832,normalized,2002,,,,,2026-08-13T11:34:48.061Z,2026-08-13T11:34:48.061Z
3723,26260-1451,,오성빌라트,오성빌라트,부산,동래구,26260,복천동,10500,295-3,,,35.2045613785843,129.085252451279,normalized,2005,,,,,2026-08-13T11:31:04.826Z,2026-08-13T11:31:04.826Z
3758,26260-1452,,르 메이에르 동래타운,르메이에르동래타운,부산,동래구,26260,온천동,10800,152-18,,,35.221088141357,129.083126478177,normalized,2005,,,,,2026-08-13T11:31:57.628Z,2026-08-13T11:31:57.628Z
3834,26260-1455,,궁전아이브,궁전아이브,부산,동래구,26260,온천동,10800,1444-1,,,35.20673059591183,129.0718107429273,normalized,2005,,,,,2026-08-13T11:33:52.274Z,2026-08-13T11:33:52.274Z
3807,26260-1464,,엘리유리안,엘리유리안,부산,동래구,26260,명륜동,10700,433-4,,,35.20284099872295,129.0829544600684,normalized,2006,,,,,2026-08-13T11:33:11.516Z,2026-08-13T11:33:11.516Z
3745,26260-1468,,SK허브올리브,SK허브올리브,부산,동래구,26260,온천동,10800,161-1,,,35.21861949577088,129.0841439205018,normalized,2006,,,,,2026-08-13T11:31:38.026Z,2026-08-13T11:31:38.026Z
3884,26260-147,,삼성,삼성,부산,동래구,26260,안락동,10200,445-8,,,35.195621794466,129.104994022749,normalized,1975,,,,,2026-08-13T11:35:07.712Z,2026-08-13T11:35:07.712Z
3672,26260-1483,,롯데캐슬애브뉴,롯데캐슬애브뉴,부산,동래구,26260,안락동,10200,433-1,,,35.19735045063631,129.0982321212343,normalized,2007,,,,,2026-08-13T11:29:47.968Z,2026-08-13T11:29:47.968Z
3757,26260-1491,,대신리치플러스,대신리치플러스,부산,동래구,26260,낙민동,10400,297-3,,,35.1998350922218,129.088164987824,normalized,2008,,,,,2026-08-13T11:31:56.140Z,2026-08-13T11:31:56.140Z
3714,26260-1543,,동일센트럴,동일센트럴,부산,동래구,26260,낙민동,10400,296-1,,,35.1998168372995,129.08776050728,normalized,2011,,,,,2026-08-13T11:30:51.261Z,2026-08-13T11:30:51.261Z
3895,26260-161,,골드타워,골드타워,부산,동래구,26260,안락동,10200,947-12,,,35.20204056744253,129.0992925893524,normalized,2002,,,,,2026-08-13T11:35:24.248Z,2026-08-13T11:35:24.248Z
3729,26260-1634,,경보이리스힐,경보이리스힐,부산,동래구,26260,수안동,10600,4-5,,,35.2002372542388,129.083862860524,normalized,2012,,,,,2026-08-13T11:31:13.887Z,2026-08-13T11:31:13.887Z
3881,26260-1708,,태경에버리치,태경에버리치,부산,동래구,26260,온천동,10800,1250-6,,,35.2033257455366,129.0658174537564,normalized,2012,,,,,2026-08-13T11:35:03.162Z,2026-08-13T11:35:03.162Z
3788,26260-171,,명장제일,명장제일,부산,동래구,26260,명장동,10100,488-1,,,35.20975602618798,129.1053721021165,normalized,1981,,,,,2026-08-13T11:32:42.840Z,2026-08-13T11:32:42.840Z
3870,26260-1717,,초원시티빌,초원시티빌,부산,동래구,26260,온천동,10800,186-56,,,35.21715778637298,129.0800611508641,normalized,2013,,,,,2026-08-13T11:34:46.553Z,2026-08-13T11:34:46.553Z
3718,26260-1718,,대화빌,대화빌,부산,동래구,26260,온천동,10800,1378-9,,,35.20205803683889,129.0689703365696,normalized,2013,,,,,2026-08-13T11:30:57.295Z,2026-08-13T11:30:57.295Z
3752,26260-1752,,홍림그린피아,홍림그린피아,부산,동래구,26260,온천동,10800,186-57,,,35.2170765582407,129.079963543355,normalized,2013,,,,,2026-08-13T11:31:48.583Z,2026-08-13T11:31:48.583Z
3770,26260-1777,,비룡벨로스텔라,비룡벨로스텔라,부산,동래구,26260,온천동,10800,1446-82,,,35.20581301554014,129.0707696301715,normalized,2013,,,,,2026-08-13T11:32:15.730Z,2026-08-13T11:32:15.730Z
3798,26260-1778,,금오에코팰리스,금오에코팰리스,부산,동래구,26260,온천동,10800,444-73,,,35.2153231845188,129.079004102477,normalized,2013,,,,,2026-08-13T11:32:57.963Z,2026-08-13T11:32:57.963Z
3826,26260-178,,새천년,새천년,부산,동래구,26260,명장동,10100,585-37,,,35.20424301933023,129.0981986737536,normalized,2000,,,,,2026-08-13T11:33:40.227Z,2026-08-13T11:33:40.227Z
3863,26260-1785,,용진스타티스,용진스타티스,부산,동래구,26260,온천동,10800,94-20,,,35.22170769266099,129.0812666620683,normalized,2013,,,,,2026-08-13T11:34:36.005Z,2026-08-13T11:34:36.005Z
3781,26260-1788,,센텀빌,센텀빌,부산,동래구,26260,온천동,10800,1410-16,,,35.20498604937973,129.0751722075338,normalized,2013,,,,,2026-08-13T11:32:32.303Z,2026-08-13T11:32:32.303Z
3787,26260-1790,,초원스마트빌,초원스마트빌,부산,동래구,26260,온천동,10800,186-60,,,35.21685136940719,129.0797480604725,normalized,2013,,,,,2026-08-13T11:32:41.352Z,2026-08-13T11:32:41.352Z
3836,26260-1802,,근창펠리체,근창펠리체,부산,동래구,26260,온천동,10800,1281,,,35.20631835694721,129.0678827689094,normalized,2014,,,,,2026-08-13T11:33:55.303Z,2026-08-13T11:33:55.303Z
3862,26260-182,,영화맨션,영화맨션,부산,동래구,26260,명장동,10100,147-29,,,35.20349730909306,129.1098370672416,normalized,1984,,,,,2026-08-13T11:34:34.487Z,2026-08-13T11:34:34.487Z
3837,26260-1849,,태경에버리치2차,태경에버리치2차,부산,동래구,26260,온천동,10800,1448-18,,,35.2033050147622,129.069984608086,normalized,2014,,,,,2026-08-13T11:33:56.808Z,2026-08-13T11:33:56.808Z
3879,26260-1854,,더리체,더리체,부산,동래구,26260,온천동,10800,1424-12,,,35.20595111948732,129.0698080408857,normalized,2014,,,,,2026-08-13T11:35:00.151Z,2026-08-13T11:35:00.151Z
3827,26260-1868,,홍림그린피아2차,홍림그린피아2차,부산,동래구,26260,온천동,10800,1410-1,,,35.20317911318116,129.0674913485482,normalized,2014,,,,,2026-08-13T11:33:41.720Z,2026-08-13T11:33:41.720Z
3727,26260-1898,,허브센티움Ⅲ,허브센티움Ⅲ,부산,동래구,26260,온천동,10800,1421-35,,,35.20576687318976,129.0687251803292,normalized,2015,,,,,2026-08-13T11:31:10.879Z,2026-08-13T11:31:10.879Z
3766,26260-1899,,오름캐슬,오름캐슬,부산,동래구,26260,사직동,10900,104-5,,,35.1944013349227,129.065780228787,normalized,2015,,,,,2026-08-13T11:32:09.695Z,2026-08-13T11:32:09.695Z
3850,26260-19,,수안동신맨션,수안동신맨션,부산,동래구,26260,수안동,10600,35-7,,,35.19707243389713,129.0857449080014,normalized,1984,,,,,2026-08-13T11:34:16.407Z,2026-08-13T11:34:16.407Z
3872,26260-1906,,남영아트펠리체,남영아트펠리체,부산,동래구,26260,온천동,10800,440-21,,,35.21587822459762,129.0784834952757,normalized,2015,,,,,2026-08-13T11:34:49.618Z,2026-08-13T11:34:49.618Z
3857,26260-1907,,온천동산들파르테,온천동산들파르테,부산,동래구,26260,온천동,10800,189-20,,,35.21853589666387,129.0811472217413,normalized,2015,,,,,2026-08-13T11:34:26.931Z,2026-08-13T11:34:26.931Z
3830,26260-1909,,더블루원,더블루원,부산,동래구,26260,온천동,10800,1414-7,,,35.20319049681326,129.0682491964132,normalized,2015,,,,,2026-08-13T11:33:46.267Z,2026-08-13T11:33:46.267Z
3864,26260-1923,,골드리버,골드리버,부산,동래구,26260,온천동,10800,1378-17,,,35.2019316293843,129.0689319967395,normalized,2015,,,,,2026-08-13T11:34:37.541Z,2026-08-13T11:34:37.541Z
3811,26260-1924,,더블루원2차,더블루원2차,부산,동래구,26260,온천동,10800,1445-1,,,35.20624583956464,129.0715964015892,normalized,2015,,,,,2026-08-13T11:33:17.876Z,2026-08-13T11:33:17.876Z
3833,26260-1939,,광명캐슬,광명캐슬,부산,동래구,26260,온천동,10800,1380-19,,,35.20220535454315,129.0677850502162,normalized,2015,,,,,2026-08-13T11:33:50.766Z,2026-08-13T11:33:50.766Z
3823,26260-194,,춘당탑스빌,춘당탑스빌,부산,동래구,26260,온천동,10800,1380-6,,,35.20254396700508,129.0677980282848,normalized,2003,,,,,2026-08-13T11:33:35.692Z,2026-08-13T11:33:35.692Z
3813,26260-1947,,트레비앙,트레비앙,부산,동래구,26260,온천동,10800,447-6,,,35.21601218597331,129.0788163362488,normalized,2016,,,,,2026-08-13T11:33:20.577Z,2026-08-13T11:33:20.577Z
3886,26260-1955,,휴림아르페,휴림아르페,부산,동래구,26260,온천동,10800,1424-16,,,35.20622754096492,129.0698743475861,normalized,2016,,,,,2026-08-13T11:35:10.711Z,2026-08-13T11:35:10.711Z
3838,26260-198,,듀오빌,듀오빌,부산,동래구,26260,온천동,10800,1443-4,,,35.20622358882294,129.073001214534,normalized,2003,,,,,2026-08-13T11:33:58.307Z,2026-08-13T11:33:58.307Z
3839,26260-1982,,오름파크,오름파크,부산,동래구,26260,사직동,10900,50-15,,,35.19916028869667,129.0620308152173,normalized,2016,,,,,2026-08-13T11:33:59.822Z,2026-08-13T11:33:59.822Z
3748,26260-1987,,더블루원3차,더블루원3차,부산,동래구,26260,온천동,10800,1378-3,,,35.20274166149714,129.0692017733757,normalized,2016,,,,,2026-08-13T11:31:42.546Z,2026-08-13T11:31:42.546Z
3710,26260-1989,,동래센트럴파크,동래센트럴파크,부산,동래구,26260,온천동,10800,435-27,,,35.21501030186467,129.0769679882293,normalized,2016,,,,,2026-08-13T11:30:45.276Z,2026-08-13T11:30:45.276Z
3853,26260-199,,동경쉐르빌,동경쉐르빌,부산,동래구,26260,온천동,10800,1447-16,,,35.20484539507246,129.06991391971,normalized,2003,,,,,2026-08-13T11:34:20.957Z,2026-08-13T11:34:20.957Z
3717,26260-1998,,허브팰리스,허브팰리스,부산,동래구,26260,온천동,10800,1425-14,,,35.20636814692762,129.0708737616182,normalized,2016,,,,,2026-08-13T11:30:55.790Z,2026-08-13T11:30:55.790Z
3678,26260-2004,,은우아일레,은우아일레,부산,동래구,26260,온천동,10800,192-6,,,35.21773134488,129.079197305463,normalized,2017,,,,,2026-08-13T11:29:57.007Z,2026-08-13T11:29:57.007Z
3777,26260-203,,금광타워빌,금광타워빌,부산,동래구,26260,수안동,10600,39-40,,,35.19577620469583,129.0881708492279,normalized,2004,,,,,2026-08-13T11:32:26.272Z,2026-08-13T11:32:26.272Z
3817,26260-2038,,신화하니엘더라임,신화하니엘더라임,부산,동래구,26260,온천동,10800,189-18,,,35.21853260653831,129.0813909194106,normalized,2017,,,,,2026-08-13T11:33:26.636Z,2026-08-13T11:33:26.636Z
3742,26260-2039,,동래보해이브,동래보해이브,부산,동래구,26260,안락동,10200,603-12,,,35.19513142763584,129.1042765833717,normalized,2017,,,,,2026-08-13T11:31:33.491Z,2026-08-13T11:31:33.491Z
3709,26260-2042,,대가하이츠,대가하이츠,부산,동래구,26260,명장동,10100,616,,,35.20973647387259,129.0971037147984,normalized,2017,,,,,2026-08-13T11:30:43.703Z,2026-08-13T11:30:43.703Z
3808,26260-205,,남평파크뷰,남평파크뷰,부산,동래구,26260,사직동,10900,585-25,,,35.20302276636605,129.0587414271064,normalized,2003,,,,,2026-08-13T11:33:13.032Z,2026-08-13T11:33:13.032Z
3869,26260-2050,,우석쉐르빌,우석쉐르빌,부산,동래구,26260,온천동,10800,1464-8,,,35.20235786231956,129.0697234181425,normalized,2018,,,,,2026-08-13T11:34:45.045Z,2026-08-13T11:34:45.045Z
3700,26260-2052,,온천동유림노르웨이숲,온천동유림노르웨이숲,부산,동래구,26260,온천동,10800,460-6,,,35.21644605085616,129.0818328688283,normalized,2018,,,,,2026-08-13T11:30:30.161Z,2026-08-13T11:30:30.161Z
3641,26260-2055,,천일스카이원,천일스카이원,부산,동래구,26260,명륜동,10700,618-5,,,35.20730409167135,129.0816630856661,normalized,2018,,,,,2026-08-13T11:29:01.231Z,2026-08-13T11:29:01.231Z
3806,26260-2057,,M포레뷰,M포레뷰,부산,동래구,26260,온천동,10800,1234-13,,,35.2059943020546,129.067545165148,normalized,2018,,,,,2026-08-13T11:33:10.042Z,2026-08-13T11:33:10.042Z
3738,26260-206,,해금리더스,해금리더스,부산,동래구,26260,사직동,10900,77-10,,,35.19766605342104,129.0612970063486,normalized,2004,,,,,2026-08-13T11:31:27.471Z,2026-08-13T11:31:27.471Z
3842,26260-2060,,동래센트리움아파트,동래센트리움,부산,동래구,26260,수안동,10600,9-44,,,35.19956000656403,129.0842572522627,normalized,2018,,,,,2026-08-13T11:34:04.359Z,2026-08-13T11:34:04.359Z
3845,26260-2062,,씨티포레,씨티포레,부산,동래구,26260,온천동,10800,193-1,,,35.21797569535838,129.0802379577324,normalized,2018,,,,,2026-08-13T11:34:08.890Z,2026-08-13T11:34:08.890Z
3750,26260-208,,성완아이렉스,성완아이렉스,부산,동래구,26260,온천동,10800,46-6,,,35.22254984738584,129.081762581846,normalized,2003,,,,,2026-08-13T11:31:45.572Z,2026-08-13T11:31:45.572Z
3669,26260-2095,,동백그린숲,동백그린숲,부산,동래구,26260,온천동,10800,440-24,,,35.216279243146,129.078325714937,normalized,2018,,,,,2026-08-13T11:29:43.400Z,2026-08-13T11:29:43.400Z
3737,26260-2102,,명륜소도베르크,명륜소도베르크,부산,동래구,26260,명륜동,10700,450-20,,,35.203678607365,129.082457640809,normalized,2018,,,,,2026-08-13T11:31:25.966Z,2026-08-13T11:31:25.966Z
3875,26260-211,,동보스카이힐,동보스카이힐,부산,동래구,26260,온천동,10800,425-10,,,35.21427730215931,129.0773566899526,normalized,2004,,,,,2026-08-13T11:34:54.136Z,2026-08-13T11:34:54.136Z
3751,26260-2112,,포르투나,포르투나,부산,동래구,26260,온천동,10800,154-18,,,35.2208630734981,129.084422028308,normalized,2019,,,,,2026-08-13T11:31:47.071Z,2026-08-13T11:31:47.071Z
3890,26260-2122,,용진스타티스7차,용진스타티스7차,부산,동래구,26260,온천동,10800,138-24,,,35.2209900229188,129.082073041725,normalized,2019,,,,,2026-08-13T11:35:16.729Z,2026-08-13T11:35:16.729Z
3810,26260-2124,,지성캐슬,지성캐슬,부산,동래구,26260,온천동,10800,1464-11,,,35.2044250764207,129.069936187368,normalized,2019,,,,,2026-08-13T11:33:16.064Z,2026-08-13T11:33:16.064Z
3666,26260-2127,,충렬지음,충렬지음,부산,동래구,26260,안락동,10200,433-4,,,35.1973623026275,129.098744013136,normalized,2019,,,,,2026-08-13T11:29:38.873Z,2026-08-13T11:29:38.873Z
3692,26260-2134,,아델리아,아델리아,부산,동래구,26260,낙민동,10400,294-22,,,35.1992313672211,129.087221842837,normalized,2020,,,,,2026-08-13T11:30:18.069Z,2026-08-13T11:30:18.069Z
3741,26260-2143,,동래효산벨뷰,동래효산벨뷰,부산,동래구,26260,온천동,10800,1249-2,,,35.2046443270596,129.066967457155,normalized,2020,,,,,2026-08-13T11:31:32.005Z,2026-08-13T11:31:32.005Z
3735,26260-2196,,블리시움,블리시움,부산,동래구,26260,낙민동,10400,293-1,,,35.199793221565,129.087562287638,normalized,2021,,,,,2026-08-13T11:31:22.996Z,2026-08-13T11:31:22.996Z
3675,26260-2209,,동래다솜시티,동래다솜시티,부산,동래구,26260,수안동,10600,541-2,,,35.20243131438133,129.0852375037395,normalized,2021,,,,,2026-08-13T11:29:52.434Z,2026-08-13T11:29:52.434Z
3707,26260-2217,,아이뷰파크,아이뷰파크,부산,동래구,26260,명장동,10100,136-9,,,35.2035791738345,129.105757164468,normalized,2021,,,,,2026-08-13T11:30:40.694Z,2026-08-13T11:30:40.694Z
3859,26260-224,,대신탑스빌,대신탑스빌,부산,동래구,26260,낙민동,10400,214-3,,,35.19933645834553,129.0890700270912,normalized,2003,,,,,2026-08-13T11:34:29.948Z,2026-08-13T11:34:29.948Z
3849,26260-226,,현대아트빌,현대아트빌,부산,동래구,26260,복천동,10500,41-18,,,35.20570191965798,129.088563367165,normalized,2003,,,,,2026-08-13T11:34:14.887Z,2026-08-13T11:34:14.887Z
3822,26260-227,,웰스플러스,웰스플러스,부산,동래구,26260,복천동,10500,282,,,35.2049265675205,129.0853441356406,normalized,2004,,,,,2026-08-13T11:33:34.234Z,2026-08-13T11:33:34.234Z
3736,26260-228,,문성하이츠빌라,문성하이츠빌라,부산,동래구,26260,복천동,10500,530-1,,,35.20812150824294,129.0877799112208,normalized,2000,,,,,2026-08-13T11:31:24.429Z,2026-08-13T11:31:24.429Z
3816,26260-229,,새한센시빌,새한센시빌,부산,동래구,26260,수안동,10600,11-21,,,35.19760356667675,129.0833696069584,normalized,2004,,,,,2026-08-13T11:33:25.121Z,2026-08-13T11:33:25.121Z
3794,26260-234,,하나로2차,하나로2차,부산,동래구,26260,수안동,10600,533,,,35.20259587277175,129.084630181595,normalized,2001,,,,,2026-08-13T11:32:51.898Z,2026-08-13T11:32:51.898Z
3867,26260-243,,한우리아트빌,한우리아트빌,부산,동래구,26260,명륜동,10700,338-2,,,35.2062287744648,129.083405525112,normalized,2002,,,,,2026-08-13T11:34:42.066Z,2026-08-13T11:34:42.066Z
3739,26260-2435,,아시아드삼정그린코아더시티,아시아드삼정그린코아더시티,부산,동래구,26260,사직동,10900,62-1,,,35.20053458822407,129.0651473054094,normalized,2024,,,,,2026-08-13T11:31:28.977Z,2026-08-13T11:31:28.977Z
3778,26260-2436,,디아트50,디아트50,부산,동래구,26260,온천동,10800,300-5,,,35.21818168674256,129.0769543714845,normalized,2024,,,,,2026-08-13T11:32:27.778Z,2026-08-13T11:32:27.778Z
3818,26260-244,,명륜동위너비타,명륜동위너비타,부산,동래구,26260,명륜동,10700,447-2,,,35.20332292034431,129.0828086715355,normalized,2004,,,,,2026-08-13T11:33:28.134Z,2026-08-13T11:33:28.134Z
3746,26260-247,,금림필2차,금림필2차,부산,동래구,26260,명륜동,10700,533-24,,,35.20324470281668,129.0789716753499,normalized,2003,,,,,2026-08-13T11:31:39.539Z,2026-08-13T11:31:39.539Z
3789,26260-249,,로얄캐슬,로얄캐슬,부산,동래구,26260,명륜동,10700,567-3,,,35.20636016313697,129.0824734281469,normalized,2003,,,,,2026-08-13T11:32:44.360Z,2026-08-13T11:32:44.360Z
3706,26260-260,,위너비타,위너비타,부산,동래구,26260,온천동,10800,164-66,,,35.21969704942893,129.0839474598822,normalized,2003,,,,,2026-08-13T11:30:39.197Z,2026-08-13T11:30:39.197Z
3667,26260-261,,협성스카이라인80,협성스카이라인80,부산,동래구,26260,온천동,10800,172-35,,,35.21802944171819,129.0835567162605,normalized,2004,,,,,2026-08-13T11:29:40.397Z,2026-08-13T11:29:40.397Z
3734,26260-264,,세진베스트빌,세진베스트빌,부산,동래구,26260,온천동,10800,192-28,,,35.21726702500136,129.0789482702771,normalized,2003,,,,,2026-08-13T11:31:21.449Z,2026-08-13T11:31:21.449Z
3858,26260-268,,효림시티빌,효림시티빌,부산,동래구,26260,온천동,10800,407-31,,,35.21342470886655,129.074420741194,normalized,2003,,,,,2026-08-13T11:34:28.460Z,2026-08-13T11:34:28.460Z
3796,26260-27,,광림,광림,부산,동래구,26260,낙민동,10400,187-1,,,35.1988958759453,129.0913093312252,normalized,1984,,,,,2026-08-13T11:32:54.917Z,2026-08-13T11:32:54.917Z
3805,26260-278,,일화그린빌라,일화그린빌라,부산,동래구,26260,온천동,10800,1119-81,,,35.2128752814123,129.0649196747649,normalized,1992,,,,,2026-08-13T11:33:08.524Z,2026-08-13T11:33:08.524Z
3784,26260-282,,현대그랜드빌라,현대그랜드빌라,부산,동래구,26260,온천동,10800,1220-1,,,35.20763080622972,129.064905417574,normalized,1993,,,,,2026-08-13T11:32:36.820Z,2026-08-13T11:32:36.820Z
3674,26260-283,,경우골드빌라,경우골드빌라,부산,동래구,26260,온천동,10800,1236-5,,,35.20599778022217,129.0655469841673,normalized,1990,,,,,2026-08-13T11:29:51.004Z,2026-08-13T11:29:51.004Z
3793,26260-286,,지영아이니드빌,지영아이니드빌,부산,동래구,26260,온천동,10800,1250-8,,,35.20296063744527,129.0658784702079,normalized,2004,,,,,2026-08-13T11:32:50.426Z,2026-08-13T11:32:50.426Z
3841,26260-291,,동경쉐르빌102동,동경쉐르빌102동,부산,동래구,26260,온천동,10800,1447-8,,,35.20469050166814,129.0696969888182,normalized,2003,,,,,2026-08-13T11:34:02.851Z,2026-08-13T11:34:02.851Z
3846,26260-299,,미소마을,미소마을,부산,동래구,26260,사직동,10900,72-13,,,35.19881611635481,129.0628729502214,normalized,2003,,,,,2026-08-13T11:34:10.377Z,2026-08-13T11:34:10.377Z
3854,26260-303,,사직리첸스빌,사직리첸스빌,부산,동래구,26260,사직동,10900,99-25,,,35.1957394628956,129.0648875654461,normalized,2004,,,,,2026-08-13T11:34:22.456Z,2026-08-13T11:34:22.456Z
3860,26260-304,,궁전스카이,궁전스카이,부산,동래구,26260,사직동,10900,101-7,,,35.19537931465729,129.065080444583,normalized,2003,,,,,2026-08-13T11:34:31.471Z,2026-08-13T11:34:31.471Z
3783,26260-310,,청호파크빌라,청호파크빌라,부산,동래구,26260,사직동,10900,432-2,,,35.19903101974275,129.0661236503016,normalized,1992,,,,,2026-08-13T11:32:35.369Z,2026-08-13T11:32:35.369Z
3887,26260-356,,동호,동호,부산,동래구,26260,복천동,10500,67,,,35.2061169983762,129.0911409982,normalized,1982,,,,,2026-08-13T11:35:12.193Z,2026-08-13T11:35:12.193Z
3695,26260-358,,금림필3차,금림필3차,부산,동래구,26260,명륜동,10700,533-128,,,35.20338432694211,129.079132236607,normalized,2004,,,,,2026-08-13T11:30:22.606Z,2026-08-13T11:30:22.606Z
3814,26260-359,,목영해돋이,목영해돋이,부산,동래구,26260,온천동,10800,200-27,,,35.21642677275411,129.0779209882465,normalized,2005,,,,,2026-08-13T11:33:22.090Z,2026-08-13T11:33:22.090Z
3792,26260-363,,삼오에펠빌리지,삼오에펠빌리지,부산,동래구,26260,온천동,10800,204-3,,,35.21832528170442,129.0777761258713,normalized,1993,,,,,2026-08-13T11:32:48.898Z,2026-08-13T11:32:48.898Z
3334,26260-3648,,래미안포레스티지1단지(장전동),래미안포레스티지1단지(장전동),부산,금정구,26410,장전동,10800,752,,,35.2254121349559,129.078813443471,normalized,2024,,,,,2026-08-13T11:18:05.104Z,2026-08-13T11:18:05.104Z
3880,26260-369,,삼정그린빌라,삼정그린빌라,부산,동래구,26260,온천동,10800,1448-3,,,35.20378590965319,129.0700034035522,normalized,2001,,,,,2026-08-13T11:35:01.675Z,2026-08-13T11:35:01.675Z
3804,26260-371,,성완세띠앙,성완세띠앙,부산,동래구,26260,수안동,10600,182,,,35.20100285369993,129.0854545863109,normalized,2005,,,,,2026-08-13T11:33:07.006Z,2026-08-13T11:33:07.006Z
3765,26260-44,,청마,청마,부산,동래구,26260,명륜동,10700,679,,,35.21003585007797,129.0810652550666,normalized,1983,,,,,2026-08-13T11:32:08.228Z,2026-08-13T11:32:08.228Z
3782,26260-56,,동부현대,동부현대,부산,동래구,26260,온천동,10800,1680,,,35.20610246439761,129.0588740849258,normalized,1995,,,,,2026-08-13T11:32:33.820Z,2026-08-13T11:32:33.820Z
3753,26260-67,,삼우맨션,삼우맨션,부산,동래구,26260,온천동,10800,1444-4,,,35.20641721844906,129.0721135007884,normalized,1980,,,,,2026-08-13T11:31:50.136Z,2026-08-13T11:31:50.136Z
3889,26260-71,,서전,서전,부산,동래구,26260,온천동,10800,1649,,,35.2053974654839,129.058891416895,normalized,2001,,,,,2026-08-13T11:35:15.215Z,2026-08-13T11:35:15.215Z
3883,26260-80,,온천프라자,온천프라자,부산,동래구,26260,온천동,10800,435-1,,,35.21548995476554,129.0772690049845,normalized,1996,,,,,2026-08-13T11:35:06.183Z,2026-08-13T11:35:06.183Z
3866,26260-82,,현대빌라,현대빌라,부산,동래구,26260,온천동,10800,1632-28,,,35.20389622671915,129.0577204526363,normalized,1991,,,,,2026-08-13T11:34:40.530Z,2026-08-13T11:34:40.530Z
3893,26260-88,,태건빌리지,태건빌리지,부산,동래구,26260,온천동,10800,345-6,,,35.21635529464291,129.0758899004173,normalized,2002,,,,,2026-08-13T11:35:21.234Z,2026-08-13T11:35:21.234Z
3786,26260-89,,라경유닉스빌라,라경유닉스빌라,부산,동래구,26260,온천동,10800,345-22,,,35.21546875625027,129.0756158610571,normalized,2002,,,,,2026-08-13T11:32:39.878Z,2026-08-13T11:32:39.878Z
3894,26260-93,,태건아트빌,태건아트빌,부산,동래구,26260,온천동,10800,361-8,,,35.2145631084612,129.0726708502338,normalized,2002,,,,,2026-08-13T11:35:22.786Z,2026-08-13T11:35:22.786Z
3847,26260-97,,신보빌라,신보빌라,부산,동래구,26260,온천동,10800,1212-1,,,35.209317589669,129.0637535221293,normalized,2002,,,,,2026-08-13T11:34:11.912Z,2026-08-13T11:34:11.912Z
2715,26290-1,,금강,금강,부산,남구,26290,대연동,10600,571-2,,,35.1466205688715,129.095651571062,normalized,1976,,,,,2026-08-13T08:41:37.896Z,2026-08-13T08:41:37.896Z
2625,26290-100,,금보,금보,부산,남구,26290,대연동,10600,67-1,,,35.13585999114205,129.0990264843238,normalized,1984,,,,,2026-08-13T08:35:16.347Z,2026-08-13T08:35:16.347Z
2669,26290-101,,대승타워,대승타워,부산,남구,26290,대연동,10600,72-23,,,35.13679585073797,129.099520036172,normalized,1998,,,,,2026-08-13T08:38:58.473Z,2026-08-13T08:38:58.473Z
2605,26290-102,,대연동동일스위트,대연동동일스위트,부산,남구,26290,대연동,10600,74-2,,,35.1362378283819,129.098647847167,normalized,2004,,,,,2026-08-13T08:33:51.175Z,2026-08-13T08:33:51.175Z
2644,26290-103,,희성수빌리지,희성수빌리지,부산,남구,26290,대연동,10600,294-7,,,35.1373557599991,129.0913243252119,normalized,2003,,,,,2026-08-13T08:37:05.369Z,2026-08-13T08:37:05.369Z
2650,26290-104,,송원쉐르빌,송원쉐르빌,부산,남구,26290,대연동,10600,294-8,,,35.13735878885866,129.091148879456,normalized,2003,,,,,2026-08-13T08:37:40.144Z,2026-08-13T08:37:40.144Z
2667,26290-129,,정원힐타워,정원힐타워,부산,남구,26290,대연동,10600,875-8,,,35.13238427799725,129.0937640171125,normalized,2002,,,,,2026-08-13T08:38:45.362Z,2026-08-13T08:38:45.362Z
2749,26290-13,,삼성맨션,삼성맨션,부산,남구,26290,대연동,10600,285-2,,,35.15176291921003,129.1132642336416,normalized,1978,,,,,2026-08-13T08:43:20.864Z,2026-08-13T08:43:20.864Z
2730,26290-131,,명진프라임빌,명진프라임빌,부산,남구,26290,대연동,10600,876-13,,,35.13189559334209,129.0938831356575,normalized,2003,,,,,2026-08-13T08:42:41.989Z,2026-08-13T08:42:41.989Z
2731,26290-139,,썬그린빌리지,썬그린빌리지,부산,남구,26290,대연동,10600,882-5,,,35.13089156588044,129.0930566612664,normalized,2001,,,,,2026-08-13T08:42:43.708Z,2026-08-13T08:42:43.708Z
2656,26290-144,,글로리에버빌,글로리에버빌,부산,남구,26290,대연동,10600,888-1,,,35.13318222620124,129.0924878417638,normalized,2004,,,,,2026-08-13T08:37:49.105Z,2026-08-13T08:37:49.105Z
2700,26290-149,,광이드림타워,광이드림타워,부산,남구,26290,대연동,10600,893-9,,,35.1311380373356,129.090055170671,normalized,2002,,,,,2026-08-13T08:40:39.695Z,2026-08-13T08:40:39.695Z
2762,26290-152,,명성금강,명성금강,부산,남구,26290,대연동,10600,894-16,,,35.13138000395875,129.090864316353,normalized,2002,,,,,2026-08-13T08:44:09.517Z,2026-08-13T08:44:09.517Z
2771,26290-156,,썬그린타워빌,썬그린타워빌,부산,남구,26290,대연동,10600,901-11,,,35.13173946058644,129.0888331910417,normalized,2002,,,,,2026-08-13T08:45:12.878Z,2026-08-13T08:45:12.878Z
2768,26290-168,,명성빌리지,명성빌리지,부산,남구,26290,대연동,10600,1281-9,,,35.13671974106595,129.0874465702886,normalized,2003,,,,,2026-08-13T08:45:04.777Z,2026-08-13T08:45:04.777Z
2708,26290-182,,대동그린빌,대동그린빌,부산,남구,26290,대연동,10600,1509-26,,,35.138244925203,129.0883631462734,normalized,2003,,,,,2026-08-13T08:41:06.971Z,2026-08-13T08:41:06.971Z
2686,26290-19,,한우맨션1동,한우맨션1동,부산,남구,26290,대연동,10600,1472-14,,,35.13926783204933,129.0908653151316,normalized,1978,,,,,2026-08-13T08:39:54.606Z,2026-08-13T08:39:54.606Z
2721,26290-1920,,은하,은하,부산,남구,26290,대연동,10600,281-11,,,35.12692031361188,129.0876680450062,normalized,2006,,,,,2026-08-13T08:41:46.950Z,2026-08-13T08:41:46.950Z
2607,26290-1926,,보람더하임,보람더하임,부산,남구,26290,문현동,10900,806,,,35.13819546141313,129.0671847240067,normalized,2006,,,,,2026-08-13T08:33:54.183Z,2026-08-13T08:33:54.183Z
2683,26290-1939,,세종그랑시아,세종그랑시아,부산,남구,26290,문현동,10900,366-18,,,35.13618689145006,129.0691304880971,normalized,2006,,,,,2026-08-13T08:39:39.895Z,2026-08-13T08:39:39.895Z
2580,26290-1949,,문현이안,문현이안,부산,남구,26290,문현동,10900,374-1,,,35.13810708621711,129.0683497352101,normalized,2007,,,,,2026-08-13T08:32:02.041Z,2026-08-13T08:32:02.041Z
2703,26290-1951,,영남빌로체,영남빌로체,부산,남구,26290,우암동,11000,17,,,35.12608513860896,129.0826822884781,normalized,2007,,,,,2026-08-13T08:40:49.158Z,2026-08-13T08:40:49.158Z
2631,26290-1955,,삼한사랑채,삼한사랑채,부산,남구,26290,문현동,10900,366-14,,,35.13637809343987,129.0695434163814,normalized,2007,,,,,2026-08-13T08:35:49.415Z,2026-08-13T08:35:49.415Z
2735,26290-196,,대륙빌라,대륙빌라,부산,남구,26290,대연동,10600,1733-3,,,35.13317182963252,129.0940803667334,normalized,1992,,,,,2026-08-13T08:42:49.538Z,2026-08-13T08:42:49.538Z
2609,26290-2014,,수피아주상복합,수피아주상복합,부산,남구,26290,용호동,10700,487-8,,,35.11697066885556,129.1109129412079,normalized,2010,,,,,2026-08-13T08:33:57.202Z,2026-08-13T08:33:57.202Z
2662,26290-205,,예광스카이빌라,예광스카이빌라,부산,남구,26290,대연동,10600,1740-13,,,35.1347251025876,129.0928476527126,normalized,2001,,,,,2026-08-13T08:38:18.562Z,2026-08-13T08:38:18.562Z
2634,26290-211,,남산하이빌,남산하이빌,부산,남구,26290,대연동,10600,1764-4,,,35.1343873579258,129.086620222461,normalized,2004,,,,,2026-08-13T08:36:24.959Z,2026-08-13T08:36:24.959Z
2641,26290-213,,일신,일신,부산,남구,26290,대연동,10600,1786-1,,,35.14093499794221,129.0912294056095,normalized,1982,,,,,2026-08-13T08:37:01.118Z,2026-08-13T08:37:01.118Z
2736,26290-214,,한백아트빌,한백아트빌,부산,남구,26290,대연동,10600,1787-1,,,35.13946528121622,129.0802871251622,normalized,2004,,,,,2026-08-13T08:42:51.023Z,2026-08-13T08:42:51.023Z
2769,26290-2147,,대동레미안,대동레미안,부산,남구,26290,대연동,10600,1482-2,,,35.14088822136456,129.0897625260157,normalized,2011,,,,,2026-08-13T08:45:05.017Z,2026-08-13T08:45:05.017Z
2705,26290-216,,부림1차,부림1차,부산,남구,26290,대연동,10600,1802-15,,,35.15743323438005,129.0714176442635,normalized,2003,,,,,2026-08-13T08:40:57.424Z,2026-08-13T08:40:57.424Z
2618,26290-22,,대연동원,대연동원,부산,남구,26290,대연동,10600,323-6,,,35.13696527803943,129.0957726017265,normalized,2002,,,,,2026-08-13T08:34:41.699Z,2026-08-13T08:34:41.699Z
2647,26290-2209,,더샵월드타워,더샵월드타워,부산,남구,26290,대연동,10600,1463-7,,,35.1382506953127,129.0901185461178,normalized,2012,,,,,2026-08-13T08:37:15.175Z,2026-08-13T08:37:15.175Z
2767,26290-221,,삼정,삼정,부산,남구,26290,용호동,10700,371-15,,,35.11987183090517,129.1127031758192,normalized,2001,,,,,2026-08-13T08:44:42.693Z,2026-08-13T08:44:42.693Z
2742,26290-227,,목련6차,목련6차,부산,남구,26290,용호동,10700,481-4,,,35.1160918077925,129.1082866250153,normalized,1985,,,,,2026-08-13T08:43:00.104Z,2026-08-13T08:43:00.104Z
2576,26290-23,,글로리리치빌,글로리리치빌,부산,남구,26290,대연동,10600,1457-1,,,35.1376387611272,129.089128740983,normalized,2002,,,,,2026-08-13T08:31:56.321Z,2026-08-13T08:31:56.321Z
2763,26290-231,,영신맨션,영신맨션,부산,남구,26290,용호동,10700,488-3,,,35.12325265409883,129.1143743248348,normalized,1981,,,,,2026-08-13T08:44:11.102Z,2026-08-13T08:44:11.102Z
2753,26290-233,,동산그린맨션,동산그린맨션,부산,남구,26290,용호동,10700,497-2,,,35.117614450378,129.112598808055,normalized,1985,,,,,2026-08-13T08:43:37.074Z,2026-08-13T08:43:37.074Z
2636,26290-2339,,드림,드림,부산,남구,26290,대연동,10600,1757-5,,,35.14739034656655,129.0956405932825,normalized,2013,,,,,2026-08-13T08:36:27.761Z,2026-08-13T08:36:27.761Z
2754,26290-2343,,대성문문현퀸즈더블유101,대성문문현퀸즈더블유101,부산,남구,26290,문현동,10900,464-2,,,35.14131611454408,129.0680338007998,normalized,2013,,,,,2026-08-13T08:43:43.661Z,2026-08-13T08:43:43.661Z
2658,26290-2363,,더샵골드,더샵골드,부산,남구,26290,대연동,10600,1752-8,,,35.13449750473763,129.0885954088146,normalized,2014,,,,,2026-08-13T08:37:52.056Z,2026-08-13T08:37:52.056Z
2670,26290-237,,(용호맨션),(용호맨션),부산,남구,26290,용호동,10700,555-1,,,35.11126777479186,129.1105201455398,normalized,1979,,,,,2026-08-13T08:38:59.794Z,2026-08-13T08:38:59.794Z
2764,26290-2399,,대성문문현2차퀸즈w,대성문문현2차퀸즈w,부산,남구,26290,문현동,10900,405-1,,,35.1373271353474,129.070380339421,normalized,2014,,,,,2026-08-13T08:44:12.559Z,2026-08-13T08:44:12.559Z
2761,26290-2408,,대성문문현3차퀸즈W,대성문문현3차퀸즈W,부산,남구,26290,문현동,10900,648-13,,,35.1407339532766,129.067189684549,normalized,2014,,,,,2026-08-13T08:44:07.998Z,2026-08-13T08:44:07.998Z
2688,26290-247,,대원맨션,대원맨션,부산,남구,26290,문현동,10900,189-10,,,35.13945360410304,129.0733468778372,normalized,1982,,,,,2026-08-13T08:40:12.816Z,2026-08-13T08:40:12.816Z
2775,26290-249,,대암,대암,부산,남구,26290,문현동,10900,250-4,,,35.13581929288971,129.0731318315485,normalized,1981,,,,,2026-08-13T08:45:18.851Z,2026-08-13T08:45:18.851Z
2675,26290-2494,,스카이빌리지,스카이빌리지,부산,남구,26290,문현동,10900,474-6,,,35.14174209035573,129.0676803473727,normalized,2015,,,,,2026-08-13T08:39:07.331Z,2026-08-13T08:39:07.331Z
2621,26290-2499,,대동레미안7,대동레미안7,부산,남구,26290,대연동,10600,1750-11,,,35.1342245679178,129.089633856395,normalized,2015,,,,,2026-08-13T08:35:10.523Z,2026-08-13T08:35:10.523Z
2744,26290-251,,양산맨션,양산맨션,부산,남구,26290,문현동,10900,273-9,,,35.1346592983618,129.0757220216603,normalized,1978,,,,,2026-08-13T08:43:03.135Z,2026-08-13T08:43:03.135Z
2741,26290-2520,,홍익빌레트Ⅲ,홍익빌레트Ⅲ,부산,남구,26290,문현동,10900,805-1,,,35.13889458312028,129.0669840927918,normalized,2016,,,,,2026-08-13T08:42:58.627Z,2026-08-13T08:42:58.627Z
2743,26290-2523,,더베이하우스,더베이하우스,부산,남구,26290,용호동,10700,371-34,,,35.12087718599373,129.1127741130699,normalized,2016,,,,,2026-08-13T08:43:01.613Z,2026-08-13T08:43:01.613Z
2575,26290-259,,동천맨션,동천맨션,부산,남구,26290,문현동,10900,805-4,,,35.13853955216224,129.0670881101041,normalized,1972,,,,,2026-08-13T08:31:44.300Z,2026-08-13T08:31:44.300Z
2617,26290-2639,,아이홈대연,아이홈대연,부산,남구,26290,대연동,10600,1764-6,,,35.13437743871695,129.0862020193717,normalized,2019,,,,,2026-08-13T08:34:35.038Z,2026-08-13T08:34:35.038Z
2701,26290-265,,한림맨션,한림맨션,부산,남구,26290,감만동,11100,3-320,,,35.11948366707026,129.0853285303809,normalized,1984,,,,,2026-08-13T08:40:41.065Z,2026-08-13T08:40:41.065Z
2674,26290-2670,,미가,미가,부산,남구,26290,용호동,10700,370-21,,,35.1208201522883,129.111600167953,normalized,2019,,,,,2026-08-13T08:39:05.839Z,2026-08-13T08:39:05.839Z
2738,26290-2682,,정상네이처빌5차,정상네이처빌5차,부산,남구,26290,용호동,10700,487-10,,,35.1167255621449,129.110498629535,normalized,2019,,,,,2026-08-13T08:42:54.055Z,2026-08-13T08:42:54.055Z
2720,26290-2685,,더샵시티,더샵시티,부산,남구,26290,대연동,10600,986-2,,,35.1384475080693,129.090672096387,normalized,2019,,,,,2026-08-13T08:41:45.407Z,2026-08-13T08:41:45.407Z
2685,26290-2701,,정성재아파트,정성재,부산,남구,26290,대연동,10600,1918,,,35.1302837370613,129.099436168413,normalized,2019,,,,,2026-08-13T08:39:47.860Z,2026-08-13T08:39:47.860Z
2729,26290-275,,리버빌,리버빌,부산,남구,26290,문현동,10900,776-22,,,35.14168535575906,129.0664106827168,normalized,2004,,,,,2026-08-13T08:42:40.588Z,2026-08-13T08:42:40.588Z
2711,26290-2786,,정상리치스,정상리치스,부산,남구,26290,용호동,10700,394-8,,,35.1181392439927,129.112218625911,normalized,2023,,,,,2026-08-13T08:41:32.127Z,2026-08-13T08:41:32.127Z
2678,26290-310,,골든밸류빌,골든밸류빌,부산,남구,26290,문현동,10900,765-1,,,35.14338818380867,129.0655870236828,normalized,2005,,,,,2026-08-13T08:39:11.873Z,2026-08-13T08:39:11.873Z
2714,26290-313,,태창맨션,태창맨션,부산,남구,26290,용호동,10700,40-1,,,35.12549242886346,129.1092331366699,normalized,1983,,,,,2026-08-13T08:41:36.382Z,2026-08-13T08:41:36.382Z
2757,26290-321,,중경맨션,중경맨션,부산,남구,26290,용호동,10700,307-9,,,35.1219546276111,129.109276802864,normalized,1979,,,,,2026-08-13T08:44:02.028Z,2026-08-13T08:44:02.028Z
2628,26290-40,,한진훼미리타운,한진훼미리타운,부산,남구,26290,용호동,10700,537-13,,,35.1128943788725,129.1079826962831,normalized,1996,,,,,2026-08-13T08:35:45.155Z,2026-08-13T08:35:45.155Z
2666,26290-41,,현대비치,현대비치,부산,남구,26290,용호동,10700,181-1,,,35.12601730863005,129.1085885566666,normalized,1997,,,,,2026-08-13T08:38:45.147Z,2026-08-13T08:38:45.147Z
2590,26290-76,,무학프라자,무학프라자,부산,남구,26290,문현동,10900,255-30,,,35.13466876493211,129.0752746909827,normalized,1997,,,,,2026-08-13T08:32:42.688Z,2026-08-13T08:32:42.688Z
2586,26290-81,,시티프라자,시티프라자,부산,남구,26290,문현동,10900,363-1,,,35.13628676373069,129.0704582053083,normalized,1999,,,,,2026-08-13T08:32:37.002Z,2026-08-13T08:32:37.002Z
2626,26290-86,,현대,현대,부산,남구,26290,문현동,10900,73-1,,,35.1444981497329,129.0786664279351,normalized,1998,,,,,2026-08-13T08:35:22.954Z,2026-08-13T08:35:22.954Z
2606,26290-88,,문현삼성힐타워,문현삼성힐타워,부산,남구,26290,문현동,10900,383-1,,,35.139266517282,129.0680016887856,normalized,2002,,,,,2026-08-13T08:33:52.677Z,2026-08-13T08:33:52.677Z
2773,26290-91,,영광드림타워,영광드림타워,부산,남구,26290,대연동,10600,40-4,,,35.13790440755388,129.1033562842356,normalized,2003,,,,,2026-08-13T08:45:15.841Z,2026-08-13T08:45:15.841Z
2601,26290-96,,마로니에타운,마로니에타운,부산,남구,26290,대연동,10600,86-3,,,35.13857272230948,129.100987433028,normalized,2003,,,,,2026-08-13T08:33:19.585Z,2026-08-13T08:33:19.585Z
2652,26290-97,,베르디하우스,베르디하우스,부산,남구,26290,대연동,10600,1344-1,,,35.1357199402686,129.093528029784,normalized,2003,,,,,2026-08-13T08:37:43.280Z,2026-08-13T08:37:43.280Z
2440,26320-103,,성훈강변,성훈강변,부산,북구,26320,덕천동,10400,539-7,,,35.21854301430567,129.0054723383036,normalized,2003,,,,,2026-08-13T08:22:17.206Z,2026-08-13T08:22:17.206Z
2475,26320-11,,백조그린타운,백조그린타운,부산,북구,26320,구포동,10500,1248-7,,,35.19567206923876,129.012383841725,normalized,1993,,,,,2026-08-13T08:24:41.469Z,2026-08-13T08:24:41.469Z
2506,26320-111,,동원맨션,동원맨션,부산,북구,26320,만덕동,10300,839-1,,,35.20929410947799,129.0350183062214,normalized,1988,,,,,2026-08-13T08:26:53.931Z,2026-08-13T08:26:53.931Z
2433,26320-114,,럭키2,럭키2,부산,북구,26320,만덕동,10300,911-3,,,35.20936159041903,129.027023229915,normalized,1992,,,,,2026-08-13T08:22:08.122Z,2026-08-13T08:22:08.122Z
2451,26320-120,,벽산라인타운,벽산라인타운,부산,북구,26320,만덕동,10300,774-7,,,35.21027122161915,129.0242557857687,normalized,1998,,,,,2026-08-13T08:23:09.786Z,2026-08-13T08:23:09.786Z
2424,26320-122,,북부,북부,부산,북구,26320,만덕동,10300,605-13,,,35.21274069245524,129.0349857579132,normalized,1984,,,,,2026-08-13T08:21:08.027Z,2026-08-13T08:21:08.027Z
2531,26320-140,,부송빌라,부송빌라,부산,북구,26320,구포동,10500,896-1,,,35.19655019332666,128.9953758570518,normalized,2003,,,,,2026-08-13T08:28:16.701Z,2026-08-13T08:28:16.701Z
2497,26320-142,,경일,경일,부산,북구,26320,구포동,10500,1060-205,,,35.20452457692868,128.9973463579698,normalized,2003,,,,,2026-08-13T08:25:53.975Z,2026-08-13T08:25:53.975Z
2411,26320-1481,,화명동롯데캐슬멤버스,화명동롯데캐슬멤버스,부산,북구,26320,화명동,10200,1130-9,,,35.22941107592974,129.0134475709855,normalized,2007,,,,,2026-08-13T08:20:49.980Z,2026-08-13T08:20:49.980Z
2474,26320-1543,,레지던스라움,레지던스라움,부산,북구,26320,화명동,10200,2287-3,,,35.2336770174172,129.013186173451,normalized,2012,,,,,2026-08-13T08:24:39.899Z,2026-08-13T08:24:39.899Z
2521,26320-159,,미금기찰빌라,미금기찰빌라,부산,북구,26320,덕천동,10400,315-9,,,35.21373100869909,129.0076335294181,normalized,2004,,,,,2026-08-13T08:27:14.979Z,2026-08-13T08:27:14.979Z
2400,26320-1599,,엘가,엘가,부산,북구,26320,화명동,10200,2274-4,,,35.23465967089902,129.0084996400479,normalized,2014,,,,,2026-08-13T08:19:52.534Z,2026-08-13T08:19:52.534Z
2492,26320-1613,,어반빌리지,어반빌리지,부산,북구,26320,구포동,10500,307,,,35.2080669758559,129.000080399736,normalized,2014,,,,,2026-08-13T08:25:46.454Z,2026-08-13T08:25:46.454Z
2524,26320-163,,낙원타워,낙원타워,부산,북구,26320,덕천동,10400,384-9,,,35.21083245184045,129.0101556869532,normalized,2003,,,,,2026-08-13T08:27:24.683Z,2026-08-13T08:27:24.683Z
2522,26320-1633,,비룡벨로스텔라,비룡벨로스텔라,부산,북구,26320,구포동,10500,433-4,,,35.207380256388,129.0022079157379,normalized,2015,,,,,2026-08-13T08:27:21.805Z,2026-08-13T08:27:21.805Z
2536,26320-1651,,프라임시티,프라임시티,부산,북구,26320,화명동,10200,892,,,35.22705051803446,129.0124974555481,normalized,2015,,,,,2026-08-13T08:28:24.128Z,2026-08-13T08:28:24.128Z
2501,26320-1661,,묘성폴라리스,묘성폴라리스,부산,북구,26320,구포동,10500,405-7,,,35.2070276313142,128.999716725606,normalized,2016,,,,,2026-08-13T08:26:00.035Z,2026-08-13T08:26:00.035Z
2509,26320-1666,,홍익빌레트,홍익빌레트,부산,북구,26320,덕천동,10400,385-7,,,35.21125203168663,129.0119130048018,normalized,2016,,,,,2026-08-13T08:26:56.992Z,2026-08-13T08:26:56.992Z
2526,26320-1676,,지움포유,지움포유,부산,북구,26320,구포동,10500,431-1,,,35.20729420910799,129.0017984511666,normalized,2016,,,,,2026-08-13T08:27:38.290Z,2026-08-13T08:27:38.290Z
2421,26320-1684,,어반펠리체,어반펠리체,부산,북구,26320,구포동,10500,577,,,35.20859256026513,129.0024660716922,normalized,2017,,,,,2026-08-13T08:21:03.495Z,2026-08-13T08:21:03.495Z
2483,26320-169,,구포오바드빌,구포오바드빌,부산,북구,26320,구포동,10500,401-1,,,35.20650990614222,129.0005077434514,normalized,2004,,,,,2026-08-13T08:24:53.455Z,2026-08-13T08:24:53.455Z
2490,26320-1701,,지평웰리브,지평웰리브,부산,북구,26320,구포동,10500,399,,,35.20710839501503,129.0005553674729,normalized,2017,,,,,2026-08-13T08:25:43.593Z,2026-08-13T08:25:43.593Z
2517,26320-1712,,을숙도아침,을숙도아침,부산,북구,26320,구포동,10500,1060-180,,,35.20537078708016,128.9982191014342,normalized,2018,,,,,2026-08-13T08:27:08.968Z,2026-08-13T08:27:08.968Z
2502,26320-1722,,구포윤창비에이치타운,구포윤창비에이치타운,부산,북구,26320,구포동,10500,452,,,35.20757671016716,129.0012816478041,normalized,2018,,,,,2026-08-13T08:26:01.550Z,2026-08-13T08:26:01.550Z
2529,26320-1784,,창신(B동),창신(B동),부산,북구,26320,구포동,10500,1030-75,,,35.20362376257785,128.9976525751029,normalized,1992,,,,,2026-08-13T08:27:47.725Z,2026-08-13T08:27:47.725Z
2513,26320-19,,신진2차,신진2차,부산,북구,26320,구포동,10500,1250-2,,,35.19455355216897,129.0113638280231,normalized,1992,,,,,2026-08-13T08:27:02.933Z,2026-08-13T08:27:02.933Z
2535,26320-26,,한창데파트,한창데파트,부산,북구,26320,구포동,10500,1261-32,,,35.19742445086048,129.0064899175037,normalized,1994,,,,,2026-08-13T08:28:22.576Z,2026-08-13T08:28:22.576Z
2455,26320-28,,협진태양,협진태양,부산,북구,26320,구포동,10500,1084-3,,,35.19776270692278,128.9949663783849,normalized,1997,,,,,2026-08-13T08:23:23.172Z,2026-08-13T08:23:23.172Z
2523,26320-41,,대성하이츠빌,대성하이츠빌,부산,북구,26320,금곡동,10100,64-4,,,35.26287021137916,129.0182064739298,normalized,2002,,,,,2026-08-13T08:27:23.130Z,2026-08-13T08:27:23.130Z
2470,26320-56,,화명대우,화명대우,부산,북구,26320,화명동,10200,752,,,35.23406611950397,129.0190389618206,normalized,2000,,,,,2026-08-13T08:24:30.313Z,2026-08-13T08:24:30.313Z
2431,26320-63,,코오롱하늘채1차,코오롱하늘채1차,부산,북구,26320,화명동,10200,2290,,,35.23030065511789,129.0113806095881,normalized,2002,,,,,2026-08-13T08:22:01.654Z,2026-08-13T08:22:01.654Z
2461,26320-66,,덕천대성,덕천대성,부산,북구,26320,덕천동,10400,388-5,,,35.21174779027012,129.0156970070119,normalized,1981,,,,,2026-08-13T08:23:32.069Z,2026-08-13T08:23:32.069Z
2468,26320-72,,기비골마을,기비골마을,부산,북구,26320,덕천동,10400,814-4,,,35.21557556811464,129.0241415420933,normalized,1994,,,,,2026-08-13T08:24:23.789Z,2026-08-13T08:24:23.789Z
2510,26320-8,,구포동성가든타워,구포동성가든타워,부산,북구,26320,구포동,10500,1224,,,35.19824470877627,129.0072390755899,normalized,1995,,,,,2026-08-13T08:26:58.402Z,2026-08-13T08:26:58.402Z
2504,26320-80,,부원,부원,부산,북구,26320,덕천동,10400,395-6,,,35.21230669784986,129.0238934658269,normalized,1983,,,,,2026-08-13T08:26:25.253Z,2026-08-13T08:26:25.253Z
2458,26320-87,,아남프라자,아남프라자,부산,북구,26320,덕천동,10400,397-1,,,35.21150653409804,129.0072229796206,normalized,2000,,,,,2026-08-13T08:23:27.546Z,2026-08-13T08:23:27.546Z
2508,26320-9,,명굉강변맨션,명굉강변맨션,부산,북구,26320,구포동,10500,1120-4,,,35.19789062549087,128.9897678569076,normalized,1985,,,,,2026-08-13T08:26:55.429Z,2026-08-13T08:26:55.429Z
2234,26350-1,,경남마리나,경남마리나,부산,해운대구,26350,우동,10500,1388-1,,,35.16071243844627,129.1433518146171,normalized,1996,,,,,2026-08-13T08:02:00.422Z,2026-08-13T12:24:09.623Z
2287,26350-10,,벽산금호,벽산금호,부산,해운대구,26350,우동,10500,397-117,,,35.16746643746467,129.1556412276545,normalized,1991,,,,,2026-08-13T08:04:59.803Z,2026-08-13T12:24:07.333Z
2268,26350-101,,현우산호맨션,현우산호맨션,부산,해운대구,26350,중동,10600,1533-1,,,35.1644100363885,129.1845386576639,normalized,1987,,,,,2026-08-13T08:03:51.339Z,2026-08-13T12:24:09.690Z
2304,26350-102,,협진태양,협진태양,부산,해운대구,26350,중동,10600,1516-5,,,35.16120519862042,129.1731417530245,normalized,1995,,,,,2026-08-13T08:05:45.946Z,2026-08-13T12:24:07.604Z
31,26350-107,,건영2,건영2,부산,해운대구,26350,좌동,10700,1298,,,35.175009274281,129.1770300086608,normalized,1997,,,,,2026-08-13T03:49:14.936Z,2026-08-13T12:24:04.622Z
2119,26350-111,,대림,대림,부산,해운대구,26350,좌동,10700,1396,,,35.17856675328051,129.1730288275324,normalized,1996,,,,,2026-08-13T07:55:01.150Z,2026-08-13T12:24:05.025Z
2204,26350-113,,대림3,대림3,부산,해운대구,26350,좌동,10700,1374,,,35.1793144310325,129.174047519585,normalized,1997,,,,,2026-08-13T08:00:01.688Z,2026-08-13T12:24:06.369Z
2127,26350-114,,대우,대우,부산,해운대구,26350,좌동,10700,1333,,,35.17188402877476,129.1836411849627,normalized,1996,,,,,2026-08-13T07:55:32.098Z,2026-08-13T12:24:05.203Z
2307,26350-117,,대창,대창,부산,해운대구,26350,좌동,10700,1273,,,35.17258108454639,129.169528763408,normalized,1996,,,,,2026-08-13T08:05:50.427Z,2026-08-13T12:24:07.636Z
2154,26350-118,,동부,동부,부산,해운대구,26350,좌동,10700,1412,,,35.17807345384909,129.177814171519,normalized,1996,,,,,2026-08-13T07:56:48.519Z,2026-08-13T12:24:05.581Z
2157,26350-12,,센텀마리나,센텀마리나,부산,해운대구,26350,우동,10500,930-20,,,35.1669511421807,129.1460439943833,normalized,1993,,,,,2026-08-13T07:57:08.534Z,2026-08-13T12:24:05.635Z
2156,26350-120,,두산2,두산2,부산,해운대구,26350,좌동,10700,1319,,,35.16904471642202,129.1794806256509,normalized,1996,,,,,2026-08-13T07:57:01.906Z,2026-08-13T12:24:05.618Z
2106,26350-121,,두산1차아파트,두산1차,부산,해운대구,26350,좌동,10700,1394,,,35.17950614680669,129.1704943121656,normalized,1996,,,,,2026-08-13T07:54:20.977Z,2026-08-13T12:24:04.862Z
2103,26350-126,,벽산2,벽산2,부산,해운대구,26350,좌동,10700,1439,,,35.1695254142744,129.183310323731,normalized,1996,,,,,2026-08-13T07:54:11.342Z,2026-08-13T12:24:04.845Z
2123,26350-127,,삼성,삼성,부산,해운대구,26350,좌동,10700,1413,,,35.17939560058789,129.1784553089068,normalized,1997,,,,,2026-08-13T07:55:26.109Z,2026-08-13T12:24:05.079Z
2170,26350-130,,신성,신성,부산,해운대구,26350,좌동,10700,1271,,,35.17282294474127,129.1683016254962,normalized,1996,,,,,2026-08-13T07:58:03.900Z,2026-08-13T12:24:05.887Z
2089,26350-131,,엘지,엘지,부산,해운대구,26350,좌동,10700,1398,,,35.18055781406806,129.1735559994458,normalized,1996,,,,,2026-08-13T07:53:14.306Z,2026-08-13T12:24:09.087Z
2187,26350-132,,영남,영남,부산,해운대구,26350,좌동,10700,1328,,,35.16744410469146,129.1835926658469,normalized,1996,,,,,2026-08-13T07:59:05.244Z,2026-08-13T12:24:06.205Z
2125,26350-136,,한라,한라,부산,해운대구,26350,좌동,10700,1323,,,35.17106207460644,129.1816481756556,normalized,1996,,,,,2026-08-13T07:55:29.055Z,2026-08-13T12:24:05.118Z
2161,26350-137,,한일,한일,부산,해운대구,26350,좌동,10700,1274,,,35.17192033915676,129.1707974332298,normalized,1996,,,,,2026-08-13T07:57:35.282Z,2026-08-13T12:24:05.764Z
2184,26350-139,,화목,화목,부산,해운대구,26350,좌동,10700,1310,,,35.17190157800679,129.1788654948768,normalized,1996,,,,,2026-08-13T07:59:00.719Z,2026-08-13T12:24:06.118Z
2195,26350-140,,화목데파트,화목데파트,부산,해운대구,26350,좌동,10700,1314-2,,,35.17100112190055,129.1776254848056,normalized,1998,,,,,2026-08-13T07:59:48.144Z,2026-08-13T12:24:06.259Z
2160,26350-141,,코오롱,코오롱,부산,해운대구,26350,좌동,10700,1348,,,35.17068846656465,129.1687365892542,normalized,1997,,,,,2026-08-13T07:57:12.885Z,2026-08-13T12:24:09.345Z
2250,26350-144,,태원빌리지,태원빌리지,부산,해운대구,26350,송정동,10800,174-15,,,35.18805208858026,129.2059132325793,normalized,2002,,,,,2026-08-13T08:02:50.205Z,2026-08-13T12:24:06.946Z
2290,26350-148,,금강비치빌,금강비치빌,부산,해운대구,26350,송정동,10800,199-8,,,35.18356093745511,129.2031377787527,normalized,2002,,,,,2026-08-13T08:05:03.970Z,2026-08-13T12:24:07.389Z
2194,26350-151,,대우금사,대우금사,부산,해운대구,26350,반여동,10300,586-2,,,35.21382631553474,129.11752059106,normalized,1995,,,,,2026-08-13T07:59:46.774Z,2026-08-13T12:24:09.485Z
2248,26350-153,,그린파크,그린파크,부산,해운대구,26350,반여동,10300,1600-1,,,35.20170346475084,129.1325452992805,normalized,1988,,,,,2026-08-13T08:02:47.136Z,2026-08-13T12:24:06.914Z
2173,26350-154,,반여현대,반여현대,부산,해운대구,26350,반여동,10300,1088,,,35.195100228676,129.1339578446423,normalized,1995,,,,,2026-08-13T07:58:08.304Z,2026-08-13T12:24:05.922Z
2232,26350-156,,보훈,보훈,부산,해운대구,26350,반여동,10300,1594-1,,,35.19886359006964,129.1335381347796,normalized,1979,,,,,2026-08-13T08:01:57.402Z,2026-08-13T12:24:09.571Z
2310,26350-157,,삼익그린맨션,삼익그린맨션,부산,해운대구,26350,반여동,10300,1405-31,,,35.19676084198572,129.1178063776352,normalized,1985,,,,,2026-08-13T08:05:54.931Z,2026-08-13T12:24:07.684Z
2147,26350-160,,보람,보람,부산,해운대구,26350,반여동,10300,1585-1,,,35.20155612270307,129.1335427074845,normalized,1984,,,,,2026-08-13T07:56:37.984Z,2026-08-13T12:24:05.487Z
2192,26350-163,,에덴동산타운,에덴동산타운,부산,해운대구,26350,반여동,10300,1291-1414,,,35.19585763610883,129.1333189825182,normalized,1993,,,,,2026-08-13T07:59:12.801Z,2026-08-13T12:24:09.433Z
2153,26350-165,,왕자,왕자,부산,해운대구,26350,반여동,10300,1477-1,,,35.1945778635364,129.1175718557834,normalized,1979,,,,,2026-08-13T07:56:47.026Z,2026-08-13T12:24:05.564Z
2273,26350-169,,현대3,현대3,부산,해운대구,26350,반여동,10300,1291-1460,,,35.20112010092376,129.1362430337107,normalized,1995,,,,,2026-08-13T08:03:57.400Z,2026-08-13T12:24:07.143Z
2221,26350-170,,현대4,현대4,부산,해운대구,26350,반여동,10300,1477-10,,,35.20123628069979,129.1354808622632,normalized,1989,,,,,2026-08-13T08:01:13.376Z,2026-08-13T12:24:06.636Z
2102,26350-171,,현대그린맨션,현대그린맨션,부산,해운대구,26350,반여동,10300,1411-10,,,35.19776333838,129.1165457560434,normalized,1986,,,,,2026-08-13T07:54:09.847Z,2026-08-13T12:24:04.827Z
2101,26350-172,,현대일성2,현대일성2,부산,해운대구,26350,반여동,10300,1291-1446,,,35.1970219729751,129.133571195832,normalized,1994,,,,,2026-08-13T07:54:08.683Z,2026-08-13T12:24:04.811Z
2096,26350-173,,LIG건영,LIG건영,부산,해운대구,26350,반송동,10100,884,,,35.22710834874738,129.1640172430254,normalized,1997,,,,,2026-08-13T07:53:24.870Z,2026-08-13T12:24:09.178Z
2263,26350-18,,선프라자,선프라자,부산,해운대구,26350,우동,10500,1434,,,35.15782576839997,129.1475905751331,normalized,1995,,,,,2026-08-13T08:03:35.301Z,2026-08-13T12:24:05.672Z
2145,26350-180,,벽산삼협,벽산삼협,부산,해운대구,26350,반송동,10100,892,,,35.22736709983154,129.1592183243729,normalized,1997,,,,,2026-08-13T07:56:24.969Z,2026-08-13T12:24:05.449Z
2144,26350-182,,삼한2,삼한2,부산,해운대구,26350,반송동,10100,872,,,35.23402622380333,129.1509356891826,normalized,1997,,,,,2026-08-13T07:56:18.199Z,2026-08-13T12:24:05.432Z
2240,26350-183,,삼한그린맨션,삼한그린맨션,부산,해운대구,26350,반송동,10100,401,,,35.23423826641776,129.1506667113547,normalized,1990,,,,,2026-08-13T08:02:09.483Z,2026-08-13T12:24:08.941Z
2085,26350-2,,경동,경동,부산,해운대구,26350,우동,10500,974,,,35.1627876973683,129.1427961553059,normalized,1995,,,,,2026-08-13T07:53:08.271Z,2026-08-13T12:24:04.690Z
2189,26350-20,,신동아,신동아,부산,해운대구,26350,우동,10500,496-1,,,35.16352908573894,129.1552508742033,normalized,1991,,,,,2026-08-13T07:59:08.265Z,2026-08-13T12:24:06.239Z
2346,26350-201,,아시아나비치,아시아나비치,부산,해운대구,26350,송정동,10800,199-9,,,35.18340691300775,129.2029854423492,normalized,2003,,,,,2026-08-13T08:07:50.533Z,2026-08-13T12:24:08.273Z
2334,26350-204,,동서하이빌아파트,동서하이빌,부산,해운대구,26350,송정동,10800,439-1,,,35.17745848467048,129.1955976104268,normalized,2000,,,,,2026-08-13T08:07:01.893Z,2026-08-13T12:24:08.053Z
2351,26350-2109,,현대아쿠아팰리스동백섬,현대아쿠아팰리스동백섬,부산,해운대구,26350,우동,10500,785,,,35.15939848851956,129.1511828008626,normalized,2006,,,,,2026-08-13T08:07:57.877Z,2026-08-13T12:24:08.327Z
2283,26350-2113,,뷔센하우스,뷔센하우스,부산,해운대구,26350,중동,10600,1498-9,,,35.15863378009656,129.1786343762098,normalized,2006,,,,,2026-08-13T08:04:22.664Z,2026-08-13T12:24:07.269Z
2152,26350-2114,,대우트럼프월드센텀,대우트럼프월드센텀,부산,해운대구,26350,우동,10500,1498,,,35.17029564897285,129.1324049808319,normalized,2006,,,,,2026-08-13T07:56:45.517Z,2026-08-13T12:24:05.542Z
2269,26350-2121,,두산위브포세이돈,두산위브포세이돈,부산,해운대구,26350,우동,10500,1410-1,,,35.1548858141255,129.1446648361218,normalized,2007,,,,,2026-08-13T08:03:51.386Z,2026-08-13T12:24:07.094Z
2255,26350-2137,,해운대엑소디움,해운대엑소디움,부산,해운대구,26350,우동,10500,1398,,,35.16280147810096,129.137121018837,normalized,2009,,,,,2026-08-13T08:02:57.666Z,2026-08-13T12:24:07.028Z
2282,26350-2142,,우신골든메르시아,우신골든메르시아,부산,해운대구,26350,우동,10500,1410-2,,,35.15503841617468,129.1454105803741,normalized,2010,,,,,2026-08-13T08:04:21.157Z,2026-08-13T12:24:07.250Z
2244,26350-2143,,현대아쿠아팰리스해운대,현대아쿠아팰리스해운대,부산,해운대구,26350,중동,10600,1167-3,,,35.16223916724002,129.1685472901935,normalized,2010,,,,,2026-08-13T08:02:41.384Z,2026-08-13T12:24:06.859Z
2336,26350-216,,유림빌라,유림빌라,부산,해운대구,26350,재송동,10400,1050-1,,,35.19045309221833,129.123860144049,normalized,1994,,,,,2026-08-13T08:07:04.757Z,2026-08-13T12:24:08.106Z
2249,26350-218,,장산하이츠빌라,장산하이츠빌라,부산,해운대구,26350,재송동,10400,1060-3,,,35.18859798074327,129.1258425976166,normalized,2000,,,,,2026-08-13T08:02:48.710Z,2026-08-13T12:24:06.930Z
2302,26350-2190,,쏠데까사,쏠데까사,부산,해운대구,26350,송정동,10800,200-4,,,35.18345047175347,129.2035628652901,normalized,2012,,,,,2026-08-13T08:05:43.082Z,2026-08-13T12:24:07.569Z
2347,26350-2213,,센텀시티더블유,센텀시티더블유,부산,해운대구,26350,재송동,10400,1071-8,,,35.18630251669939,129.1212845317208,normalized,2013,,,,,2026-08-13T08:07:51.930Z,2026-08-13T12:24:07.619Z
2319,26350-2228,,센텀캐슬,센텀캐슬,부산,해운대구,26350,재송동,10400,1093-10,,,35.18482396644878,129.122248248425,normalized,2013,,,,,2026-08-13T08:06:08.526Z,2026-08-13T12:24:07.815Z
2316,26350-2230,,디어하임센텀,디어하임센텀,부산,해운대구,26350,재송동,10400,1026-8,,,35.1922416278274,129.123103155889,normalized,2013,,,,,2026-08-13T08:06:04.030Z,2026-08-13T12:24:07.781Z
2330,26350-224,,대원,대원,부산,해운대구,26350,재송동,10400,1183-3,,,35.19223262389968,129.1348872648859,normalized,1997,,,,,2026-08-13T08:06:45.533Z,2026-08-13T12:24:08.002Z
2239,26350-2242,,해운대양우내안애팰리스,해운대양우내안애팰리스,부산,해운대구,26350,중동,10600,1792,,,35.16212768296445,129.1779726195061,normalized,2013,,,,,2026-08-13T08:02:08.002Z,2026-08-13T12:24:06.795Z
2333,26350-227,,덕성빌라,덕성빌라,부산,해운대구,26350,우동,10500,265-44,,,35.17080022360107,129.1617817109835,normalized,1994,,,,,2026-08-13T08:06:55.321Z,2026-08-13T12:24:09.811Z
2335,26350-2296,,센텀에코하임,센텀에코하임,부산,해운대구,26350,재송동,10400,1059-1,,,35.1889949675254,129.126122977903,normalized,2015,,,,,2026-08-13T08:07:03.238Z,2026-08-13T12:24:08.084Z
2345,26350-23,,해운파크맨션,해운파크맨션,부산,해운대구,26350,우동,10500,397-68,,,35.16697554028622,129.1568430922957,normalized,1985,,,,,2026-08-13T08:07:44.221Z,2026-08-13T12:24:08.257Z
2339,26350-231,,신춘하나빌,신춘하나빌,부산,해운대구,26350,우동,10500,506-1,,,35.16372837444566,129.1568121895982,normalized,2004,,,,,2026-08-13T08:07:09.393Z,2026-08-13T12:24:08.171Z
2247,26350-2321,,해운대파크에비뉴,해운대파크에비뉴,부산,해운대구,26350,우동,10500,598-4,,,35.16429933163824,129.1617851706997,normalized,2017,,,,,2026-08-13T08:02:45.654Z,2026-08-13T12:24:06.898Z
2253,26350-2327,,조희라메르,조희라메르,부산,해운대구,26350,송정동,10800,203-4,,,35.18295809955097,129.2047207147028,normalized,2017,,,,,2026-08-13T08:02:54.634Z,2026-08-13T12:24:06.996Z
2274,26350-2331,,남평엔시티,남평엔시티,부산,해운대구,26350,송정동,10800,200-11,,,35.18300413213851,129.2035782520086,normalized,2018,,,,,2026-08-13T08:04:09.244Z,2026-08-13T12:24:07.159Z
2272,26350-2338,,센텀더세진,센텀더세진,부산,해운대구,26350,반송동,10100,227-1,,,35.2296195775795,129.158632259758,normalized,2018,,,,,2026-08-13T08:03:55.865Z,2026-08-13T12:24:07.127Z
2323,26350-2346,,럭스빌비치,럭스빌비치,부산,해운대구,26350,송정동,10800,137-12,,,35.1833483566307,129.2000609199903,normalized,2018,,,,,2026-08-13T08:06:19.878Z,2026-08-13T12:24:07.883Z
2080,26350-2350,,센텀엘카사,센텀엘카사,부산,해운대구,26350,우동,10500,1196-12,,,35.1664928489635,129.138738629549,normalized,2018,,,,,2026-08-13T07:52:29.847Z,2026-08-13T12:24:09.012Z
2277,26350-237,,프린스빌라,프린스빌라,부산,해운대구,26350,우동,10500,1072-56,,,35.1687275992521,129.142210177648,normalized,1992,,,,,2026-08-13T08:04:13.569Z,2026-08-13T12:24:07.213Z
2267,26350-2373,,조희바다풍경,조희바다풍경,부산,해운대구,26350,송정동,10800,137-7,,,35.1835069049111,129.200162882556,normalized,2019,,,,,2026-08-13T08:03:44.782Z,2026-08-13T12:24:05.242Z
20,26350-2374,,에이스스카이뷰,에이스스카이뷰,부산,해운대구,26350,송정동,10800,199-3,,,35.1838453817023,129.203303515961,normalized,2019,,,,,2026-08-13T03:49:13.539Z,2026-08-13T12:24:04.452Z
2292,26350-2375,,마린시티자이,마린시티자이,부산,해운대구,26350,우동,10500,1405-1,,,35.15905528678373,129.1432468763072,normalized,2019,,,,,2026-08-13T08:05:06.946Z,2026-08-13T12:24:07.422Z
2210,26350-2377,,럭키골든스위트,럭키골든스위트,부산,해운대구,26350,중동,10600,1199-4,,,35.16313555322637,129.1678062423921,normalized,2019,,,,,2026-08-13T08:00:31.254Z,2026-08-13T12:24:06.471Z
2260,26350-2381,,해운대경보이리스오션,해운대경보이리스오션,부산,해운대구,26350,중동,10600,1378-49,,,35.1634163865788,129.163188355646,normalized,2020,,,,,2026-08-13T08:03:10.455Z,2026-08-13T12:24:07.078Z
2289,26350-241,,성우맨션,성우맨션,부산,해운대구,26350,중동,10600,797-3,,,35.16247069878877,129.1729241388757,normalized,1981,,,,,2026-08-13T08:05:02.432Z,2026-08-13T12:24:07.371Z
2322,26350-252,,벨로스,벨로스,부산,해운대구,26350,중동,10600,1477-3,,,35.16316680083094,129.1845701416119,normalized,2004,,,,,2026-08-13T08:06:13.060Z,2026-08-13T12:24:07.864Z
2324,26350-257,,삼안스튜디오1차,삼안스튜디오1차,부산,해운대구,26350,중동,10600,1485-9,,,35.16051077518856,129.1812916562208,normalized,1990,,,,,2026-08-13T08:06:21.136Z,2026-08-13T12:24:07.898Z
25,26350-2582,,협성루에나센텀,협성루에나센텀,부산,해운대구,26350,재송동,10400,210-10,,,35.1882098584147,129.1212550886072,normalized,2023,,,,,2026-08-13T03:49:14.183Z,2026-08-13T12:24:04.519Z
2325,26350-262,,대림엠파이어빌라,대림엠파이어빌라,부산,해운대구,26350,중동,10600,1491-5,,,35.15792201084885,129.1814803758372,normalized,1992,,,,,2026-08-13T08:06:22.692Z,2026-08-13T12:24:07.916Z
2236,26350-27,,해운대오션파크,해운대오션파크,부산,해운대구,26350,우동,10500,843,,,35.160238966878,129.15297380801,normalized,2002,,,,,2026-08-13T08:02:03.423Z,2026-08-13T12:24:08.923Z
2214,26350-274,,삼안스튜디오2000,삼안스튜디오2000,부산,해운대구,26350,중동,10600,1498-3,,,35.15887166180173,129.177934067957,normalized,1995,,,,,2026-08-13T08:00:47.488Z,2026-08-13T12:24:06.541Z
2218,26350-28,,센텀글로리아,센텀글로리아,부산,해운대구,26350,재송동,10400,1160-12,,,35.19082744657464,129.1326034379269,normalized,1989,,,,,2026-08-13T08:01:08.916Z,2026-08-13T12:24:06.604Z
2166,26350-286,,아크로뷰,아크로뷰,부산,해운대구,26350,중동,10600,1554,,,35.1664161544289,129.1634982792855,normalized,2004,,,,,2026-08-13T07:57:42.553Z,2026-08-13T12:24:05.816Z
2131,26350-29,,금호,금호,부산,해운대구,26350,재송동,10400,1041-3,,,35.19168199752543,129.1268516545821,normalized,1996,,,,,2026-08-13T07:55:38.091Z,2026-08-13T12:24:05.262Z
2296,26350-290,,삼보로얄캐슬,삼보로얄캐슬,부산,해운대구,26350,송정동,10800,134-2,,,35.18470097212911,129.201001838637,normalized,2004,,,,,2026-08-13T08:05:13.046Z,2026-08-13T12:24:07.468Z
2278,26350-295,,영동써니,영동써니,부산,해운대구,26350,송정동,10800,422-7,,,35.17855517541229,129.1968388081897,normalized,1992,,,,,2026-08-13T08:04:15.115Z,2026-08-13T12:24:07.231Z
2349,26350-299,,해운대석포로얄캐슬,해운대석포로얄캐슬,부산,해운대구,26350,중동,10600,909,,,35.16208109851515,129.1745477007077,normalized,2004,,,,,2026-08-13T08:07:54.899Z,2026-08-13T12:24:08.292Z
2230,26350-3,,공작맨션,공작맨션,부산,해운대구,26350,우동,10500,450,,,35.16661618404216,129.1592083681761,normalized,1984,,,,,2026-08-13T08:01:54.390Z,2026-08-13T12:24:06.738Z
2216,26350-30,,남성선파크,남성선파크,부산,해운대구,26350,재송동,10400,1151-2,,,35.19283986904559,129.1304956632206,normalized,1988,,,,,2026-08-13T08:00:50.503Z,2026-08-13T12:24:06.573Z
2167,26350-303,,해운대비치베르빌,해운대비치베르빌,부산,해운대구,26350,중동,10600,1199-5,,,35.16278924652779,129.1682239158706,normalized,2005,,,,,2026-08-13T07:57:44.620Z,2026-08-13T12:24:05.835Z
2254,26350-31,,대신맨션,대신맨션,부산,해운대구,26350,재송동,10400,1126-7,,,35.1878171894809,129.1268914038291,normalized,1992,,,,,2026-08-13T08:02:56.135Z,2026-08-13T12:24:07.012Z
2261,26350-32,,명유그린,명유그린,부산,해운대구,26350,재송동,10400,152,,,35.1858562450336,129.128535079596,normalized,1993,,,,,2026-08-13T08:03:16.962Z,2026-08-13T12:24:04.658Z
2159,26350-33,,센텀한보미도,센텀한보미도,부산,해운대구,26350,재송동,10400,1123-3,,,35.1869974318311,129.129848037933,normalized,1992,,,,,2026-08-13T07:57:11.365Z,2026-08-13T12:24:09.329Z
2082,26350-35,,센텀삼익아파트,센텀삼익,부산,해운대구,26350,재송동,10400,1023,,,35.1911089641841,129.1212997352054,normalized,1981,,,,,2026-08-13T07:52:32.876Z,2026-08-13T12:24:04.674Z
2224,26350-355,,화송빌라,화송빌라,부산,해운대구,26350,재송동,10400,1045-2,,,35.19076739837256,129.1259759703684,normalized,1992,,,,,2026-08-13T08:01:30.086Z,2026-08-13T12:24:06.688Z
2251,26350-4,,대우동삼,대우동삼,부산,해운대구,26350,우동,10500,1007-16,,,35.16369987415943,129.1405419668291,normalized,1993,,,,,2026-08-13T08:02:51.649Z,2026-08-13T12:24:06.962Z
2264,26350-40,,신동아,신동아,부산,해운대구,26350,재송동,10400,131,,,35.18462404351985,129.1285029356416,normalized,1992,,,,,2026-08-13T08:03:36.655Z,2026-08-13T12:24:05.692Z
2337,26350-41,,센텀안성타워,센텀안성타워,부산,해운대구,26350,재송동,10400,139-1,,,35.18538709274453,129.1285667470787,normalized,1990,,,,,2026-08-13T08:07:06.257Z,2026-08-13T12:24:08.134Z
2132,26350-42,,에이스,에이스,부산,해운대구,26350,재송동,10400,1159-1,,,35.19104366607014,129.131787986161,normalized,1992,,,,,2026-08-13T07:55:39.600Z,2026-08-13T12:24:05.283Z
2340,26350-44,,유창맨션,유창맨션,부산,해운대구,26350,재송동,10400,661-1,,,35.17936120519403,129.1268191825724,normalized,1981,,,,,2026-08-13T08:07:10.813Z,2026-08-13T12:24:08.190Z
2331,26350-46,,이화맨션,이화맨션,부산,해운대구,26350,재송동,10400,1041-9,,,35.1921414824134,129.1261391201818,normalized,1991,,,,,2026-08-13T08:06:47.307Z,2026-08-13T12:24:08.020Z
2220,26350-49,,재송그린,재송그린,부산,해운대구,26350,재송동,10400,1146-1,,,35.1909669210743,129.129594907037,normalized,1984,,,,,2026-08-13T08:01:11.879Z,2026-08-13T12:24:09.516Z
2209,26350-5,,대우마리나1,대우마리나1,부산,해운대구,26350,우동,10500,1388-4,,,35.16001110179043,129.1465200026554,normalized,1991,,,,,2026-08-13T08:00:30.018Z,2026-08-13T12:24:06.454Z
2201,26350-51,,재송동코오롱,재송동코오롱,부산,해운대구,26350,재송동,10400,1123-20,,,35.18809376854527,129.1309436163639,normalized,1990,,,,,2026-08-13T07:59:57.156Z,2026-08-13T12:24:06.334Z
2243,26350-52,,한보장산,한보장산,부산,해운대구,26350,재송동,10400,1184-1,,,35.19244806590599,129.1341167931898,normalized,1995,,,,,2026-08-13T08:02:34.821Z,2026-08-13T12:24:06.840Z
2265,26350-53,,한영비치,한영비치,부산,해운대구,26350,재송동,10400,1121-7,,,35.18664142772427,129.1287750982625,normalized,1991,,,,,2026-08-13T08:03:43.279Z,2026-08-13T12:24:05.709Z
2327,26350-58,,혜성골든타운,혜성골든타운,부산,해운대구,26350,재송동,10400,1162-1,,,35.19232891568991,129.1333101230377,normalized,1990,,,,,2026-08-13T08:06:30.987Z,2026-08-13T12:24:07.949Z
2257,26350-6,,대우마리나2,대우마리나2,부산,해운대구,26350,우동,10500,1388-4,,,35.15872286142723,129.1487334033452,normalized,1992,,,,,2026-08-13T08:03:00.686Z,2026-08-13T12:24:07.045Z
2293,26350-60,,삼화파크맨션,삼화파크맨션,부산,해운대구,26350,재송동,10400,100-2,,,35.17962653346966,129.1272585437548,normalized,1986,,,,,2026-08-13T08:05:08.467Z,2026-08-13T12:24:07.437Z
2238,26350-62,,센텀재송빌,센텀재송빌,부산,해운대구,26350,재송동,10400,273-3,,,35.18430963103085,129.1254718238993,normalized,1991,,,,,2026-08-13T08:02:06.438Z,2026-08-13T12:24:06.778Z
2338,26350-68,,달맞이우성빌라트,달맞이우성빌라트,부산,해운대구,26350,중동,10600,1479,,,35.16196273822132,129.1843283414248,normalized,1995,,,,,2026-08-13T08:07:07.799Z,2026-08-13T12:24:08.151Z
2314,26350-69,,대림비치,대림비치,부산,해운대구,26350,중동,10600,1396-1,,,35.16097263053671,129.162978777155,normalized,1977,,,,,2026-08-13T08:06:00.998Z,2026-08-13T12:24:07.749Z
2180,26350-7,,대우마리나3,대우마리나3,부산,해운대구,26350,우동,10500,977,,,35.1600491468438,129.145186670851,normalized,1994,,,,,2026-08-13T07:58:34.207Z,2026-08-13T12:24:06.041Z
2252,26350-71,,동남하이츠맨션,동남하이츠맨션,부산,해운대구,26350,중동,10600,768-1,,,35.16377149257546,129.1749570369093,normalized,1993,,,,,2026-08-13T08:02:53.175Z,2026-08-13T12:24:06.978Z
2294,26350-82,,삼주,삼주,부산,해운대구,26350,중동,10600,784-1,,,35.16274027256813,129.175175375506,normalized,1992,,,,,2026-08-13T08:05:09.967Z,2026-08-13T12:24:07.453Z
3978,26380-125,,옥돌,옥돌,부산,사하구,26380,당리동,10200,326-6,,,35.10226037336475,128.9738483100907,normalized,2002,,,,,2026-08-13T11:38:27.751Z,2026-08-13T11:38:27.751Z
4041,26380-131,,강변타워,강변타워,부산,사하구,26380,하단동,10300,1165-14,,,35.10411739236103,128.9577565817038,normalized,1993,,,,,2026-08-13T11:40:03.016Z,2026-08-13T11:40:03.016Z
4208,26380-133,,경인,경인,부산,사하구,26380,하단동,10300,485-6,,,35.11202599767967,128.9613368195557,normalized,1983,,,,,2026-08-13T11:44:14.114Z,2026-08-13T11:44:14.114Z
4109,26380-136,,궁전시티빌,궁전시티빌,부산,사하구,26380,하단동,10300,605-1,,,35.1047182119834,128.96184157843,normalized,2000,,,,,2026-08-13T11:41:45.037Z,2026-08-13T11:41:45.037Z
4172,26380-139,,대영파크맨션,대영파크맨션,부산,사하구,26380,하단동,10300,381-15,,,35.10188369363302,128.9665854028418,normalized,1988,,,,,2026-08-13T11:43:19.886Z,2026-08-13T11:43:19.886Z
4168,26380-140,,대우에덴프라자,대우에덴프라자,부산,사하구,26380,하단동,10300,492-2,,,35.11251130301478,128.964757046663,normalized,1997,,,,,2026-08-13T11:43:13.885Z,2026-08-13T11:43:13.885Z
4117,26380-146,,두꺼비맨션,두꺼비맨션,부산,사하구,26380,하단동,10300,521-1,,,35.10751042780598,128.9608184436723,normalized,1983,,,,,2026-08-13T11:41:57.080Z,2026-08-13T11:41:57.080Z
4136,26380-156,,하단에덴,하단에덴,부산,사하구,26380,하단동,10300,494-3,,,35.1129098487731,128.966187967395,normalized,1979,,,,,2026-08-13T11:42:25.693Z,2026-08-13T11:42:25.693Z
4162,26380-1579,,경성리치W,경성리치W,부산,사하구,26380,당리동,10200,321-1,,,35.10319865683871,128.9761617107062,normalized,2005,,,,,2026-08-13T11:43:04.842Z,2026-08-13T11:43:04.842Z
4009,26380-1581,,다대영동비치타워,다대영동비치타워,부산,사하구,26380,다대동,10600,820-1,,,35.05619153347466,128.9720251595596,normalized,2005,,,,,2026-08-13T11:39:14.433Z,2026-08-13T11:39:14.433Z
4107,26380-1589,,(503-12),(503-12),부산,사하구,26380,하단동,10300,503-12,,,35.10884889799729,128.9610841050132,normalized,1985,,,,,2026-08-13T11:41:42.015Z,2026-08-13T11:41:42.015Z
4210,26380-1669,,그린시티,그린시티,부산,사하구,26380,하단동,10300,870-30,,,35.1058656568937,128.9607691665018,normalized,2011,,,,,2026-08-13T11:44:17.121Z,2026-08-13T11:44:17.121Z
4161,26380-1738,,(888-1),(888-1),부산,사하구,26380,하단동,10300,888-1,,,35.10770777136405,128.9589248667373,normalized,2012,,,,,2026-08-13T11:43:03.327Z,2026-08-13T11:43:03.327Z
4017,26380-177,,하단한신원룸,하단한신원룸,부산,사하구,26380,하단동,10300,717-2,,,35.10981137663733,128.968087536772,normalized,1998,,,,,2026-08-13T11:39:26.456Z,2026-08-13T11:39:26.456Z
4212,26380-1772,,더웰리스,더웰리스,부산,사하구,26380,감천동,10800,589,,,35.09299647089593,128.9968280260016,normalized,2013,,,,,2026-08-13T11:44:20.151Z,2026-08-13T11:44:20.151Z
4179,26380-1808,,아람,아람,부산,사하구,26380,괴정동,10100,891-8,,,35.0990997112547,128.991159803244,normalized,2013,,,,,2026-08-13T11:43:30.425Z,2026-08-13T11:43:30.425Z
4119,26380-181,,보해이브빌,보해이브빌,부산,사하구,26380,하단동,10300,511-4,,,35.1083275350162,128.966674446089,normalized,2002,,,,,2026-08-13T11:42:00.113Z,2026-08-13T11:42:00.113Z
3941,26380-1811,,정원포트빌,정원포트빌,부산,사하구,26380,다대동,10600,1125,,,35.0579019921416,128.97296719746,normalized,2013,,,,,2026-08-13T11:37:31.998Z,2026-08-13T11:37:31.998Z
4134,26380-183,,선경아트빌,선경아트빌,부산,사하구,26380,하단동,10300,522-24,,,35.10719643207529,128.9614546511117,normalized,2002,,,,,2026-08-13T11:42:22.675Z,2026-08-13T11:42:22.675Z
4193,26380-1858,,예그린숲,예그린숲,부산,사하구,26380,괴정동,10100,882-6,,,35.09827513550696,128.9929687400493,normalized,2015,,,,,2026-08-13T11:43:51.529Z,2026-08-13T11:43:51.529Z
4214,26380-1864,,리버포레(B동),리버포레(B동),부산,사하구,26380,하단동,10300,870-35,,,35.10353365131542,128.9601397792171,normalized,2015,,,,,2026-08-13T11:44:23.158Z,2026-08-13T11:44:23.158Z
4180,26380-187,,하단센토빌,하단센토빌,부산,사하구,26380,하단동,10300,595-40,,,35.10539522731059,128.9632746410379,normalized,2002,,,,,2026-08-13T11:43:31.922Z,2026-08-13T11:43:31.922Z
4016,26380-1875,,지원시티파크,지원시티파크,부산,사하구,26380,장림동,10500,333-2,,,35.08029962162929,128.9708403221867,normalized,2015,,,,,2026-08-13T11:39:25.006Z,2026-08-13T11:39:25.006Z
3975,26380-1881,,경성스마트더블유,경성스마트더블유,부산,사하구,26380,괴정동,10100,258,,,35.10198643414991,128.9966777739005,normalized,2015,,,,,2026-08-13T11:38:23.233Z,2026-08-13T11:38:23.233Z
4204,26380-1887,,한영리더스,한영리더스,부산,사하구,26380,다대동,10600,1119,,,35.05822422883505,128.9726034125355,normalized,2015,,,,,2026-08-13T11:44:08.078Z,2026-08-13T11:44:08.078Z
4197,26380-1909,,퍼스트클래스,퍼스트클래스,부산,사하구,26380,괴정동,10100,207-10,,,35.10497437096796,129.0022720817255,normalized,2016,,,,,2026-08-13T11:43:57.556Z,2026-08-13T11:43:57.556Z
4189,26380-192,,세양리버빌라트,세양리버빌라트,부산,사하구,26380,하단동,10300,888-5,,,35.10693997576165,128.9588681056677,normalized,2002,,,,,2026-08-13T11:43:45.472Z,2026-08-13T11:43:45.472Z
4150,26380-1934,,에코펠리스,에코펠리스,부산,사하구,26380,괴정동,10100,268-6,,,35.1012668897159,128.9968115467683,normalized,2016,,,,,2026-08-13T11:42:46.759Z,2026-08-13T11:42:46.759Z
4098,26380-1949,,괴정웰메이드홈,괴정웰메이드홈,부산,사하구,26380,괴정동,10100,554-1,,,35.09791652018539,128.9870377357684,normalized,2017,,,,,2026-08-13T11:41:28.467Z,2026-08-13T11:41:28.467Z
4090,26380-195,,선경쉐르빌,선경쉐르빌,부산,사하구,26380,하단동,10300,870-22,,,35.10852280517313,128.9595157385025,normalized,2002,,,,,2026-08-13T11:41:16.427Z,2026-08-13T11:41:16.427Z
4192,26380-1953,,더휴,더휴,부산,사하구,26380,하단동,10300,497-36,,,35.11154943159809,128.9653316529419,normalized,2017,,,,,2026-08-13T11:43:49.995Z,2026-08-13T11:43:49.995Z
4083,26380-1954,,리뷰캐슬아파트,리뷰캐슬,부산,사하구,26380,괴정동,10100,1282,,,35.09907815928855,129.0008405294557,normalized,2017,,,,,2026-08-13T11:41:05.894Z,2026-08-13T11:41:05.894Z
3989,26380-1955,,IDS아델하임,IDS아델하임,부산,사하구,26380,괴정동,10100,955-4,,,35.09792736642652,128.9942782830592,normalized,2017,,,,,2026-08-13T11:38:44.367Z,2026-08-13T11:38:44.367Z
4084,26380-1956,,우성로얄캐슬,우성로얄캐슬,부산,사하구,26380,다대동,10600,857-2,,,35.05777958858997,128.9725696989266,normalized,2017,,,,,2026-08-13T11:41:07.489Z,2026-08-13T11:41:07.489Z
4178,26380-196,,청호,청호,부산,사하구,26380,하단동,10300,596-19,,,35.1059079336954,128.967169000117,normalized,2002,,,,,2026-08-13T11:43:28.923Z,2026-08-13T11:43:28.923Z
3997,26380-1960,,아람센트럴시티,아람센트럴시티,부산,사하구,26380,하단동,10300,618-6,,,35.10495861728319,128.9688009725604,normalized,2017,,,,,2026-08-13T11:38:56.366Z,2026-08-13T11:38:56.366Z
4010,26380-1961,,헤를리치,헤를리치,부산,사하구,26380,하단동,10300,887-7,,,35.10797337420618,128.958995927304,normalized,2017,,,,,2026-08-13T11:39:15.920Z,2026-08-13T11:39:15.920Z
4151,26380-1963,,경성스마트더블유아파트2차,경성스마트더블유아파트2차,부산,사하구,26380,괴정동,10100,263-1,,,35.10181463964047,128.9958917322315,normalized,2017,,,,,2026-08-13T11:42:48.255Z,2026-08-13T11:42:48.255Z
4115,26380-1970,,오현리버뷰,오현리버뷰,부산,사하구,26380,하단동,10300,888-4,,,35.10743838503372,128.9589206117032,normalized,2017,,,,,2026-08-13T11:41:54.082Z,2026-08-13T11:41:54.082Z
4135,26380-1976,,영원베네스트아파트,영원베네스트,부산,사하구,26380,괴정동,10100,932-3,,,35.10001851264872,128.9909650370329,normalized,2017,,,,,2026-08-13T11:42:24.173Z,2026-08-13T11:42:24.173Z
4095,26380-1978,,재성힐링파크2차,재성힐링파크2차,부산,사하구,26380,다대동,10600,208,,,35.05808913405043,128.9747022602973,normalized,2017,,,,,2026-08-13T11:41:23.966Z,2026-08-13T11:41:23.966Z
4081,26380-1989,,하단동한웅드리머스,하단동한웅드리머스,부산,사하구,26380,하단동,10300,616-9,,,35.10452354845305,128.9660127986796,normalized,2018,,,,,2026-08-13T11:41:02.898Z,2026-08-13T11:41:02.898Z
4141,26380-1991,,일성아이앤유,일성아이앤유,부산,사하구,26380,당리동,10200,345-8,,,35.10337775135415,128.9791586298757,normalized,2018,,,,,2026-08-13T11:42:33.191Z,2026-08-13T11:42:33.191Z
4133,26380-1999,,더블루원허브,더블루원허브,부산,사하구,26380,하단동,10300,522-6,,,35.1066877643314,128.961367888227,normalized,2018,,,,,2026-08-13T11:42:21.175Z,2026-08-13T11:42:21.175Z
4057,26380-20,,미광,미광,부산,사하구,26380,괴정동,10100,1100-3,,,35.10149959428162,128.9815355277181,normalized,1983,,,,,2026-08-13T11:40:27.552Z,2026-08-13T11:40:27.552Z
4029,26380-2002,,괴정어반푸르지오,괴정어반푸르지오,부산,사하구,26380,괴정동,10100,950-2,,,35.09863068590631,128.99343245314,normalized,2019,,,,,2026-08-13T11:39:44.527Z,2026-08-13T11:39:44.527Z
4169,26380-2006,,에스제이파베르,에스제이파베르,부산,사하구,26380,당리동,10200,317-7,,,35.1046476690648,128.974287502519,normalized,2019,,,,,2026-08-13T11:43:15.372Z,2026-08-13T11:43:15.372Z
4118,26380-2009,,유성해네스타워,유성해네스타워,부산,사하구,26380,괴정동,10100,890-4,,,35.0988027286832,128.99124468776,normalized,2019,,,,,2026-08-13T11:41:58.592Z,2026-08-13T11:41:58.592Z
4183,26380-2018,,태린비주펠리스,태린비주펠리스,부산,사하구,26380,감천동,10800,547-5,,,35.0898771905508,129.005524288883,normalized,2019,,,,,2026-08-13T11:43:36.438Z,2026-08-13T11:43:36.438Z
4185,26380-2019,,대림SM,대림SM,부산,사하구,26380,당리동,10200,317-106,,,35.1043870093201,128.974190196632,normalized,2019,,,,,2026-08-13T11:43:39.447Z,2026-08-13T11:43:39.447Z
4060,26380-2020,,대티역스마트더블유인공지능,대티역스마트더블유인공지능,부산,사하구,26380,괴정동,10100,322-1,,,35.10277780337346,129.0006041845924,normalized,2019,,,,,2026-08-13T11:40:33.304Z,2026-08-13T11:40:33.304Z
3972,26380-203,,청솔맨션,청솔맨션,부산,사하구,26380,신평동,10400,14-1,,,35.09453593724575,128.9767464483834,normalized,1984,,,,,2026-08-13T11:38:18.717Z,2026-08-13T11:38:18.717Z
4147,26380-2067,,헤리츠리더스하단,헤리츠리더스하단,부산,사하구,26380,하단동,10300,618-1,,,35.10523976033123,128.9685807358782,normalized,2021,,,,,2026-08-13T11:42:42.233Z,2026-08-13T11:42:42.233Z
4065,26380-209,,국제그레이트,국제그레이트,부산,사하구,26380,장림동,10500,328-1,,,35.0820968856173,128.968381791237,normalized,1998,,,,,2026-08-13T11:40:39.977Z,2026-08-13T11:40:39.977Z
3934,26380-211,,극동정림,극동정림,부산,사하구,26380,장림동,10500,426,,,35.07250571260474,128.9778941963628,normalized,1995,,,,,2026-08-13T11:37:21.526Z,2026-08-13T11:37:21.526Z
4080,26380-212,,장림대동맨션,장림대동맨션,부산,사하구,26380,장림동,10500,307,,,35.07669268887685,128.9775041582423,normalized,1993,,,,,2026-08-13T11:41:01.393Z,2026-08-13T11:41:01.393Z
4014,26380-215,,동해,동해,부산,사하구,26380,장림동,10500,187-5,,,35.0802687526238,128.9779369045945,normalized,1982,,,,,2026-08-13T11:39:21.949Z,2026-08-13T11:39:21.949Z
4023,26380-224,,장림,장림,부산,사하구,26380,장림동,10500,223,,,35.08022812725205,128.9676966582252,normalized,1978,,,,,2026-08-13T11:39:35.482Z,2026-08-13T11:39:35.482Z
4199,26380-226,,평생골드타운,평생골드타운,부산,사하구,26380,장림동,10500,850,,,35.0791742135994,128.96566736534,normalized,1996,,,,,2026-08-13T11:44:00.532Z,2026-08-13T11:44:00.532Z
4120,26380-26,,삼부,삼부,부산,사하구,26380,괴정동,10100,386-13,,,35.1005570944119,128.999087113491,normalized,1980,,,,,2026-08-13T11:42:01.625Z,2026-08-13T11:42:01.625Z
4140,26380-264,,남성타워,남성타워,부산,사하구,26380,감천동,10800,315-2,,,35.08027072439787,129.0111190567571,normalized,1994,,,,,2026-08-13T11:42:31.721Z,2026-08-13T11:42:31.721Z
4013,26380-268,,감천백산,감천백산,부산,사하구,26380,감천동,10800,682,,,35.09087738748988,128.9959770605699,normalized,1995,,,,,2026-08-13T11:39:20.438Z,2026-08-13T11:39:20.438Z
3999,26380-269,,삼정동백,삼정동백,부산,사하구,26380,감천동,10800,578-1,,,35.09223811005408,128.9961450912095,normalized,1985,,,,,2026-08-13T11:38:59.366Z,2026-08-13T11:38:59.366Z
3944,26380-27,,삼익,삼익,부산,사하구,26380,괴정동,10100,550-12,,,35.09905665471199,128.9854896959003,normalized,1978,,,,,2026-08-13T11:37:36.530Z,2026-08-13T11:37:36.530Z
4167,26380-271,,신도,신도,부산,사하구,26380,감천동,10800,296-44,,,35.08214535612553,129.0106739404997,normalized,1995,,,,,2026-08-13T11:43:12.372Z,2026-08-13T11:43:12.372Z
4194,26380-273,,우림,우림,부산,사하구,26380,감천동,10800,365,,,35.0798313025992,129.010771714841,normalized,1979,,,,,2026-08-13T11:43:53.012Z,2026-08-13T11:43:53.012Z
4053,26380-278,,감천현대,감천현대,부산,사하구,26380,감천동,10800,682-1,,,35.09045158909395,128.9964962491733,normalized,1994,,,,,2026-08-13T11:40:21.996Z,2026-08-13T11:40:21.996Z
4101,26380-285,,강진노블레스,강진노블레스,부산,사하구,26380,괴정동,10100,772-29,,,35.10080776019695,128.9864181852863,normalized,2004,,,,,2026-08-13T11:41:32.991Z,2026-08-13T11:41:32.991Z
4130,26380-286,,신화프라자,신화프라자,부산,사하구,26380,괴정동,10100,998,,,35.10056021618692,128.9927140502367,normalized,2003,,,,,2026-08-13T11:42:16.662Z,2026-08-13T11:42:16.662Z
3993,26380-287,,리치하우스,리치하우스,부산,사하구,26380,당리동,10200,325-2,,,35.10309143330981,128.9736720622799,normalized,2003,,,,,2026-08-13T11:38:50.381Z,2026-08-13T11:38:50.381Z
4091,26380-291,,티파니빌라트,티파니빌라트,부산,사하구,26380,하단동,10300,888-11,,,35.10721715357246,128.9588363576003,normalized,2003,,,,,2026-08-13T11:41:17.916Z,2026-08-13T11:41:17.916Z
4086,26380-294,,남도그린빌라,남도그린빌라,부산,사하구,26380,괴정동,10100,34-2,,,35.10493721098327,129.0065347736669,normalized,1992,,,,,2026-08-13T11:41:10.416Z,2026-08-13T11:41:10.416Z
4075,26380-300,,현대캐스빌,현대캐스빌,부산,사하구,26380,괴정동,10100,352-25,,,35.10133377171289,129.00400659739,normalized,2003,,,,,2026-08-13T11:40:53.871Z,2026-08-13T11:40:53.871Z
4106,26380-304,,한아루시빌,한아루시빌,부산,사하구,26380,괴정동,10100,577-2,,,35.10018138858882,128.9825135367034,normalized,2004,,,,,2026-08-13T11:41:40.528Z,2026-08-13T11:41:40.528Z
4034,26380-307,,새보람더존빌,새보람더존빌,부산,사하구,26380,괴정동,10100,940,,,35.0991978685387,128.991986782221,normalized,2004,,,,,2026-08-13T11:39:52.053Z,2026-08-13T11:39:52.053Z
3974,26380-318,,영동힐타운,영동힐타운,부산,사하구,26380,하단동,10300,510-4,,,35.10929936902294,128.9667636026866,normalized,2004,,,,,2026-08-13T11:38:21.705Z,2026-08-13T11:38:21.705Z
4132,26380-320,,한울엠비시어스,한울엠비시어스,부산,사하구,26380,하단동,10300,529-14,,,35.10751616548391,128.968247280305,normalized,2004,,,,,2026-08-13T11:42:19.655Z,2026-08-13T11:42:19.655Z
4181,26380-322,,충우드림라이프,충우드림라이프,부산,사하구,26380,하단동,10300,589-34,,,35.10569289835866,128.9668699362699,normalized,2004,,,,,2026-08-13T11:43:33.459Z,2026-08-13T11:43:33.459Z
4005,26380-323,,청호2차,청호2차,부산,사하구,26380,하단동,10300,590-3,,,35.10515195302718,128.965773478792,normalized,2004,,,,,2026-08-13T11:39:08.424Z,2026-08-13T11:39:08.424Z
4206,26380-329,,프론티어빌,프론티어빌,부산,사하구,26380,하단동,10300,870-76,,,35.10698738444088,128.9598375761101,normalized,2003,,,,,2026-08-13T11:44:11.093Z,2026-08-13T11:44:11.093Z
4216,26380-330,,한주,한주,부산,사하구,26380,하단동,10300,870-90,,,35.10591905741248,128.9609777086164,normalized,2003,,,,,2026-08-13T11:44:26.186Z,2026-08-13T11:44:26.186Z
4155,26380-332,,나산리츠,나산리츠,부산,사하구,26380,하단동,10300,870-95,,,35.10586466783205,128.9604960825478,normalized,2003,,,,,2026-08-13T11:42:54.289Z,2026-08-13T11:42:54.289Z
4164,26380-339,,성경센스빌,성경센스빌,부산,사하구,26380,장림동,10500,193-6,,,35.08027531729152,128.9768714782618,normalized,2004,,,,,2026-08-13T11:43:07.841Z,2026-08-13T11:43:07.841Z
4078,26380-39,,신대우빌라트,신대우빌라트,부산,사하구,26380,괴정동,10100,1063-132,,,35.1047518880673,128.989845398135,normalized,1995,,,,,2026-08-13T11:40:58.379Z,2026-08-13T11:40:58.379Z
4137,26380-40,,신동양,신동양,부산,사하구,26380,괴정동,10100,547-1,,,35.09843467620717,128.9875338788855,normalized,1979,,,,,2026-08-13T11:42:27.202Z,2026-08-13T11:42:27.202Z
4143,26380-5,,금일아트빌,금일아트빌,부산,사하구,26380,괴정동,10100,764,,,35.09975851430801,128.9863795651216,normalized,2000,,,,,2026-08-13T11:42:36.216Z,2026-08-13T11:42:36.216Z
4125,26380-514,,천아하늘정원,천아하늘정원,부산,사하구,26380,괴정동,10100,1019-1,,,35.10105323968602,128.9949005221613,normalized,2005,,,,,2026-08-13T11:42:09.137Z,2026-08-13T11:42:09.137Z
4157,26380-521,,화천승학,화천승학,부산,사하구,26380,당리동,10200,306-16,,,35.10596543619884,128.9718376263935,normalized,1983,,,,,2026-08-13T11:42:57.315Z,2026-08-13T11:42:57.315Z
4144,26380-524,,동조신현트레빌,동조신현트레빌,부산,사하구,26380,괴정동,10100,484-22,,,35.09658288542261,128.9931775448458,normalized,2003,,,,,2026-08-13T11:42:37.732Z,2026-08-13T11:42:37.732Z
4171,26380-526,,정우아트빌,정우아트빌,부산,사하구,26380,괴정동,10100,566-58,,,35.0976410119827,128.9830605795628,normalized,2001,,,,,2026-08-13T11:43:18.414Z,2026-08-13T11:43:18.414Z
4156,26380-529,,금일아트빌라,금일아트빌라,부산,사하구,26380,괴정동,10100,886-2,,,35.09834705888788,128.9916634396967,normalized,2001,,,,,2026-08-13T11:42:55.820Z,2026-08-13T11:42:55.820Z
4114,26380-54,,진흥,진흥,부산,사하구,26380,괴정동,10100,656-7,,,35.1013125313119,128.997104344689,normalized,1983,,,,,2026-08-13T11:41:52.562Z,2026-08-13T11:41:52.562Z
4166,26380-56,,로즈빌라,로즈빌라,부산,사하구,26380,괴정동,10100,352-104,,,35.1014329871041,129.0045463399998,normalized,1996,,,,,2026-08-13T11:43:10.874Z,2026-08-13T11:43:10.874Z
4035,26380-58,,태화,태화,부산,사하구,26380,괴정동,10100,568-6,,,35.1029561053577,129.000175393838,normalized,1975,,,,,2026-08-13T11:39:53.557Z,2026-08-13T11:39:53.557Z
4059,26380-59,,하이츠빌리지,하이츠빌리지,부산,사하구,26380,괴정동,10100,352-33,,,35.10115296055085,129.0045318064698,normalized,1992,,,,,2026-08-13T11:40:30.724Z,2026-08-13T11:40:30.724Z
4113,26380-6,,금호,금호,부산,사하구,26380,괴정동,10100,1228,,,35.09876786274525,128.9777433994344,normalized,1984,,,,,2026-08-13T11:41:51.113Z,2026-08-13T11:41:51.113Z
4011,26380-71,,투윈빌리지,투윈빌리지,부산,사하구,26380,괴정동,10100,486-3,,,35.09663423330077,128.9914244004152,normalized,2002,,,,,2026-08-13T11:39:17.451Z,2026-08-13T11:39:17.451Z
4159,26380-75,,나산리츠빌라,나산리츠빌라,부산,사하구,26380,괴정동,10100,586-7,,,35.09877044547583,128.9806755782654,normalized,2002,,,,,2026-08-13T11:43:00.343Z,2026-08-13T11:43:00.343Z
4200,26380-78,,화목하이츠빌,화목하이츠빌,부산,사하구,26380,괴정동,10100,906-1,,,35.0997103136885,128.990196543486,normalized,2002,,,,,2026-08-13T11:44:02.080Z,2026-08-13T11:44:02.080Z
4128,26380-86,,대동아람아파트,대동아람,부산,사하구,26380,당리동,10200,345-12,,,35.10335257219158,128.9797622419011,normalized,1981,,,,,2026-08-13T11:42:13.640Z,2026-08-13T11:42:13.640Z
4182,26380-87,,대암가든,대암가든,부산,사하구,26380,당리동,10200,354-2,,,35.10571958721075,128.983203671162,normalized,1984,,,,,2026-08-13T11:43:34.930Z,2026-08-13T11:43:34.930Z
4067,26380-9,,삼성타워,삼성타워,부산,사하구,26380,괴정동,10100,188-9,,,35.10585115172402,129.0053827043281,normalized,1995,,,,,2026-08-13T11:40:42.738Z,2026-08-13T11:40:42.738Z
4038,26380-93,,부원,부원,부산,사하구,26380,당리동,10200,325-8,,,35.1027297295063,128.974632719312,normalized,1982,,,,,2026-08-13T11:39:58.055Z,2026-08-13T11:39:58.055Z
3482,26410-121,,남산삼전빌라,남산삼전빌라,부산,금정구,26410,남산동,10400,481-3,,,35.2663423076469,129.088746708192,normalized,1993,,,,,2026-08-13T11:21:48.319Z,2026-08-13T11:21:48.319Z
3532,26410-133,,왕신하이츠빌라,왕신하이츠빌라,부산,금정구,26410,남산동,10400,35-9,,,35.26160109938317,129.0931944605802,normalized,1993,,,,,2026-08-13T11:23:03.755Z,2026-08-13T11:23:03.755Z
3516,26410-140,,태인빌라,태인빌라,부산,금정구,26410,남산동,10400,335-2,,,35.26814703612084,129.0888139253191,normalized,1992,,,,,2026-08-13T11:22:39.570Z,2026-08-13T11:22:39.570Z
3501,26410-152,,고려,고려,부산,금정구,26410,구서동,10700,258-10,,,35.2482424645464,129.0891335342029,normalized,1982,,,,,2026-08-13T11:22:16.944Z,2026-08-13T11:22:16.944Z
3468,26410-154,,금화,금화,부산,금정구,26410,구서동,10700,194-4,,,35.25424172810362,129.0896874079461,normalized,1981,,,,,2026-08-13T11:21:27.236Z,2026-08-13T11:21:27.236Z
3493,26410-155,,남영하이빌,남영하이빌,부산,금정구,26410,구서동,10700,420-23,,,35.24326783025524,129.091237928985,normalized,2002,,,,,2026-08-13T11:22:04.891Z,2026-08-13T11:22:04.891Z
3458,26410-16,,금정,금정,부산,금정구,26410,부곡동,10900,896-4,,,35.24277720200357,129.0920952924967,normalized,1977,,,,,2026-08-13T11:21:12.061Z,2026-08-13T11:21:12.061Z
3375,26410-161,,부영벽산,부영벽산,부산,금정구,26410,구서동,10700,166-1,,,35.257363465035,129.0890512557361,normalized,1993,,,,,2026-08-13T11:19:06.884Z,2026-08-13T11:19:06.884Z
3491,26410-175,,신일,신일,부산,금정구,26410,구서동,10700,472-2,,,35.24386032130364,129.086515506893,normalized,1979,,,,,2026-08-13T11:22:01.892Z,2026-08-13T11:22:01.892Z
3459,26410-182,,일신크리스탈빌라,일신크리스탈빌라,부산,금정구,26410,구서동,10700,1007-7,,,35.26178537270462,129.0851347573255,normalized,1993,,,,,2026-08-13T11:21:13.565Z,2026-08-13T11:21:13.565Z
3451,26410-187,,진흥목화,진흥목화,부산,금정구,26410,구서동,10700,201-7,,,35.2538697829686,129.090143660508,normalized,2001,,,,,2026-08-13T11:21:01.481Z,2026-08-13T11:21:01.481Z
3374,26410-1892,,삼흥펠리스빌,삼흥펠리스빌,부산,금정구,26410,구서동,10700,415-4,,,35.2461873573166,129.090205646519,normalized,2005,,,,,2026-08-13T11:19:05.373Z,2026-08-13T11:19:05.373Z
3504,26410-1895,,화신,화신,부산,금정구,26410,장전동,10800,204-9,,,35.2392735859446,129.08708447194,normalized,2005,,,,,2026-08-13T11:22:21.466Z,2026-08-13T11:22:21.466Z
3410,26410-1904,,우남이채롬,우남이채롬,부산,금정구,26410,장전동,10800,205-2,,,35.23935096528829,129.0876136849138,normalized,2005,,,,,2026-08-13T11:19:59.660Z,2026-08-13T11:19:59.660Z
3427,26410-1906,,해성비발디,해성비발디,부산,금정구,26410,남산동,10400,84-4,,,35.26940534066808,129.090569157717,normalized,2006,,,,,2026-08-13T11:20:25.401Z,2026-08-13T11:20:25.401Z
3323,26410-1908,,명승명가,명승명가,부산,금정구,26410,구서동,10700,162-1,,,35.26021719591373,129.0905747727518,normalized,2006,,,,,2026-08-13T11:17:48.468Z,2026-08-13T11:17:48.468Z
3377,26410-1912,,우남이채롬,우남이채롬,부산,금정구,26410,남산동,10400,9,,,35.25944543702006,129.0922644687892,normalized,2006,,,,,2026-08-13T11:19:09.904Z,2026-08-13T11:19:09.904Z
3446,26410-1927,,해피투모로우,해피투모로우,부산,금정구,26410,부곡동,10900,269-3,,,35.22905886801807,129.0912201542987,normalized,2009,,,,,2026-08-13T11:20:53.928Z,2026-08-13T11:20:53.928Z
3520,26410-1931,,한진스카이,한진스카이,부산,금정구,26410,구서동,10700,415-8,,,35.2455885754559,129.090647240413,normalized,2010,,,,,2026-08-13T11:22:45.584Z,2026-08-13T11:22:45.584Z
3417,26410-194,,한진아파트,한진,부산,금정구,26410,구서동,10700,265-1,,,35.25332181803311,129.0930661008769,normalized,1992,,,,,2026-08-13T11:20:10.217Z,2026-08-13T11:20:10.217Z
3358,26410-200,,궁전쉐르빌,궁전쉐르빌,부산,금정구,26410,구서동,10700,184-35,,,35.25538571212149,129.0910702708072,normalized,2002,,,,,2026-08-13T11:18:41.249Z,2026-08-13T11:18:41.249Z
3371,26410-204,,그린빌,그린빌,부산,금정구,26410,구서동,10700,445-20,,,35.24432897420126,129.0905314123209,normalized,2002,,,,,2026-08-13T11:19:00.900Z,2026-08-13T11:19:00.900Z
3478,26410-205,,멤버스빌라트,멤버스빌라트,부산,금정구,26410,구서동,10700,458-12,,,35.24510283161584,129.088457594359,normalized,2002,,,,,2026-08-13T11:21:42.286Z,2026-08-13T11:21:42.286Z
3514,26410-2084,,남산하이시티,남산하이시티,부산,금정구,26410,남산동,10400,988-9,,,35.26560224080859,129.0868807078356,normalized,2012,,,,,2026-08-13T11:22:36.581Z,2026-08-13T11:22:36.581Z
3524,26410-209,,조광,조광,부산,금정구,26410,구서동,10700,466-21,,,35.24261483134291,129.0897064102929,normalized,2002,,,,,2026-08-13T11:22:51.627Z,2026-08-13T11:22:51.627Z
3357,26410-2128,,구서 협성 엠파이어,구서협성엠파이어,부산,금정구,26410,구서동,10700,183-2,,,35.25550367985858,129.0919609808757,normalized,2013,,,,,2026-08-13T11:18:39.799Z,2026-08-13T11:18:39.799Z
3453,26410-213,,구서건흥,구서건흥,부산,금정구,26410,구서동,10700,84-2,,,35.246309192695,129.0917071128995,normalized,2001,,,,,2026-08-13T11:21:04.504Z,2026-08-13T11:21:04.504Z
3435,26410-2134,,금성타운,금성타운,부산,금정구,26410,회동동,11200,551,,,35.22511911488473,129.1163029338031,normalized,2012,,,,,2026-08-13T11:20:37.371Z,2026-08-13T11:20:37.371Z
3360,26410-2137,,부산대역삼정그린코아스카이동,부산대역삼정그린코아스카이동,부산,금정구,26410,부곡동,10900,297-1,,,35.22866483559086,129.090972817224,normalized,2013,,,,,2026-08-13T11:18:44.278Z,2026-08-13T11:18:44.278Z
3401,26410-2138,,부산대역삼정그린코아마운틴동,부산대역삼정그린코아마운틴동,부산,금정구,26410,부곡동,10900,297-13,,,35.22842028818902,129.0908358489811,normalized,2013,,,,,2026-08-13T11:19:46.086Z,2026-08-13T11:19:46.086Z
3495,26410-2142,,청룡예뜨랑1,청룡예뜨랑1,부산,금정구,26410,청룡동,10300,17-21,,,35.2735823920477,129.092221517625,normalized,2013,,,,,2026-08-13T11:22:07.941Z,2026-08-13T11:22:07.941Z
3473,26410-2182,,청룡동협성엠파이어,청룡동협성엠파이어,부산,금정구,26410,청룡동,10300,8-1,,,35.27343113694161,129.0930989080359,normalized,2013,,,,,2026-08-13T11:21:34.759Z,2026-08-13T11:21:34.759Z
3350,26410-2190,,구서동피닉스빌,구서동피닉스빌,부산,금정구,26410,구서동,10700,175-2,,,35.2578431682777,129.0905467406744,normalized,2013,,,,,2026-08-13T11:18:29.359Z,2026-08-13T11:18:29.359Z
3392,26410-220,,동산오챠드힐,동산오챠드힐,부산,금정구,26410,청룡동,10300,33-4,,,35.27444933940605,129.0907076022529,normalized,2002,,,,,2026-08-13T11:19:32.513Z,2026-08-13T11:19:32.513Z
3517,26410-222,,남산그린,남산그린,부산,금정구,26410,청룡동,10300,50-7,,,35.27359833971114,129.0887967889235,normalized,2001,,,,,2026-08-13T11:22:41.127Z,2026-08-13T11:22:41.127Z
3356,26410-2220,,남산동신화하니엘,남산동신화하니엘,부산,금정구,26410,남산동,10400,23-2,,,35.271815414604,129.093149628948,normalized,2014,,,,,2026-08-13T11:18:38.246Z,2026-08-13T11:18:38.246Z
3312,26410-2231,,세왕자이연,세왕자이연,부산,금정구,26410,청룡동,10300,28-12,,,35.2742402096702,129.092170310998,normalized,2014,,,,,2026-08-13T11:17:31.840Z,2026-08-13T11:17:31.840Z
3536,26410-224,,네오밸리스,네오밸리스,부산,금정구,26410,청룡동,10300,142-10,,,35.27661240458859,129.0868280566069,normalized,2003,,,,,2026-08-13T11:23:09.751Z,2026-08-13T11:23:09.751Z
3484,26410-2254,,골든팰리스,골든팰리스,부산,금정구,26410,장전동,10800,653-12,,,35.22299343820302,129.0846807854542,normalized,2014,,,,,2026-08-13T11:21:51.342Z,2026-08-13T11:21:51.342Z
3336,26410-2259,,삼한골든뷰,삼한골든뷰,부산,금정구,26410,구서동,10700,162-4,,,35.26009184354481,129.0909451015664,normalized,2014,,,,,2026-08-13T11:18:08.074Z,2026-08-13T11:18:08.074Z
3419,26410-2267,,온천장역삼정그린코아,온천장역삼정그린코아,부산,금정구,26410,장전동,10800,652-45,,,35.22299972481121,129.0851004492015,normalized,2014,,,,,2026-08-13T11:20:13.231Z,2026-08-13T11:20:13.231Z
3515,26410-227,,석산3차,석산3차,부산,금정구,26410,남산동,10400,17-3,,,35.2734397324884,129.08968388732,normalized,1990,,,,,2026-08-13T11:22:38.064Z,2026-08-13T11:22:38.064Z
3503,26410-2284,,우일아내트,우일아내트,부산,금정구,26410,남산동,10400,48-5,,,35.27035185035043,129.0919582111308,normalized,2015,,,,,2026-08-13T11:22:20.159Z,2026-08-13T11:22:20.159Z
3423,26410-229,,우남카사벨라,우남카사벨라,부산,금정구,26410,남산동,10400,48-3,,,35.27053279352953,129.0922815214372,normalized,2003,,,,,2026-08-13T11:20:19.295Z,2026-08-13T11:20:19.295Z
3394,26410-2297,,지성캐슬,지성캐슬,부산,금정구,26410,남산동,10400,48-1,,,35.27072773638063,129.0918997520126,normalized,2015,,,,,2026-08-13T11:19:35.580Z,2026-08-13T11:19:35.580Z
3502,26410-2300,,삼한사랑채,삼한사랑채,부산,금정구,26410,부곡동,10900,971,,,35.22347806733593,129.0943461914061,normalized,2015,,,,,2026-08-13T11:22:18.452Z,2026-08-13T11:22:18.452Z
3439,26410-231,,남산미네르빌,남산미네르빌,부산,금정구,26410,남산동,10400,51-5,,,35.27057789746224,129.0930079003469,normalized,2003,,,,,2026-08-13T11:20:43.377Z,2026-08-13T11:20:43.377Z
3404,26410-2312,,해뜰채,해뜰채,부산,금정구,26410,청룡동,10300,44-13,,,35.27575397332849,129.0897818145012,normalized,2015,,,,,2026-08-13T11:19:50.620Z,2026-08-13T11:19:50.620Z
3398,26410-2323,,백리명가에덴,백리명가에덴,부산,금정구,26410,장전동,10800,602-3,,,35.2236787101789,129.0839251963927,normalized,2015,,,,,2026-08-13T11:19:41.567Z,2026-08-13T11:19:41.567Z
3434,26410-233,,행복이가득한집,행복이가득한집,부산,금정구,26410,남산동,10400,104-1,,,35.26716168085388,129.0919135268117,normalized,2004,,,,,2026-08-13T11:20:35.846Z,2026-08-13T11:20:35.846Z
3499,26410-2345,,온천리젠시타워아파트,온천리젠시타워,부산,금정구,26410,부곡동,10900,396-2,,,35.21932772719903,129.0880164529578,normalized,2015,,,,,2026-08-13T11:22:13.941Z,2026-08-13T11:22:13.941Z
3540,26410-2370,,산들파르테,산들파르테,부산,금정구,26410,구서동,10700,201-9,,,35.25354374602442,129.0896639939301,normalized,2016,,,,,2026-08-13T11:23:15.768Z,2026-08-13T11:23:15.768Z
3365,26410-2375,,금광예다움,금광예다움,부산,금정구,26410,구서동,10700,162-6,,,35.25988722027418,129.0905838736355,normalized,2016,,,,,2026-08-13T11:18:51.812Z,2026-08-13T11:18:51.812Z
3387,26410-2378,,온천아이브,온천아이브,부산,금정구,26410,장전동,10800,576-8,,,35.22485689458838,129.0822278610226,normalized,2016,,,,,2026-08-13T11:19:24.976Z,2026-08-13T11:19:24.976Z
3490,26410-239,,정구팰리스,정구팰리스,부산,금정구,26410,남산동,10400,117-9,,,35.2650359562953,129.091649005536,normalized,1999,,,,,2026-08-13T11:22:00.370Z,2026-08-13T11:22:00.370Z
3513,26410-2393,,장전동SJ타워,장전동SJ타워,부산,금정구,26410,장전동,10800,605-1,,,35.2241955796204,129.085307860674,normalized,2017,,,,,2026-08-13T11:22:35.055Z,2026-08-13T11:22:35.055Z
3376,26410-2394,,드림아트온,드림아트온,부산,금정구,26410,장전동,10800,651-31,,,35.22288262332577,129.0859342607427,normalized,2017,,,,,2026-08-13T11:19:08.415Z,2026-08-13T11:19:08.415Z
3479,26410-2395,,우일아내트,우일아내트,부산,금정구,26410,서동,11000,177-2,,,35.216446001878,129.1030994783476,normalized,2017,,,,,2026-08-13T11:21:43.799Z,2026-08-13T11:21:43.799Z
3452,26410-2396,,다온미즈,다온미즈,부산,금정구,26410,서동,11000,207-4,,,35.21468417076979,129.1079733169597,normalized,2017,,,,,2026-08-13T11:21:02.995Z,2026-08-13T11:21:02.995Z
3541,26410-240,,태경그린빌,태경그린빌,부산,금정구,26410,남산동,10400,122-7,,,35.26473945711616,129.0910249907203,normalized,2003,,,,,2026-08-13T11:23:17.273Z,2026-08-13T11:23:17.273Z
3390,26410-2400,,골든팰리스-더파크,골든팰리스-더파크,부산,금정구,26410,청룡동,10300,45-7,,,35.27579587753367,129.0885037861793,normalized,2017,,,,,2026-08-13T11:19:29.471Z,2026-08-13T11:19:29.471Z
3445,26410-2401,,엘스퀘어,엘스퀘어,부산,금정구,26410,부곡동,10900,266-1,,,35.23072311645211,129.0920119041654,normalized,2017,,,,,2026-08-13T11:20:52.438Z,2026-08-13T11:20:52.438Z
3487,26410-2406,,지성캐슬,지성캐슬,부산,금정구,26410,청룡동,10300,30-7,,,35.2740775154975,129.091000231138,normalized,2017,,,,,2026-08-13T11:21:55.865Z,2026-08-13T11:21:55.865Z
3447,26410-2420,,부곡동프리미엄안단테아파트,부곡동프리미엄안단테,부산,금정구,26410,부곡동,10900,64-40,,,35.24184528769641,129.0917901502595,normalized,2017,,,,,2026-08-13T11:20:55.442Z,2026-08-13T11:20:55.442Z
3373,26410-2425,,(207-3),(207-3),부산,금정구,26410,서동,11000,207-3,,,35.215027662799,129.1080678495644,normalized,2017,,,,,2026-08-13T11:19:03.872Z,2026-08-13T11:19:03.872Z
3443,26410-2431,,산들마을,산들마을,부산,금정구,26410,구서동,10700,465-2,,,35.24357580389428,129.0897903907866,normalized,2017,,,,,2026-08-13T11:20:49.397Z,2026-08-13T11:20:49.397Z
3305,26410-2432,,금정산태진팰리스2차,금정산태진팰리스2차,부산,금정구,26410,장전동,10800,604-11,,,35.22326644810042,129.0840552193548,normalized,2017,,,,,2026-08-13T11:17:21.273Z,2026-08-13T11:17:21.273Z
3477,26410-2434,,태림아르페,태림아르페,부산,금정구,26410,청룡동,10300,45-8,,,35.2758027874312,129.088781982255,normalized,2017,,,,,2026-08-13T11:21:40.799Z,2026-08-13T11:21:40.799Z
3399,26410-2435,,남산누리마을,남산누리마을,부산,금정구,26410,남산동,10400,51-1,,,35.27075563570186,129.0930476361987,normalized,2017,,,,,2026-08-13T11:19:43.102Z,2026-08-13T11:19:43.102Z
3368,26410-2440,,꿈꾸는가,꿈꾸는가,부산,금정구,26410,구서동,10700,184-9,,,35.25538606251789,129.090528664497,normalized,2017,,,,,2026-08-13T11:18:56.345Z,2026-08-13T11:18:56.345Z
3506,26410-2446,,나경위너스,나경위너스,부산,금정구,26410,남산동,10400,21-8,,,35.27159004908862,129.0919043489859,normalized,2018,,,,,2026-08-13T11:22:24.486Z,2026-08-13T11:22:24.486Z
3505,26410-245,,해성체르니,해성체르니,부산,금정구,26410,남산동,10400,695-1,,,35.2733809309108,129.0871923708262,normalized,2003,,,,,2026-08-13T11:22:22.971Z,2026-08-13T11:22:22.971Z
3450,26410-2456,,대보드림채,대보드림채,부산,금정구,26410,구서동,10700,413-2,,,35.24651247634054,129.087973070926,normalized,2018,,,,,2026-08-13T11:20:59.986Z,2026-08-13T11:20:59.986Z
3465,26410-2457,,태진팰리스,태진팰리스,부산,금정구,26410,구서동,10700,86-52,,,35.24715458595896,129.0903447244227,normalized,2018,,,,,2026-08-13T11:21:22.699Z,2026-08-13T11:21:22.699Z
3462,26410-246,,해성체르니B동,해성체르니B동,부산,금정구,26410,남산동,10400,695-4,,,35.27339710505979,129.0869862010552,normalized,2003,,,,,2026-08-13T11:21:18.175Z,2026-08-13T11:21:18.175Z
3395,26410-2463,,파크아트온,파크아트온,부산,금정구,26410,장전동,10800,604-21,,,35.2239033677531,129.084694182585,normalized,2018,,,,,2026-08-13T11:19:37.056Z,2026-08-13T11:19:37.056Z
3428,26410-2464,,서동다성이룸,서동다성이룸,부산,금정구,26410,서동,11000,195-15,,,35.2151772383582,129.104029742489,normalized,2018,,,,,2026-08-13T11:20:26.793Z,2026-08-13T11:20:26.793Z
3391,26410-2469,,위클라우드16차,위클라우드16차,부산,금정구,26410,부곡동,10900,64-28,,,35.24227359881522,129.0910970576111,normalized,2018,,,,,2026-08-13T11:19:30.996Z,2026-08-13T11:19:30.996Z
3481,26410-2473,,산들파르테2차,산들파르테2차,부산,금정구,26410,구서동,10700,184-24,,,35.2549382687565,129.0905764866275,normalized,2018,,,,,2026-08-13T11:21:46.804Z,2026-08-13T11:21:46.804Z
3402,26410-2475,,트레비앙,트레비앙,부산,금정구,26410,서동,11000,203-14,,,35.2153010087537,129.106135734951,normalized,2018,,,,,2026-08-13T11:19:47.597Z,2026-08-13T11:19:47.597Z
3389,26410-2476,,태성캐슬,태성캐슬,부산,금정구,26410,구서동,10700,203-24,,,35.25387386532194,129.0882377097529,normalized,2018,,,,,2026-08-13T11:19:27.958Z,2026-08-13T11:19:27.958Z
3486,26410-2484,,보성오페라,보성오페라,부산,금정구,26410,구서동,10700,184-36,,,35.2551721030446,129.0910724726,normalized,2018,,,,,2026-08-13T11:21:54.377Z,2026-08-13T11:21:54.377Z
3466,26410-2487,,휴림아르페,휴림아르페,부산,금정구,26410,구서동,10700,444-2,,,35.2435071149036,129.09053227894,normalized,2019,,,,,2026-08-13T11:21:24.218Z,2026-08-13T11:21:24.218Z
3531,26410-249,,대명5차,대명5차,부산,금정구,26410,남산동,10400,958-7,,,35.27425663328913,129.0872566018927,normalized,2010,,,,,2026-08-13T11:23:02.233Z,2026-08-13T11:23:02.233Z
3528,26410-2492,,대성타워팰리스,대성타워팰리스,부산,금정구,26410,구서동,10700,175-10,,,35.2567863771755,129.090584411589,normalized,2019,,,,,2026-08-13T11:22:57.664Z,2026-08-13T11:22:57.664Z
3344,26410-2493,,허브팰리스장전,허브팰리스장전,부산,금정구,26410,장전동,10800,607-7,,,35.2236916372555,129.086417307463,normalized,2019,,,,,2026-08-13T11:18:20.161Z,2026-08-13T11:18:20.161Z
3316,26410-2499,,윤성리버티,윤성리버티,부산,금정구,26410,장전동,10800,604-12,,,35.2235748700291,129.08472201783,normalized,2019,,,,,2026-08-13T11:17:37.877Z,2026-08-13T11:17:37.877Z
3383,26410-2500,,구서백리명가에덴,구서백리명가에덴,부산,금정구,26410,구서동,10700,413-43,,,35.24618057846657,129.0883545216518,normalized,2019,,,,,2026-08-13T11:19:18.967Z,2026-08-13T11:19:18.967Z
3441,26410-2509,,스카이엘,스카이엘,부산,금정구,26410,구서동,10700,415-16,,,35.2447917095218,129.09066192863,normalized,2019,,,,,2026-08-13T11:20:46.405Z,2026-08-13T11:20:46.405Z
3409,26410-2552,,남평N-CITY,남평N-CITY,부산,금정구,26410,구서동,10700,162-10,,,35.2595195462811,129.090584315292,normalized,2022,,,,,2026-08-13T11:19:58.131Z,2026-08-13T11:19:58.131Z
3397,26410-2554,,금정더유엘프리미어,금정더유엘프리미어,부산,금정구,26410,청룡동,10300,45-2,,,35.27571104903479,129.0878323856309,normalized,2022,,,,,2026-08-13T11:19:40.052Z,2026-08-13T11:19:40.052Z
3457,26410-256,,학산코스모빌라,학산코스모빌라,부산,금정구,26410,남산동,10400,981-8,,,35.26812565999733,129.084830283057,normalized,1993,,,,,2026-08-13T11:21:10.549Z,2026-08-13T11:21:10.549Z
3529,26410-257,,남산그린파크,남산그린파크,부산,금정구,26410,남산동,10400,989-2,,,35.26686338606157,129.08486935253,normalized,1998,,,,,2026-08-13T11:22:59.197Z,2026-08-13T11:22:59.197Z
3351,26410-2577,,헤리티지우석,헤리티지우석,부산,금정구,26410,구서동,10700,465-4,,,35.2433257763057,129.089553299163,normalized,2023,,,,,2026-08-13T11:18:30.701Z,2026-08-13T11:18:30.701Z
3496,26410-260,,아름베스트빌6차,아름베스트빌6차,부산,금정구,26410,구서동,10700,86-17,,,35.24704288893218,129.0907592857743,normalized,2004,,,,,2026-08-13T11:22:09.452Z,2026-08-13T11:22:09.452Z
3437,26410-2601,,휴림아르페,휴림아르페,부산,금정구,26410,남산동,10400,120-8,,,35.27176942164302,129.0918496254849,normalized,2023,,,,,2026-08-13T11:20:40.359Z,2026-08-13T11:20:40.359Z
3507,26410-2606,,구서1차봄여름가을겨울,구서1차봄여름가을겨울,부산,금정구,26410,구서동,10700,86-73,,,35.2476894487441,129.090316715176,normalized,2023,,,,,2026-08-13T11:22:25.969Z,2026-08-13T11:22:25.969Z
3509,26410-263,,청아리치타운,청아리치타운,부산,금정구,26410,구서동,10700,162-8,,,35.2596925971793,129.090895290114,normalized,2003,,,,,2026-08-13T11:22:28.978Z,2026-08-13T11:22:28.978Z
3500,26410-266,,궁전빌리지,궁전빌리지,부산,금정구,26410,구서동,10700,177-22,,,35.25650795320185,129.0922504667733,normalized,2000,,,,,2026-08-13T11:22:15.447Z,2026-08-13T11:22:15.447Z
3381,26410-268,,성원맨투로빌,성원맨투로빌,부산,금정구,26410,구서동,10700,177-27,,,35.25631059347218,129.0919905121295,normalized,2004,,,,,2026-08-13T11:19:15.889Z,2026-08-13T11:19:15.889Z
3469,26410-277,,새천년골든밸류빌,새천년골든밸류빌,부산,금정구,26410,구서동,10700,413-8,,,35.24571418746356,129.087965778942,normalized,2003,,,,,2026-08-13T11:21:28.712Z,2026-08-13T11:21:28.712Z
3418,26410-278,,덕인센추리온,덕인센추리온,부산,금정구,26410,구서동,10700,415-14,,,35.24534019750357,129.0906276805109,normalized,2004,,,,,2026-08-13T11:20:11.717Z,2026-08-13T11:20:11.717Z
3475,26410-28,,부곡맨션,부곡맨션,부산,금정구,26410,부곡동,10900,297-3,,,35.22744128120149,129.0903351876667,normalized,1979,,,,,2026-08-13T11:21:37.755Z,2026-08-13T11:21:37.755Z
3345,26410-280,,구서벽산메가트리움,구서벽산메가트리움,부산,금정구,26410,구서동,10700,420-17,,,35.24369828983834,129.0913588305988,normalized,2004,,,,,2026-08-13T11:18:21.632Z,2026-08-13T11:18:21.632Z
3470,26410-281,,구서동삼백크라시앙,구서동삼백크라시앙,부산,금정구,26410,구서동,10700,420-35,,,35.2452475427565,129.092650887236,normalized,2004,,,,,2026-08-13T11:21:30.214Z,2026-08-13T11:21:30.214Z
3476,26410-283,,벽송,벽송,부산,금정구,26410,구서동,10700,466-7,,,35.24286586461384,129.0896766045462,normalized,2003,,,,,2026-08-13T11:21:39.258Z,2026-08-13T11:21:39.258Z
3385,26410-289,,구서쌍용스윗닷홈,구서쌍용스윗닷홈,부산,금정구,26410,구서동,10700,1006-1,,,35.26296392688423,129.0851429869568,normalized,2003,,,,,2026-08-13T11:19:21.996Z,2026-08-13T11:19:21.996Z
3489,26410-296,,반야빌라,반야빌라,부산,금정구,26410,장전동,10800,233-22,,,35.2356546373848,129.0860361668283,normalized,2003,,,,,2026-08-13T11:21:58.870Z,2026-08-13T11:21:58.870Z
3521,26410-300,,행복이가득한집A,행복이가득한집A,부산,금정구,26410,장전동,10800,505-54,,,35.22761212150226,129.0760152555119,normalized,1996,,,,,2026-08-13T11:22:47.103Z,2026-08-13T11:22:47.103Z
3393,26410-306,,행운아트빌,행운아트빌,부산,금정구,26410,장전동,10800,588-9,,,35.2250216518899,129.0805078925138,normalized,2004,,,,,2026-08-13T11:19:34.019Z,2026-08-13T11:19:34.019Z
3354,26410-307,,산수유,산수유,부산,금정구,26410,장전동,10800,646-18,,,35.2233837291952,129.086923371208,normalized,2004,,,,,2026-08-13T11:18:35.249Z,2026-08-13T11:18:35.249Z
3522,26410-308,,용진노블레스,용진노블레스,부산,금정구,26410,장전동,10800,652-30,,,35.22371620517452,129.0852011480302,normalized,2003,,,,,2026-08-13T11:22:48.625Z,2026-08-13T11:22:48.625Z
3363,26410-309,,중앙시티빌,중앙시티빌,부산,금정구,26410,부곡동,10900,9-5,,,35.24339258647971,129.0961094567545,normalized,2000,,,,,2026-08-13T11:18:48.814Z,2026-08-13T11:18:48.814Z
3518,26410-311,,유나베네스타운,유나베네스타운,부산,금정구,26410,부곡동,10900,60-6,,,35.2403565754549,129.093250134698,normalized,2004,,,,,2026-08-13T11:22:42.583Z,2026-08-13T11:22:42.583Z
3534,26410-320,,위스빌,위스빌,부산,금정구,26410,부곡동,10900,264-12,,,35.22739652095314,129.0956319131676,normalized,2002,,,,,2026-08-13T11:23:06.783Z,2026-08-13T11:23:06.783Z
3485,26410-322,,홍원메르디앙,홍원메르디앙,부산,금정구,26410,부곡동,10900,324-9,,,35.22336689846717,129.0914474379839,normalized,2003,,,,,2026-08-13T11:21:52.851Z,2026-08-13T11:21:52.851Z
3519,26410-323,,부곡일천베스파,부곡일천베스파,부산,금정구,26410,부곡동,10900,325-6,,,35.22384462074879,129.0909193933455,normalized,2004,,,,,2026-08-13T11:22:44.119Z,2026-08-13T11:22:44.119Z
3539,26410-325,,희재하이빌,희재하이빌,부산,금정구,26410,부곡동,10900,338-3,,,35.22217899482321,129.0935429897031,normalized,2003,,,,,2026-08-13T11:23:14.270Z,2026-08-13T11:23:14.270Z
3527,26410-328,,전원파크뷰,전원파크뷰,부산,금정구,26410,부곡동,10900,397-8,,,35.21928135941135,129.0871521391862,normalized,2003,,,,,2026-08-13T11:22:56.167Z,2026-08-13T11:22:56.167Z
3488,26410-329,,부호하이츠,부호하이츠,부산,금정구,26410,부곡동,10900,873-15,,,35.21905510003066,129.0862678471748,normalized,2003,,,,,2026-08-13T11:21:57.354Z,2026-08-13T11:21:57.354Z
3369,26410-330,,정원맨션,정원맨션,부산,금정구,26410,서동,11000,40-13,,,35.21964664713946,129.1075668898901,normalized,1983,,,,,2026-08-13T11:18:57.838Z,2026-08-13T11:18:57.838Z
3537,26410-341,,동성베스트,동성베스트,부산,금정구,26410,회동동,11200,208-9,,,35.2257387028613,129.1157073279402,normalized,2004,,,,,2026-08-13T11:23:11.262Z,2026-08-13T11:23:11.262Z
3347,26410-343,,구서시티타워,구서시티타워,부산,금정구,26410,구서동,10700,415-3,,,35.24623658056501,129.0906946388147,normalized,2005,,,,,2026-08-13T11:18:24.655Z,2026-08-13T11:18:24.655Z
3497,26410-381,,석탑그레이스빌,석탑그레이스빌,부산,금정구,26410,구서동,10700,177-9,,,35.2573279661477,129.091731020013,normalized,2005,,,,,2026-08-13T11:22:10.942Z,2026-08-13T11:22:10.942Z
3454,26410-383,,유림노르웨이아침,유림노르웨이아침,부산,금정구,26410,구서동,10700,420-12,,,35.24481734508356,129.0927233131727,normalized,2004,,,,,2026-08-13T11:21:06.029Z,2026-08-13T11:21:06.029Z
3498,26410-39,,영광맨션,영광맨션,부산,금정구,26410,부곡동,10900,223-6,,,35.23879232491708,129.0906364046986,normalized,1981,,,,,2026-08-13T11:22:12.440Z,2026-08-13T11:22:12.440Z
3526,26410-390,,태안에버빌,태안에버빌,부산,금정구,26410,부곡동,10900,387-3,,,35.2214828337256,129.089295017795,normalized,2005,,,,,2026-08-13T11:22:54.656Z,2026-08-13T11:22:54.656Z
3444,26410-45,,향양,향양,부산,금정구,26410,부곡동,10900,736-106,,,35.21810447421498,129.0951821081056,normalized,1986,,,,,2026-08-13T11:20:50.911Z,2026-08-13T11:20:50.911Z
3429,26410-53,,금강빌라,금강빌라,부산,금정구,26410,장전동,10800,501-76,,,35.2296278537078,129.0775459892444,normalized,1993,,,,,2026-08-13T11:20:28.300Z,2026-08-13T11:20:28.300Z
3449,26410-6,,신동아,신동아,부산,금정구,26410,서동,11000,119-1,,,35.21629693746294,129.1085585785636,normalized,1983,,,,,2026-08-13T11:20:58.479Z,2026-08-13T11:20:58.479Z
3538,26410-81,,구남,구남,부산,금정구,26410,청룡동,10300,633-4,,,35.27571574965233,129.086045716001,normalized,1998,,,,,2026-08-13T11:23:12.756Z,2026-08-13T11:23:12.756Z
3426,26410-82,,남화기수타워,남화기수타워,부산,금정구,26410,청룡동,10300,31-2,,,35.27502128858162,129.0893157435896,normalized,1993,,,,,2026-08-13T11:20:23.776Z,2026-08-13T11:20:23.776Z
3474,26410-96,,드림파크빌리지,드림파크빌리지,부산,금정구,26410,청룡동,10300,634-4,,,35.27593825169065,129.0869382279282,normalized,2003,,,,,2026-08-13T11:21:36.252Z,2026-08-13T11:21:36.252Z
3431,26410-97,,거성경원,거성경원,부산,금정구,26410,남산동,10400,991-1,,,35.26709946191774,129.0838249777596,normalized,1997,,,,,2026-08-13T11:20:31.321Z,2026-08-13T11:20:31.321Z
1263,26440-114,,외진가센트럴타워,외진가센트럴타워,부산,강서구,26440,대저1동,10100,2388-17,,,35.213884140027,128.982215815973,normalized,2019,,,,,2026-08-13T06:40:37.927Z,2026-08-13T07:16:19.887Z
1260,26440-72,,명진파크뷰,명진파크뷰,부산,강서구,26440,지사동,11400,1182-2,,,35.1508941864103,128.831833177215,normalized,2016,,,,,2026-08-13T06:40:33.344Z,2026-08-13T07:16:05.207Z
1259,26440-95,,유나베네스2차,유나베네스2차,부산,강서구,26440,녹산동,11100,287,,,35.11292573230088,128.8872545145617,normalized,2017,,,,,2026-08-13T06:40:31.843Z,2026-08-13T07:15:57.573Z
2967,26470-1,,거성,거성,부산,연제구,26470,거제동,10100,676-329,,,35.1831719709629,129.067102865642,normalized,1987,,,,,2026-08-13T08:58:58.685Z,2026-08-13T12:24:12.443Z
2920,26470-100,,창신,창신,부산,연제구,26470,연산동,10200,305-40,,,35.19172947399809,129.0914395515686,normalized,1982,,,,,2026-08-13T08:55:38.701Z,2026-08-13T12:24:11.654Z
2818,26470-1040,,연산동한솔솔파크,연산동한솔솔파크,부산,연제구,26470,연산동,10200,406-10,,,35.187406796631,129.10417173732,normalized,2007,,,,,2026-08-13T08:48:45.949Z,2026-08-13T12:24:10.116Z
2962,26470-1160,,해운그린빌,해운그린빌,부산,연제구,26470,연산동,10200,1481-8,,,35.18339803501723,129.077586703405,normalized,2012,,,,,2026-08-13T08:58:51.165Z,2026-08-13T12:24:12.346Z
2987,26470-1176,,리치W,리치W,부산,연제구,26470,연산동,10200,478-2,,,35.1857998772727,129.107445255713,normalized,2012,,,,,2026-08-13T09:00:16.783Z,2026-08-13T12:24:09.947Z
2961,26470-1198,,신우피렌체,신우피렌체,부산,연제구,26470,연산동,10200,1481-9,,,35.18324014701521,129.0774399902811,normalized,2012,,,,,2026-08-13T08:58:49.758Z,2026-08-13T12:24:12.326Z
2957,26470-120,,협성센트로,협성센트로,부산,연제구,26470,연산동,10200,1604-6,,,35.17789128430668,129.0795165344572,normalized,2002,,,,,2026-08-13T08:58:18.287Z,2026-08-13T12:24:12.253Z
2983,26470-1251,,포세이돈,포세이돈,부산,연제구,26470,연산동,10200,704-13,,,35.18118751262257,129.0814159754265,normalized,2013,,,,,2026-08-13T09:00:10.758Z,2026-08-13T12:24:12.718Z
2991,26470-1257,,해운드림빌,해운드림빌,부산,연제구,26470,연산동,10200,1345-12,,,35.18327936459724,129.0787252289109,normalized,2013,,,,,2026-08-13T09:00:22.820Z,2026-08-13T12:24:12.751Z
3000,26470-128,,신진테마빌,신진테마빌,부산,연제구,26470,연산동,10200,1480-7,,,35.18386192393325,129.076600750988,normalized,2003,,,,,2026-08-13T09:01:26.198Z,2026-08-13T12:24:12.915Z
3010,26470-129,,서진하이트빌,서진하이트빌,부산,연제구,26470,연산동,10200,1480-14,,,35.18398348299396,129.0763437011774,normalized,2003,,,,,2026-08-13T09:01:41.286Z,2026-08-13T12:24:13.056Z
2908,26470-1331,,해운파크빌,해운파크빌,부산,연제구,26470,연산동,10200,1345-8,,,35.18311892298271,129.0786223543437,normalized,2014,,,,,2026-08-13T08:54:55.038Z,2026-08-13T12:24:11.448Z
3006,26470-1384,,나경위너스,나경위너스,부산,연제구,26470,연산동,10200,708-8,,,35.18380464835627,129.0819294722112,normalized,2015,,,,,2026-08-13T09:01:35.237Z,2026-08-13T12:24:13.003Z
2923,26470-1385,,드리머스,드리머스,부산,연제구,26470,연산동,10200,1289-12,,,35.18517538803241,129.0782532363764,normalized,2015,,,,,2026-08-13T08:55:41.633Z,2026-08-13T12:24:11.694Z
2976,26470-1402,,킴스힐타워,킴스힐타워,부산,연제구,26470,연산동,10200,1305-12,,,35.18219487675987,129.0803747764336,normalized,2015,,,,,2026-08-13T08:59:37.878Z,2026-08-13T12:24:12.570Z
2952,26470-1415,,마이네하임,마이네하임,부산,연제구,26470,연산동,10200,469-7,,,35.18698688923383,129.1075373858225,normalized,2016,,,,,2026-08-13T08:57:32.727Z,2026-08-13T12:24:12.136Z
2988,26470-1421,,세경미가,세경미가,부산,연제구,26470,거제동,10100,576-12,,,35.18235979434503,129.0715979460655,normalized,2016,,,,,2026-08-13T09:00:18.277Z,2026-08-13T12:24:14.157Z
2978,26470-1422,,월드파크3,월드파크3,부산,연제구,26470,거제동,10100,600,,,35.18134271743023,129.0715787132517,normalized,2016,,,,,2026-08-13T08:59:40.870Z,2026-08-13T12:24:12.616Z
2950,26470-1424,,에이스리버팰리스,에이스리버팰리스,부산,연제구,26470,연산동,10200,382-26,,,35.188022158607,129.098676058105,normalized,2016,,,,,2026-08-13T08:57:29.748Z,2026-08-13T12:24:12.121Z
2999,26470-1437,,센텀포시즌,센텀포시즌,부산,연제구,26470,연산동,10200,418-3,,,35.18743942322876,129.106855335002,normalized,2016,,,,,2026-08-13T09:01:24.698Z,2026-08-13T12:24:12.894Z
2858,26470-1438,,태광리치뷰,태광리치뷰,부산,연제구,26470,거제동,10100,593-5,,,35.1817567718737,129.07071112603,normalized,2016,,,,,2026-08-13T08:51:22.166Z,2026-08-13T12:24:10.716Z
2856,26470-1447,,성일이안시티,성일이안시티,부산,연제구,26470,연산동,10200,867-2,,,35.17744742208745,129.0764474159068,normalized,2016,,,,,2026-08-13T08:51:13.979Z,2026-08-13T12:24:10.682Z
2947,26470-1448,,연산역휴그린,연산역휴그린,부산,연제구,26470,연산동,10200,1259-12,,,35.1860502597789,129.0781569705151,normalized,2016,,,,,2026-08-13T08:57:25.197Z,2026-08-13T12:24:12.073Z
2975,26470-145,,목련빌라,목련빌라,부산,연제구,26470,연산동,10200,1386-4,,,35.18362884383374,129.0777901561358,normalized,2003,,,,,2026-08-13T08:59:36.523Z,2026-08-13T12:24:12.549Z
2954,26470-1453,,연산아이브,연산아이브,부산,연제구,26470,연산동,10200,588-5,,,35.1890635999881,129.0835115552731,normalized,2016,,,,,2026-08-13T08:57:51.261Z,2026-08-13T12:24:12.179Z
2906,26470-1454,,시청역퀸즈W,시청역퀸즈W,부산,연제구,26470,연산동,10200,859-2,,,35.17596030452126,129.0781404093807,normalized,2016,,,,,2026-08-13T08:54:52.031Z,2026-08-13T12:24:11.402Z
3009,26470-1458,,시청역이즈팰리스2차,시청역이즈팰리스2차,부산,연제구,26470,연산동,10200,1341-7,,,35.18177797548226,129.0775739963576,normalized,2017,,,,,2026-08-13T09:01:39.757Z,2026-08-13T12:24:14.214Z
2942,26470-1471,,거제센텀,거제센텀,부산,연제구,26470,거제동,10100,1088-2,,,35.19130738102809,129.0701225247804,normalized,2017,,,,,2026-08-13T08:56:57.294Z,2026-08-13T12:24:11.984Z
2880,26470-1490,,월드파크4,월드파크4,부산,연제구,26470,연산동,10200,309-5,,,35.1894606962293,129.092880875174,normalized,2017,,,,,2026-08-13T08:52:41.626Z,2026-08-13T12:24:11.024Z
2981,26470-1495,,루미랑스,루미랑스,부산,연제구,26470,연산동,10200,1936-21,,,35.17464807810087,129.0880483721224,normalized,2017,,,,,2026-08-13T08:59:45.331Z,2026-08-13T12:24:12.675Z
2982,26470-150,,수강드림빌라드,수강드림빌라드,부산,연제구,26470,연산동,10200,1495-3,,,35.1833214715523,129.076481623858,normalized,2003,,,,,2026-08-13T09:00:09.430Z,2026-08-13T12:24:12.696Z
2882,26470-1503,,엘리시움,엘리시움,부산,연제구,26470,연산동,10200,675-3,,,35.18816188866931,129.0819725959082,normalized,2017,,,,,2026-08-13T08:53:00.576Z,2026-08-13T12:24:11.057Z
2838,26470-1505,,일호센텀누리,일호센텀누리,부산,연제구,26470,연산동,10200,1480-5,,,35.18365491279183,129.0766909781617,normalized,2017,,,,,2026-08-13T08:49:56.918Z,2026-08-13T12:24:13.873Z
3003,26470-151,,청우하이빌,청우하이빌,부산,연제구,26470,연산동,10200,1495-4,,,35.18307099806623,129.0765839164729,normalized,2003,,,,,2026-08-13T09:01:30.758Z,2026-08-13T12:24:14.197Z
2914,26470-1519,,명품블루파크,명품블루파크,부산,연제구,26470,연산동,10200,408-24,,,35.18693299483252,129.1016699695122,normalized,2018,,,,,2026-08-13T08:55:04.099Z,2026-08-13T12:24:11.549Z
2876,26470-1521,,태영아너스,태영아너스,부산,연제구,26470,연산동,10200,1836-11,,,35.17356001674193,129.0923502072098,normalized,2018,,,,,2026-08-13T08:52:20.451Z,2026-08-13T12:24:10.971Z
2948,26470-153,,윤강하이츠빌라,윤강하이츠빌라,부산,연제구,26470,연산동,10200,469-36,,,35.18728362778204,129.1077294625034,normalized,2003,,,,,2026-08-13T08:57:26.707Z,2026-08-13T12:24:12.089Z
2926,26470-1536,,시청역더리체,시청역더리체,부산,연제구,26470,연산동,10200,1498-9,,,35.1829741381931,129.0755057667976,normalized,2018,,,,,2026-08-13T08:55:51.257Z,2026-08-13T12:24:11.740Z
2946,26470-1537,,배산프라임타워,배산프라임타워,부산,연제구,26470,연산동,10200,2121-4,,,35.17393689740447,129.0958817822471,normalized,2018,,,,,2026-08-13T08:57:23.700Z,2026-08-13T12:24:12.051Z
2895,26470-1542,,연산역이즈,연산역이즈,부산,연제구,26470,연산동,10200,705-5,,,35.18264503411655,129.0808187195311,normalized,2018,,,,,2026-08-13T08:53:51.065Z,2026-08-13T12:24:11.262Z
2859,26470-1545,,어반힐즈,어반힐즈,부산,연제구,26470,연산동,10200,684-2,,,35.17730738587344,129.0859048211342,normalized,2018,,,,,2026-08-13T08:51:23.516Z,2026-08-13T12:24:10.732Z
2866,26470-156,,청마마이우스,청마마이우스,부산,연제구,26470,거제동,10100,150-8,,,35.19617377104377,129.0818312754192,normalized,2003,,,,,2026-08-13T08:51:55.070Z,2026-08-13T12:24:10.832Z
2931,26470-1564,,더라임시티뷰,더라임시티뷰,부산,연제구,26470,연산동,10200,704-9,,,35.1827476451929,129.0798817617183,normalized,2019,,,,,2026-08-13T08:56:14.591Z,2026-08-13T12:24:11.805Z
2889,26470-1565,,지성캐슬,지성캐슬,부산,연제구,26470,연산동,10200,1299-2,,,35.1842758070909,129.077636493425,normalized,2019,,,,,2026-08-13T08:53:26.478Z,2026-08-13T12:24:11.155Z
2903,26470-1573,,연산스카이힐,연산스카이힐,부산,연제구,26470,연산동,10200,1230-22,,,35.1827494352588,129.083708156724,normalized,2019,,,,,2026-08-13T08:54:47.496Z,2026-08-13T12:24:11.366Z
2860,26470-170,,청마,청마,부산,연제구,26470,연산동,10200,342-41,,,35.18531439789995,129.0940851311965,normalized,1982,,,,,2026-08-13T08:51:25.002Z,2026-08-13T12:24:10.750Z
2884,26470-180,,영일아트빌,영일아트빌,부산,연제구,26470,연산동,10200,469-20,,,35.18619716578217,129.1075038148585,normalized,2002,,,,,2026-08-13T08:53:18.897Z,2026-08-13T12:24:11.092Z
2972,26470-183,,석탑빌,석탑빌,부산,연제구,26470,연산동,10200,480-11,,,35.18381496040583,129.1076859631714,normalized,2002,,,,,2026-08-13T08:59:06.224Z,2026-08-13T12:24:12.518Z
2997,26470-1915,,시청역동원시티비스타,시청역동원시티비스타,부산,연제구,26470,연산동,10200,2398,,,35.18248483722836,129.0759246909912,normalized,2023,,,,,2026-08-13T09:01:23.214Z,2026-08-13T12:24:12.854Z
3012,26470-198,,늘푸른파크,늘푸른파크,부산,연제구,26470,연산동,10200,1005-11,,,35.18715990719434,129.0946088943227,normalized,2002,,,,,2026-08-13T09:01:54.840Z,2026-08-13T12:24:13.087Z
2887,26470-199,,삼원,삼원,부산,연제구,26470,연산동,10200,1123-5,,,35.18880618265292,129.0797200605685,normalized,1984,,,,,2026-08-13T08:53:23.423Z,2026-08-13T12:24:11.123Z
2902,26470-200,,해운하이츠,해운하이츠,부산,연제구,26470,연산동,10200,1135-25,,,35.181434010764,129.0885567582199,normalized,1991,,,,,2026-08-13T08:54:46.146Z,2026-08-13T12:24:11.349Z
3011,26470-204,,대림그린빌라,대림그린빌라,부산,연제구,26470,연산동,10200,1261-6,,,35.18113360847077,129.0819304780006,normalized,2001,,,,,2026-08-13T09:01:42.794Z,2026-08-13T12:24:13.072Z
2964,26470-205,,우일빌라,우일빌라,부산,연제구,26470,연산동,10200,1261-14,,,35.18072958719328,129.0818433386086,normalized,2001,,,,,2026-08-13T08:58:54.187Z,2026-08-13T12:24:12.396Z
3001,26470-207,,보성하이츠빌라2차,보성하이츠빌라2차,부산,연제구,26470,연산동,10200,1262-8,,,35.18079230988337,129.0813400394773,normalized,2001,,,,,2026-08-13T09:01:27.678Z,2026-08-13T12:24:12.930Z
2936,26470-212,,전원에스빌,전원에스빌,부산,연제구,26470,연산동,10200,1288-3,,,35.1850104272738,129.0786760263238,normalized,2003,,,,,2026-08-13T08:56:21.967Z,2026-08-13T12:24:11.900Z
2955,26470-215,,신풍골든,신풍골든,부산,연제구,26470,연산동,10200,1289-20,,,35.1855951088473,129.077583369832,normalized,2003,,,,,2026-08-13T08:57:52.594Z,2026-08-13T12:24:12.222Z
2986,26470-223,,해오름아트빌,해오름아트빌,부산,연제구,26470,연산동,10200,1293-11,,,35.184921577963,129.077972356053,normalized,2003,,,,,2026-08-13T09:00:15.277Z,2026-08-13T12:24:12.363Z
2996,26470-229,,홍림써니빌,홍림써니빌,부산,연제구,26470,연산동,10200,1310-7,,,35.18229373039974,129.0794465083827,normalized,2004,,,,,2026-08-13T09:00:55.894Z,2026-08-13T12:24:12.837Z
2966,26470-231,,희망센트럴뷰,희망센트럴뷰,부산,연제구,26470,연산동,10200,1310-87,,,35.18111267699797,129.078953221669,normalized,2004,,,,,2026-08-13T08:58:57.206Z,2026-08-13T12:24:12.428Z
2979,26470-234,,로얄센트로빌,로얄센트로빌,부산,연제구,26470,연산동,10200,1386-15,,,35.18342239009142,129.0782678622643,normalized,2003,,,,,2026-08-13T08:59:42.366Z,2026-08-13T12:24:12.631Z
2829,26470-278,,삼익퓨쳐타워,삼익퓨쳐타워,부산,연제구,26470,거제동,10100,36-8,,,35.19533613558942,129.0810721722968,normalized,2006,,,,,2026-08-13T08:49:17.763Z,2026-08-13T12:24:10.272Z
2985,26470-279,,우성로얄,우성로얄,부산,연제구,26470,거제동,10100,114-9,,,35.19698876067801,129.0788747753568,normalized,1978,,,,,2026-08-13T09:00:13.770Z,2026-08-13T12:24:10.801Z
2960,26470-292,,동우,동우,부산,연제구,26470,연산동,10200,1135-127,,,35.1798159001539,129.0893714697101,normalized,1990,,,,,2026-08-13T08:58:43.331Z,2026-08-13T12:24:12.308Z
2938,26470-3046,,시청역삼정그린코아포레스트,시청역삼정그린코아포레스트,부산,연제구,26470,연산동,10200,2404,,,35.1814764382736,129.073348175478,normalized,2023,,,,,2026-08-13T08:56:37.509Z,2026-08-13T12:24:11.915Z
2992,26470-44,,공영,공영,부산,연제구,26470,연산동,10200,472-8,,,35.1861010659117,129.084270138384,normalized,1984,,,,,2026-08-13T09:00:34.784Z,2026-08-13T12:24:12.768Z
2910,26470-46,,금호천지,금호천지,부산,연제구,26470,연산동,10200,1836-19,,,35.17305247467825,129.0923613431613,normalized,1983,,,,,2026-08-13T08:54:58.062Z,2026-08-13T12:24:11.483Z
3008,26470-47,,남산,남산,부산,연제구,26470,연산동,10200,412-1,,,35.18688718342184,129.1023361814361,normalized,1980,,,,,2026-08-13T09:01:38.263Z,2026-08-13T12:24:13.038Z
2998,26470-60,,동서상가,동서상가,부산,연제구,26470,연산동,10200,603-6,,,35.187217726328,129.0834249003,normalized,1978,,,,,2026-08-13T09:01:23.267Z,2026-08-13T12:24:12.869Z
2909,26470-66,,로얄,로얄,부산,연제구,26470,연산동,10200,578-15,,,35.18427352347033,129.0764564562952,normalized,1980,,,,,2026-08-13T08:54:56.539Z,2026-08-13T12:24:11.466Z
2968,26470-74,,산호,산호,부산,연제구,26470,연산동,10200,579-9,,,35.1910455800553,129.0834392264404,normalized,1980,,,,,2026-08-13T08:59:00.203Z,2026-08-13T12:24:12.459Z
2935,26470-78,,삼익,삼익,부산,연제구,26470,연산동,10200,578-1,,,35.19138921031832,129.081274458579,normalized,1979,,,,,2026-08-13T08:56:20.473Z,2026-08-13T12:24:11.884Z
2958,26470-83,,세영,세영,부산,연제구,26470,연산동,10200,399-5,,,35.1813325074974,129.078851255561,normalized,1980,,,,,2026-08-13T08:58:19.617Z,2026-08-13T12:24:12.274Z
2888,26470-85,,연산쌍용,연산쌍용,부산,연제구,26470,연산동,10200,603-7,,,35.18712370389203,129.084489455673,normalized,1999,,,,,2026-08-13T08:53:24.923Z,2026-08-13T12:24:11.139Z
2943,26470-87,,연산재건,연산재건,부산,연제구,26470,연산동,10200,1642-28,,,35.17944875915292,129.0807591758796,normalized,1984,,,,,2026-08-13T08:57:09.108Z,2026-08-13T12:24:12.003Z
2974,26470-99,,진흥목화,진흥목화,부산,연제구,26470,연산동,10200,585-7,,,35.18970084831408,129.0838703203041,normalized,1984,,,,,2026-08-13T08:59:14.495Z,2026-08-13T12:24:12.534Z
3215,26500-100,,복음,복음,부산,수영구,26500,망미동,10100,208-6,,,35.17498327711629,129.1177284978978,normalized,1981,,,,,2026-08-13T11:10:25.536Z,2026-08-13T11:10:25.536Z
3167,26500-101,,크라운,크라운,부산,수영구,26500,망미동,10100,208-9,,,35.17520734204041,129.1181074689866,normalized,1983,,,,,2026-08-13T11:09:13.031Z,2026-08-13T11:09:13.031Z
3209,26500-102,,우성파크빌,우성파크빌,부산,수영구,26500,망미동,10100,212-6,,,35.17332384727765,129.1175976470138,normalized,2004,,,,,2026-08-13T11:10:16.606Z,2026-08-13T11:10:16.606Z
3168,26500-106,,국화,국화,부산,수영구,26500,망미동,10100,426-1,,,35.17254396688352,129.1085834993386,normalized,1979,,,,,2026-08-13T11:09:14.542Z,2026-08-13T11:09:14.542Z
3073,26500-112,,망미,망미,부산,수영구,26500,망미동,10100,822-4,,,35.17295046047077,129.098568372252,normalized,1975,,,,,2026-08-13T11:06:51.305Z,2026-08-13T11:06:51.305Z
3222,26500-114,,부일,부일,부산,수영구,26500,망미동,10100,962-6,,,35.17382885428791,129.0976975815085,normalized,1983,,,,,2026-08-13T11:10:36.122Z,2026-08-13T11:10:36.122Z
3234,26500-121,,태창빌라,태창빌라,부산,수영구,26500,수영동,10200,494-4,,,35.15853438153317,129.1264314324813,normalized,1985,,,,,2026-08-13T11:10:54.203Z,2026-08-13T11:10:54.203Z
3192,26500-124,,홍익라이프나동,홍익라이프나동,부산,수영구,26500,민락동,10300,29-5,,,35.15973029980798,129.1263747842797,normalized,2003,,,,,2026-08-13T11:09:50.820Z,2026-08-13T11:09:50.820Z
3219,26500-125,,홍익라이프가동,홍익라이프가동,부산,수영구,26500,민락동,10300,29-7,,,35.1596463605567,129.1261257037629,normalized,2003,,,,,2026-08-13T11:10:31.577Z,2026-08-13T11:10:31.577Z
3255,26500-1368,,카라디움,카라디움,부산,수영구,26500,민락동,10300,129-3,,,35.16730144299422,129.1181657372491,normalized,2005,,,,,2026-08-13T11:11:25.909Z,2026-08-13T11:11:25.909Z
3212,26500-1382,,동트레,동트레,부산,수영구,26500,광안동,10400,116-5,,,35.16253065358396,129.1147170076481,normalized,2006,,,,,2026-08-13T11:10:21.025Z,2026-08-13T11:10:21.025Z
3107,26500-1387,,롯데골드로즈,롯데골드로즈,부산,수영구,26500,광안동,10400,99-5,,,35.1634194004849,129.114808059271,normalized,2006,,,,,2026-08-13T11:07:42.601Z,2026-08-13T11:07:42.601Z
3103,26500-1392,,성원상떼빌,성원상떼빌,부산,수영구,26500,광안동,10400,143-1,,,35.1574175743836,129.1136299814699,normalized,2007,,,,,2026-08-13T11:07:36.553Z,2026-08-13T11:07:36.553Z
3174,26500-140,,행복홈타운,행복홈타운,부산,수영구,26500,광안동,10400,91-7,,,35.16496825335739,129.1169869768074,normalized,2002,,,,,2026-08-13T11:09:23.859Z,2026-08-13T11:09:23.859Z
3208,26500-150,,솔내음파비르,솔내음파비르,부산,수영구,26500,광안동,10400,116-26,,,35.16208811822344,129.1145146097085,normalized,2003,,,,,2026-08-13T11:10:14.955Z,2026-08-13T11:10:14.955Z
3244,26500-151,,서호,서호,부산,수영구,26500,광안동,10400,120-90,,,35.15988984075733,129.1142777337532,normalized,2002,,,,,2026-08-13T11:11:09.321Z,2026-08-13T11:11:09.321Z
3263,26500-1515,,궁전아이브,궁전아이브,부산,수영구,26500,남천동,10500,36-13,,,35.14903292798855,129.1114787408777,normalized,2011,,,,,2026-08-13T11:11:38.053Z,2026-08-13T11:11:38.053Z
3154,26500-155,,금잔디,금잔디,부산,수영구,26500,광안동,10400,139-1,,,35.15895851588983,129.1147671634619,normalized,1979,,,,,2026-08-13T11:08:53.400Z,2026-08-13T11:08:53.400Z
3147,26500-156,,보람빌리지,보람빌리지,부산,수영구,26500,광안동,10400,140-10,,,35.16302723624045,129.1158491739467,normalized,2003,,,,,2026-08-13T11:08:42.864Z,2026-08-13T11:08:42.864Z
3268,26500-157,,풍림,풍림,부산,수영구,26500,광안동,10400,140-18,,,35.15919926405981,129.114810705579,normalized,1980,,,,,2026-08-13T11:11:45.552Z,2026-08-13T11:11:45.552Z
3165,26500-158,,아침해오름,아침해오름,부산,수영구,26500,광안동,10400,141-2,,,35.15951628009477,129.1142022245264,normalized,2004,,,,,2026-08-13T11:09:10.008Z,2026-08-13T11:09:10.008Z
3266,26500-1618,,성우스카이뷰,성우스카이뷰,부산,수영구,26500,광안동,10400,379-12,,,35.15453759715375,129.1114542346274,normalized,2012,,,,,2026-08-13T11:11:42.536Z,2026-08-13T11:11:42.536Z
3122,26500-1628,,엑슬루타워,엑슬루타워,부산,수영구,26500,남천동,10500,323,,,35.13995526944515,129.1064775151848,normalized,2012,,,,,2026-08-13T11:08:05.213Z,2026-08-13T11:08:05.213Z
3243,26500-166,,세진비치빌라,세진비치빌라,부산,수영구,26500,광안동,10400,167-57,,,35.15387697217625,129.1134220615543,normalized,2000,,,,,2026-08-13T11:11:07.787Z,2026-08-13T11:11:07.787Z
3067,26500-17,,글로벌,글로벌,부산,수영구,26500,광안동,10400,184-8,,,35.15017114893608,129.1141095877853,normalized,2002,,,,,2026-08-13T11:06:42.260Z,2026-08-13T11:06:42.260Z
3258,26500-170,,새광안맨션,새광안맨션,부산,수영구,26500,광안동,10400,180-4,,,35.15173185886567,129.113494941147,normalized,1983,,,,,2026-08-13T11:11:30.447Z,2026-08-13T11:11:30.447Z
3246,26500-1702,,한성그린,한성그린,부산,수영구,26500,남천동,10500,44-15,,,35.14933921852134,129.109519418403,normalized,2012,,,,,2026-08-13T11:11:12.347Z,2026-08-13T11:11:12.347Z
3242,26500-1705,,일성센텀스카이뷰,일성센텀스카이뷰,부산,수영구,26500,광안동,10400,74-8,,,35.16653085682733,129.1156458548421,normalized,2012,,,,,2026-08-13T11:11:06.293Z,2026-08-13T11:11:06.293Z
3239,26500-172,,승우맨션(가동),승우맨션(가동),부산,수영구,26500,광안동,10400,184-1,,,35.15056535011182,129.1141384405381,normalized,1981,,,,,2026-08-13T11:11:01.785Z,2026-08-13T11:11:01.785Z
3185,26500-173,,승우맨션(나동),승우맨션(나동),부산,수영구,26500,광안동,10400,185-6,,,35.1506190535812,129.1134365293856,normalized,1982,,,,,2026-08-13T11:09:40.189Z,2026-08-13T11:09:40.189Z
3214,26500-1730,,에코하임,에코하임,부산,수영구,26500,수영동,10200,460-6,,,35.1715087483459,129.10981336975,normalized,2013,,,,,2026-08-13T11:10:24.060Z,2026-08-13T11:10:24.060Z
3189,26500-1737,,남천알파타워,남천알파타워,부산,수영구,26500,남천동,10500,10-14,,,35.1437709422055,129.1107635045957,normalized,2013,,,,,2026-08-13T11:09:46.257Z,2026-08-13T11:09:46.257Z
3178,26500-180,,대로해도지빌,대로해도지빌,부산,수영구,26500,광안동,10400,490-8,,,35.16242411526736,129.1133348774293,normalized,2003,,,,,2026-08-13T11:09:29.624Z,2026-08-13T11:09:29.624Z
3235,26500-1800,,병산프리덤,병산프리덤,부산,수영구,26500,민락동,10300,32-8,,,35.15817744278038,129.1252041455452,normalized,2014,,,,,2026-08-13T11:10:55.710Z,2026-08-13T11:10:55.710Z
3127,26500-1809,,성우센텀스카이뷰비,성우센텀스카이뷰비,부산,수영구,26500,광안동,10400,377-14,,,35.15380976366626,129.1116438970674,normalized,2014,,,,,2026-08-13T11:08:12.730Z,2026-08-13T11:08:12.730Z
3149,26500-1832,,다사랑빌,다사랑빌,부산,수영구,26500,남천동,10500,72-4,,,35.14319762003456,129.1060114416174,normalized,2014,,,,,2026-08-13T11:08:45.869Z,2026-08-13T11:08:45.869Z
3175,26500-1838,,파크블루V,파크블루V,부산,수영구,26500,광안동,10400,567-31,,,35.15926217843393,129.112600158777,normalized,2014,,,,,2026-08-13T11:09:25.126Z,2026-08-13T11:09:25.126Z
3251,26500-187,,부일그린빌,부일그린빌,부산,수영구,26500,광안동,10400,536-133,,,35.1596702853647,129.108263150181,normalized,2004,,,,,2026-08-13T11:11:19.882Z,2026-08-13T11:11:19.882Z
3247,26500-1918,,스테이빌,스테이빌,부산,수영구,26500,광안동,10400,373-128,,,35.15232679728254,129.1123483803446,normalized,2015,,,,,2026-08-13T11:11:13.863Z,2026-08-13T11:11:13.863Z
3052,26500-1929,,광안예서더불어,광안예서더불어,부산,수영구,26500,광안동,10400,774-8,,,35.15605250293516,129.1121221268401,normalized,2015,,,,,2026-08-13T11:06:20.292Z,2026-08-13T11:06:20.292Z
3117,26500-193,,정원스카이,정원스카이,부산,수영구,26500,광안동,10400,569-1,,,35.159269233136,129.108731225201,normalized,2004,,,,,2026-08-13T11:07:57.674Z,2026-08-13T11:07:57.674Z
3200,26500-1931,,세종엠-스테이Ⅱ,세종엠-스테이Ⅱ,부산,수영구,26500,남천동,10500,69-14,,,35.14322160889666,129.1086209523665,normalized,2015,,,,,2026-08-13T11:10:02.923Z,2026-08-13T11:10:02.923Z
3133,26500-1938,,이린타워,이린타워,부산,수영구,26500,광안동,10400,744-12,,,35.15717209519028,129.1122564164192,normalized,2016,,,,,2026-08-13T11:08:21.781Z,2026-08-13T11:08:21.781Z
3179,26500-1941,,광일센텀스카이뷰,광일센텀스카이뷰,부산,수영구,26500,광안동,10400,688-23,,,35.16461189442062,129.1137086399228,normalized,2016,,,,,2026-08-13T11:09:31.161Z,2026-08-13T11:09:31.161Z
3053,26500-1945,,세종엠스테이3차,세종엠스테이3차,부산,수영구,26500,광안동,10400,142-12,,,35.1579053589779,129.1137698898922,normalized,2016,,,,,2026-08-13T11:06:21.132Z,2026-08-13T11:06:21.132Z
3229,26500-195,,세종월드,세종월드,부산,수영구,26500,광안동,10400,733-3,,,35.15895036026796,129.1092409209286,normalized,2004,,,,,2026-08-13T11:10:46.608Z,2026-08-13T11:10:46.608Z
3238,26500-1956,,일호센텀누리,일호센텀누리,부산,수영구,26500,광안동,10400,158-9,,,35.15568753885025,129.118364883101,normalized,2016,,,,,2026-08-13T11:11:00.244Z,2026-08-13T11:11:00.244Z
3232,26500-1964,,정원센텀뷰,정원센텀뷰,부산,수영구,26500,광안동,10400,99-1,,,35.16375744655684,129.1146982979299,normalized,2016,,,,,2026-08-13T11:10:51.124Z,2026-08-13T11:10:51.124Z
3169,26500-197,,남강스위트홈,남강스위트홈,부산,수영구,26500,광안동,10400,736-1,,,35.15899582714543,129.1109758397511,normalized,2004,,,,,2026-08-13T11:09:16.028Z,2026-08-13T11:09:16.028Z
3150,26500-1984,,삼인스카이뷰,삼인스카이뷰,부산,수영구,26500,남천동,10500,30-8,,,35.14753500230418,129.1109737420362,normalized,2016,,,,,2026-08-13T11:08:47.387Z,2026-08-13T11:08:47.387Z
3220,26500-1989,,남천블루비치,남천블루비치,부산,수영구,26500,남천동,10500,12-22,,,35.14354134671031,129.1100280036975,normalized,2016,,,,,2026-08-13T11:10:33.049Z,2026-08-13T11:10:33.049Z
3193,26500-2012,,디아이하우스,디아이하우스,부산,수영구,26500,광안동,10400,380,,,35.15016667050475,129.112816985397,normalized,2017,,,,,2026-08-13T11:09:52.319Z,2026-08-13T11:09:52.319Z
3182,26500-2017,,수영동아성퍼스트힐,수영동아성퍼스트힐,부산,수영구,26500,수영동,10200,50-27,,,35.16975355718856,129.1161507846365,normalized,2017,,,,,2026-08-13T11:09:35.688Z,2026-08-13T11:09:35.688Z
3180,26500-2022,,금양아이파크,금양아이파크,부산,수영구,26500,남천동,10500,10-2,,,35.14418634274828,129.110817021252,normalized,2017,,,,,2026-08-13T11:09:32.639Z,2026-08-13T11:09:32.639Z
3164,26500-2029,,이린타워빌8,이린타워빌8,부산,수영구,26500,광안동,10400,122-6,,,35.15925767125675,129.1177595893218,normalized,2017,,,,,2026-08-13T11:09:08.481Z,2026-08-13T11:09:08.481Z
3148,26500-2043,,더클래스동진,더클래스동진,부산,수영구,26500,광안동,10400,1027-8,,,35.17137655372994,129.1074690419188,normalized,2017,,,,,2026-08-13T11:08:44.356Z,2026-08-13T11:08:44.356Z
3226,26500-205,,범바우빌라,범바우빌라,부산,수영구,26500,광안동,10400,774-12,,,35.15573735127953,129.1119526803251,normalized,2004,,,,,2026-08-13T11:10:42.084Z,2026-08-13T11:10:42.084Z
3163,26500-206,,주안골드빌리지,주안골드빌리지,부산,수영구,26500,광안동,10400,774-13,,,35.15563091021961,129.1119587063857,normalized,2004,,,,,2026-08-13T11:09:06.987Z,2026-08-13T11:09:06.987Z
3184,26500-2067,,에이스센텀빌리지,에이스센텀빌리지,부산,수영구,26500,광안동,10400,44-16,,,35.1678148389307,129.1184896269203,normalized,2017,,,,,2026-08-13T11:09:38.693Z,2026-08-13T11:09:38.693Z
3138,26500-2092,,디아이라뷰,디아이라뷰,부산,수영구,26500,망미동,10100,443-1,,,35.17487865805722,129.1064718132934,normalized,2017,,,,,2026-08-13T11:08:29.302Z,2026-08-13T11:08:29.302Z
3060,26500-2131,,월드파크5,월드파크5,부산,수영구,26500,광안동,10400,175-3,,,35.15172970306536,129.1152185991151,normalized,2018,,,,,2026-08-13T11:06:31.695Z,2026-08-13T11:06:31.695Z
3108,26500-2132,,라움팰리스타워,라움팰리스타워,부산,수영구,26500,남천동,10500,18-5,,,35.14258953958772,129.1093144587459,normalized,2018,,,,,2026-08-13T11:07:44.138Z,2026-08-13T11:07:44.138Z
3166,26500-2133,,디아이세라뷰,디아이세라뷰,부산,수영구,26500,광안동,10400,379-35,,,35.15435613043713,129.1115768244445,normalized,2018,,,,,2026-08-13T11:09:11.517Z,2026-08-13T11:09:11.517Z
3256,26500-217,,로타리,로타리,부산,수영구,26500,광안동,10400,1073-2,,,35.1669043770008,129.115929886035,normalized,1981,,,,,2026-08-13T11:11:27.479Z,2026-08-13T11:11:27.479Z
3151,26500-2170,,광안부백자연애아파트,광안부백자연애,부산,수영구,26500,광안동,10400,744-6,,,35.15741161861316,129.1123185720776,normalized,2018,,,,,2026-08-13T11:08:48.872Z,2026-08-13T11:08:48.872Z
3203,26500-2172,,센텀디아이리더스,센텀디아이리더스,부산,수영구,26500,광안동,10400,89-1,,,35.16632054262145,129.1153045998618,normalized,2019,,,,,2026-08-13T11:10:07.402Z,2026-08-13T11:10:07.402Z
3207,26500-218,,한솔,한솔,부산,수영구,26500,광안동,10400,1077-7,,,35.1531158760318,129.115774575275,normalized,2002,,,,,2026-08-13T11:10:13.456Z,2026-08-13T11:10:13.456Z
3264,26500-2180,,광안지음주상복합,광안지음주상복합,부산,수영구,26500,광안동,10400,165-9,,,35.1540241509284,129.112475660135,normalized,2019,,,,,2026-08-13T11:11:39.554Z,2026-08-13T11:11:39.554Z
3260,26500-220,,신라탑스빌,신라탑스빌,부산,수영구,26500,광안동,10400,1077-30,,,35.16538303277189,129.1141357336173,normalized,2002,,,,,2026-08-13T11:11:33.488Z,2026-08-13T11:11:33.488Z
3170,26500-2207,,에이스로얄팰리스,에이스로얄팰리스,부산,수영구,26500,광안동,10400,199-2,,,35.1508407663804,129.115499507242,normalized,2019,,,,,2026-08-13T11:09:17.542Z,2026-08-13T11:09:17.542Z
3172,26500-222,,삼흥토인월드,삼흥토인월드,부산,수영구,26500,광안동,10400,1078-2,,,35.16519360781741,129.1140946153763,normalized,2001,,,,,2026-08-13T11:09:20.558Z,2026-08-13T11:09:20.558Z
3186,26500-2238,,가비펠리치,가비펠리치,부산,수영구,26500,광안동,10400,199-3,,,35.1507590075098,129.115279048461,normalized,2020,,,,,2026-08-13T11:09:41.790Z,2026-08-13T11:09:41.790Z
3157,26500-2245,,남천우성스마트시티뷰,남천우성스마트시티뷰,부산,수영구,26500,남천동,10500,556-7,,,35.1378268897044,129.1094723866297,normalized,2020,,,,,2026-08-13T11:08:57.952Z,2026-08-13T11:08:57.952Z
3210,26500-228,,봉황파크,봉황파크,부산,수영구,26500,남천동,10500,21-9,,,35.141004095565,129.11041887565,normalized,2004,,,,,2026-08-13T11:10:18.289Z,2026-08-13T11:10:18.289Z
3227,26500-2286,,광안비치올리브씨,광안비치올리브씨,부산,수영구,26500,광안동,10400,191-1,,,35.15437283926748,129.1182572741476,normalized,2021,,,,,2026-08-13T11:10:43.605Z,2026-08-13T11:10:43.605Z
3135,26500-2288,,리부스남천,리부스남천,부산,수영구,26500,남천동,10500,74-6,,,35.1426836217897,129.10742989603,normalized,2021,,,,,2026-08-13T11:08:24.795Z,2026-08-13T11:08:24.795Z
3104,26500-2318,,광안리슈빌DS,광안리슈빌DS,부산,수영구,26500,민락동,10300,184-2,,,35.15557594558946,129.1191289729043,normalized,2021,,,,,2026-08-13T11:07:38.108Z,2026-08-13T11:07:38.108Z
3142,26500-2349,,남천세원수아파트,남천세원수,부산,수영구,26500,남천동,10500,556-20,,,35.1387101204075,129.108586836707,normalized,2021,,,,,2026-08-13T11:08:35.333Z,2026-08-13T11:08:35.333Z
3101,26500-2352,,광안KCC스위첸하버뷰,광안KCC스위첸하버뷰,부산,수영구,26500,민락동,10300,181-79,,,35.1536450937654,129.126154931207,normalized,2021,,,,,2026-08-13T11:07:33.561Z,2026-08-13T11:07:33.561Z
3078,26500-2361,,경동리인,경동리인,부산,수영구,26500,광안동,10400,195-9,,,35.1523180861611,129.11656365848,normalized,2022,,,,,2026-08-13T11:06:58.861Z,2026-08-13T11:06:58.861Z
3253,26500-2362,,광안스윗팰리스,광안스윗팰리스,부산,수영구,26500,광안동,10400,74-5,,,35.1665233249232,129.115819049941,normalized,2022,,,,,2026-08-13T11:11:22.890Z,2026-08-13T11:11:22.890Z
3124,26500-2368,,광안에코하임센트럴뷰,광안에코하임센트럴뷰,부산,수영구,26500,광안동,10400,774-26,,,35.1556691761235,129.11234812632,normalized,2022,,,,,2026-08-13T11:08:08.219Z,2026-08-13T11:08:08.219Z
3096,26500-242,,대우포르투나,대우포르투나,부산,수영구,26500,남천동,10500,556-4,,,35.13811147200644,129.1086547673429,normalized,2004,,,,,2026-08-13T11:07:26.011Z,2026-08-13T11:07:26.011Z
3194,26500-243,,광안명진웰리치,광안명진웰리치,부산,수영구,26500,광안동,10400,776-11,,,35.15296812449409,129.1112282377762,normalized,2005,,,,,2026-08-13T11:09:53.794Z,2026-08-13T11:09:53.794Z
3072,26500-2470,,이린타워빌10,이린타워빌10,부산,수영구,26500,광안동,10400,119-3,,,35.1595581095725,129.115470704034,normalized,2023,,,,,2026-08-13T11:06:49.787Z,2026-08-13T11:06:49.787Z
3181,26500-2478,,광안포디움프레스티지,광안포디움프레스티지,부산,수영구,26500,광안동,10400,199-7,,,35.15035129455993,129.1151467044745,normalized,2023,,,,,2026-08-13T11:09:34.153Z,2026-08-13T11:09:34.153Z
3267,26500-260,,백광월드타워,백광월드타워,부산,수영구,26500,망미동,10100,795-11,,,35.16969161513909,129.1062655407135,normalized,2005,,,,,2026-08-13T11:11:44.055Z,2026-08-13T11:11:44.055Z
3112,26500-265,,유림주상복합,유림주상복합,부산,수영구,26500,광안동,10400,744-32,,,35.15690124496964,129.1124403386249,normalized,2004,,,,,2026-08-13T11:07:50.119Z,2026-08-13T11:07:50.119Z
3089,26500-266,,송현다미랑,송현다미랑,부산,수영구,26500,민락동,10300,22-1,,,35.15831510120447,129.1284491325867,normalized,2005,,,,,2026-08-13T11:07:15.441Z,2026-08-13T11:07:15.441Z
3159,26500-32,,소라맨션,소라맨션,부산,수영구,26500,남천동,10500,41-2,,,35.12450892990563,129.1087865823459,normalized,1979,,,,,2026-08-13T11:09:00.984Z,2026-08-13T11:09:00.984Z
3223,26500-40,,남천시티빌,남천시티빌,부산,수영구,26500,남천동,10500,19-10,,,35.141673666846,129.1083999963834,normalized,2002,,,,,2026-08-13T11:10:37.666Z,2026-08-13T11:10:37.666Z
3116,26500-64,,금토그랑프리빌,금토그랑프리빌,부산,수영구,26500,민락동,10300,163-3,,,35.1586514884157,129.123095401802,normalized,2002,,,,,2026-08-13T11:07:56.215Z,2026-08-13T11:07:56.215Z
3176,26500-65,,신익탑스빌,신익탑스빌,부산,수영구,26500,수영동,10200,50-3,,,35.17024749163938,129.1154743846903,normalized,1997,,,,,2026-08-13T11:09:26.633Z,2026-08-13T11:09:26.633Z
3173,26500-70,,동산오차드힐,동산오차드힐,부산,수영구,26500,광안동,10400,191-13,,,35.15409074153543,129.1177441320212,normalized,2003,,,,,2026-08-13T11:09:22.074Z,2026-08-13T11:09:22.074Z
3224,26500-72,,희망파크빌,희망파크빌,부산,수영구,26500,광안동,10400,565-12,,,35.1595448444344,129.112772067388,normalized,2003,,,,,2026-08-13T11:10:39.083Z,2026-08-13T11:10:39.083Z
3198,26500-76,,망미스위트빌,망미스위트빌,부산,수영구,26500,망미동,10100,413-1,,,35.1768162531372,129.1157675480581,normalized,2003,,,,,2026-08-13T11:09:59.837Z,2026-08-13T11:09:59.837Z
3265,26500-79,,금수하이빌,금수하이빌,부산,수영구,26500,광안동,10400,148-3,,,35.15751503271698,129.1157897671352,normalized,2003,,,,,2026-08-13T11:11:41.041Z,2026-08-13T11:11:41.041Z
3231,26500-8,,부덕그린,부덕그린,부산,수영구,26500,광안동,10400,107-6,,,35.16204568069185,129.1194164533972,normalized,2000,,,,,2026-08-13T11:10:49.679Z,2026-08-13T11:10:49.679Z
3155,26500-83,,세흥빌라,세흥빌라,부산,수영구,26500,광안동,10400,569-6,,,35.15887922542836,129.1086684850525,normalized,2003,,,,,2026-08-13T11:08:54.925Z,2026-08-13T11:08:54.925Z
3144,26500-87,,나래아트빌,나래아트빌,부산,수영구,26500,광안동,10400,500-5,,,35.16372373817775,129.1100182401097,normalized,2003,,,,,2026-08-13T11:08:38.338Z,2026-08-13T11:08:38.338Z
3211,26500-88,,예광스카이파크,예광스카이파크,부산,수영구,26500,망미동,10100,253-12,,,35.17430663490132,129.1158144437878,normalized,2003,,,,,2026-08-13T11:10:19.500Z,2026-08-13T11:10:19.500Z
3218,26500-9,,산호비치,산호비치,부산,수영구,26500,광안동,10400,170-4,,,35.15291456454323,129.1151241939618,normalized,1989,,,,,2026-08-13T11:10:30.022Z,2026-08-13T11:10:30.022Z
3195,26500-90,,센텀빌리지,센텀빌리지,부산,수영구,26500,광안동,10400,97-8,,,35.16448567076538,129.116446626394,normalized,2003,,,,,2026-08-13T11:09:55.447Z,2026-08-13T11:09:55.447Z
3160,26500-97,,광안메르빌,광안메르빌,부산,수영구,26500,광안동,10400,519-8,,,35.16330546510097,129.1060920333927,normalized,2003,,,,,2026-08-13T11:09:02.458Z,2026-08-13T11:09:02.458Z
3156,26500-99,,동림,동림,부산,수영구,26500,망미동,10100,208-1,,,35.175305768345,129.117374681713,normalized,1982,,,,,2026-08-13T11:08:56.428Z,2026-08-13T11:08:56.428Z
1675,26530-1012,,사상센텀아파트,사상센텀,부산,사상구,26530,괘법동,10400,521-1,,,35.165279557524,128.979782017066,normalized,2017,,,,,2026-08-13T07:00:43.226Z,2026-08-13T07:00:43.226Z
1609,26530-1021,,대상로웰아파트,대상로웰,부산,사상구,26530,모라동,10200,986-3,,,35.1892250636265,128.988720016641,normalized,2018,,,,,2026-08-13T06:57:43.502Z,2026-08-13T06:57:43.502Z
1668,26530-103,,윈저빌타운,윈저빌타운,부산,사상구,26530,괘법동,10400,541-1,,,35.16400283306628,128.9869752722594,normalized,2003,,,,,2026-08-13T06:59:58.297Z,2026-08-13T06:59:58.297Z
1634,26530-1037,,굿모닝뷰,굿모닝뷰,부산,사상구,26530,괘법동,10400,523-4,,,35.166963740825,128.981331835936,normalized,2018,,,,,2026-08-13T06:58:41.514Z,2026-08-13T06:58:41.514Z
1610,26530-104,,어진빌라,어진빌라,부산,사상구,26530,괘법동,10400,550-16,,,35.16074404888402,128.9873129848479,normalized,2003,,,,,2026-08-13T06:57:45.008Z,2026-08-13T06:57:45.008Z
1676,26530-1046,,천아하늘정원,천아하늘정원,부산,사상구,26530,괘법동,10400,524-17,,,35.1664487512457,128.982073279106,normalized,2019,,,,,2026-08-13T07:00:44.572Z,2026-08-13T07:00:44.572Z
1681,26530-105,,리치플러스,리치플러스,부산,사상구,26530,괘법동,10400,553-4,,,35.16058221673851,128.9867406163492,normalized,2003,,,,,2026-08-13T07:00:52.123Z,2026-08-13T07:00:52.123Z
1643,26530-1057,,네오리더스사상,네오리더스사상,부산,사상구,26530,괘법동,10400,545-4,,,35.16326207910235,128.985546001882,normalized,2019,,,,,2026-08-13T06:58:55.063Z,2026-08-13T06:58:55.063Z
1624,26530-1073,,사상역경보센트리안,사상역경보센트리안,부산,사상구,26530,괘법동,10400,525-10,,,35.16512332186811,128.9820059901566,normalized,2020,,,,,2026-08-13T06:58:06.222Z,2026-08-13T06:58:06.222Z
1652,26530-1077,,모라역베스티움더시티,모라역베스티움더시티,부산,사상구,26530,모라동,10200,1375-1,,,35.1904666991621,128.984227515446,normalized,2020,,,,,2026-08-13T06:59:34.177Z,2026-08-13T06:59:34.177Z
1599,26530-108,,남영,남영,부산,사상구,26530,덕포동,10300,789,,,35.17056113475932,128.9886494067793,normalized,1993,,,,,2026-08-13T06:57:13.096Z,2026-08-13T06:57:13.096Z
1682,26530-1083,,파크블루11차,파크블루11차,부산,사상구,26530,괘법동,10400,270-9,,,35.1657865647054,128.984043549835,normalized,2021,,,,,2026-08-13T07:00:53.653Z,2026-08-13T07:00:53.653Z
1690,26530-109,,주은타워빌,주은타워빌,부산,사상구,26530,괘법동,10400,526-44,,,35.16425389252497,128.9830943669772,normalized,2004,,,,,2026-08-13T07:01:16.140Z,2026-08-13T07:01:16.140Z
1601,26530-1093,,엘크루센트로아파트,엘크루센트로,부산,사상구,26530,감전동,10500,118-35,,,35.15518702297285,128.9895863256161,normalized,2021,,,,,2026-08-13T06:57:16.118Z,2026-08-13T06:57:16.118Z
1691,26530-1095,,모라B,모라B,부산,사상구,26530,모라동,10200,648-2,,,35.19151375877541,128.9872553923086,normalized,1978,,,,,2026-08-13T07:01:17.461Z,2026-08-13T07:01:17.461Z
1649,26530-112,,고려아펠리아,고려아펠리아,부산,사상구,26530,주례동,10600,10-26,,,35.15309281887701,129.0117821252444,normalized,2003,,,,,2026-08-13T06:59:14.492Z,2026-08-13T06:59:14.492Z
1607,26530-1121,,사상역봄여름가을겨울,사상역봄여름가을겨울,부산,사상구,26530,괘법동,10400,550-2,,,35.16113758298853,128.9876045831419,normalized,2023,,,,,2026-08-13T06:57:40.455Z,2026-08-13T06:57:40.455Z
1672,26530-115,,금오리치,금오리치,부산,사상구,26530,주례동,10600,630,,,35.14725545322872,128.9996748224544,normalized,2004,,,,,2026-08-13T07:00:19.790Z,2026-08-13T07:00:19.790Z
1674,26530-127,,경동윈츠빌,경동윈츠빌,부산,사상구,26530,주례동,10600,55-139,,,35.1493531182165,129.0132908573774,normalized,2004,,,,,2026-08-13T07:00:43.181Z,2026-08-13T07:00:43.181Z
1635,26530-148,,섬진4차,섬진4차,부산,사상구,26530,엄궁동,10800,567-6,,,35.13066813048711,128.9730343003745,normalized,2005,,,,,2026-08-13T06:58:43.121Z,2026-08-13T06:58:43.121Z
1666,26530-15,,덕포늘푸른,덕포늘푸른,부산,사상구,26530,덕포동,10300,386-1,,,35.1756291283368,128.986246285781,normalized,1996,,,,,2026-08-13T06:59:55.289Z,2026-08-13T06:59:55.289Z
1650,26530-17,,부원파크타운,부원파크타운,부산,사상구,26530,덕포동,10300,762,,,35.17990760855864,128.9903248734179,normalized,1989,,,,,2026-08-13T06:59:16.034Z,2026-08-13T06:59:16.034Z
1585,26530-21,,유원,유원,부산,사상구,26530,덕포동,10300,198,,,35.17298988831792,128.9862830420896,normalized,1980,,,,,2026-08-13T06:56:52.008Z,2026-08-13T06:56:52.008Z
1586,26530-22,,자유,자유,부산,사상구,26530,덕포동,10300,761-1,,,35.18026299183244,128.9894280028547,normalized,1989,,,,,2026-08-13T06:56:53.543Z,2026-08-13T06:56:53.543Z
1619,26530-24,,모라동원타운,모라동원타운,부산,사상구,26530,모라동,10200,1361,,,35.18455993254471,128.9896381333681,normalized,1989,,,,,2026-08-13T06:57:58.570Z,2026-08-13T06:57:58.570Z
1693,26530-25,,모라A,모라A,부산,사상구,26530,모라동,10200,648-1,,,35.1918484508395,128.992551536917,normalized,1978,,,,,2026-08-13T07:01:25.539Z,2026-08-13T07:01:25.539Z
1673,26530-27,,무학,무학,부산,사상구,26530,모라동,10200,1366-1,,,35.18227151665876,128.9891652330257,normalized,1990,,,,,2026-08-13T07:00:31.582Z,2026-08-13T07:00:31.582Z
1583,26530-29,,부원맨션,부원맨션,부산,사상구,26530,모라동,10200,656-3,,,35.18941376968996,128.9846893062925,normalized,1986,,,,,2026-08-13T06:56:48.983Z,2026-08-13T06:56:48.983Z
1572,26530-33,,우신모라,우신모라,부산,사상구,26530,모라동,10200,1362,,,35.18390862631755,128.991980047905,normalized,1992,,,,,2026-08-13T06:56:06.782Z,2026-08-13T06:56:06.782Z
1671,26530-36,,창신그린힐,창신그린힐,부산,사상구,26530,모라동,10200,409-13,,,35.18756932727042,128.9931759163481,normalized,1993,,,,,2026-08-13T07:00:02.819Z,2026-08-13T07:00:02.819Z
1622,26530-37,,학산그린타운,학산그린타운,부산,사상구,26530,모라동,10200,421,,,35.18536326034122,128.9936137927683,normalized,1993,,,,,2026-08-13T06:58:03.086Z,2026-08-13T06:58:03.086Z
1680,26530-38,,한일,한일,부산,사상구,26530,모라동,10200,1326,,,35.19330375966518,128.9940888684902,normalized,1989,,,,,2026-08-13T07:00:50.644Z,2026-08-13T07:00:50.644Z
1626,26530-39,,협성,협성,부산,사상구,26530,모라동,10200,1341,,,35.19129182830763,128.9932449047981,normalized,1989,,,,,2026-08-13T06:58:09.123Z,2026-08-13T06:58:09.123Z
1600,26530-41,,동양한신,동양한신,부산,사상구,26530,삼락동,10100,418-8,,,35.16952180638325,128.9797015988757,normalized,1995,,,,,2026-08-13T06:57:14.622Z,2026-08-13T06:57:14.622Z
1654,26530-44,,엄궁로얄화교아파트,엄궁로얄화교,부산,사상구,26530,엄궁동,10800,11-41,,,35.13431151486878,128.9750310159003,normalized,1986,,,,,2026-08-13T06:59:37.190Z,2026-08-13T06:59:37.190Z
1629,26530-45,,삼성타워,삼성타워,부산,사상구,26530,엄궁동,10800,1-10,,,35.13474008813026,128.9774855115982,normalized,1993,,,,,2026-08-13T06:58:34.142Z,2026-08-13T06:58:34.142Z
1582,26530-48,,엄궁,엄궁,부산,사상구,26530,엄궁동,10800,35-1,,,35.1234480718859,128.96498025406,normalized,1983,,,,,2026-08-13T06:56:47.487Z,2026-08-13T06:56:47.487Z
1687,26530-5,,일자맨션,일자맨션,부산,사상구,26530,괘법동,10400,583-2,,,35.15778787843272,128.985134206374,normalized,1976,,,,,2026-08-13T07:01:01.182Z,2026-08-13T07:01:01.182Z
1636,26530-54,,광우파크,광우파크,부산,사상구,26530,주례동,10600,80-142,,,35.14634776035385,129.0126912706425,normalized,1986,,,,,2026-08-13T06:58:44.530Z,2026-08-13T06:58:44.530Z
1564,26530-56,,대성,대성,부산,사상구,26530,주례동,10600,316,,,35.15318273927088,129.0044020255287,normalized,1988,,,,,2026-08-13T06:55:54.686Z,2026-08-13T06:55:54.686Z
1556,26530-59,,럭키주례2,럭키주례2,부산,사상구,26530,주례동,10600,595-4,,,35.1479928823517,129.0017862964507,normalized,1989,,,,,2026-08-13T06:55:22.828Z,2026-08-13T06:55:22.828Z
1618,26530-61,,주례벽산,주례벽산,부산,사상구,26530,주례동,10600,616-4,,,35.14493396028924,129.0012066784567,normalized,1992,,,,,2026-08-13T06:57:57.055Z,2026-08-13T06:57:57.055Z
1592,26530-62,,본동맨션,본동맨션,부산,사상구,26530,주례동,10600,692-36,,,35.15130849941107,128.9971889445274,normalized,1978,,,,,2026-08-13T06:57:02.554Z,2026-08-13T06:57:02.554Z
1642,26530-70,,주례제일타워맨션,주례제일타워맨션,부산,사상구,26530,주례동,10600,991,,,35.15518189835031,128.9964145910144,normalized,1993,,,,,2026-08-13T06:58:53.584Z,2026-08-13T06:58:53.584Z
1664,26530-71,,조양,조양,부산,사상구,26530,주례동,10600,122,,,35.14835879061268,129.0055432566118,normalized,1984,,,,,2026-08-13T06:59:52.264Z,2026-08-13T06:59:52.264Z
1579,26530-72,,주례,주례,부산,사상구,26530,주례동,10600,152-20,,,35.14870049521268,129.002755995853,normalized,1975,,,,,2026-08-13T06:56:17.344Z,2026-08-13T06:56:17.344Z
1581,26530-75,,주례맨션,주례맨션,부산,사상구,26530,주례동,10600,519-6,,,35.14983509655603,129.0050967215736,normalized,1983,,,,,2026-08-13T06:56:46.117Z,2026-08-13T06:56:46.117Z
1651,26530-77,,창조센추리,창조센추리,부산,사상구,26530,주례동,10600,506,,,35.14999743695727,129.0041088273396,normalized,1993,,,,,2026-08-13T06:59:32.897Z,2026-08-13T06:59:32.897Z
1628,26530-78,,태원,태원,부산,사상구,26530,주례동,10600,92-2,,,35.14959691489445,129.0091373663427,normalized,1983,,,,,2026-08-13T06:58:27.553Z,2026-08-13T06:58:27.553Z
1645,26530-8,,위드한빛,위드한빛,부산,사상구,26530,괘법동,10400,228-8,,,35.16613319793328,128.9898299482462,normalized,2002,,,,,2026-08-13T06:58:58.101Z,2026-08-13T06:58:58.101Z
1655,26530-80,,현대,현대,부산,사상구,26530,주례동,10600,305,,,35.1510553791186,129.014865623048,normalized,1989,,,,,2026-08-13T06:59:38.713Z,2026-08-13T06:59:38.713Z
1558,26530-801,,창우블루빌,창우블루빌,부산,사상구,26530,주례동,10600,213-7,,,35.15198508534237,129.0090249252357,normalized,2004,,,,,2026-08-13T06:55:25.264Z,2026-08-13T06:55:25.264Z
1627,26530-803,,모라리버빌,모라리버빌,부산,사상구,26530,모라동,10200,991,,,35.19004814870625,128.9890847745246,normalized,2005,,,,,2026-08-13T06:58:15.850Z,2026-08-13T06:58:15.850Z
1639,26530-804,,모라동골든파크,모라동골든파크,부산,사상구,26530,모라동,10200,991-2,,,35.189500708347,128.9890560593133,normalized,2005,,,,,2026-08-13T06:58:49.074Z,2026-08-13T06:58:49.074Z
1593,26530-81,,현대무지개타운,현대무지개타운,부산,사상구,26530,주례동,10600,530-5,,,35.14515810431087,129.0055261437553,normalized,1993,,,,,2026-08-13T06:57:04.071Z,2026-08-13T06:57:04.071Z
1574,26530-83,,구덕극동,구덕극동,부산,사상구,26530,학장동,10700,173-16,,,35.13877285501474,128.9935958111101,normalized,1996,,,,,2026-08-13T06:56:09.762Z,2026-08-13T06:56:09.762Z
1616,26530-84,,학장극동,학장극동,부산,사상구,26530,학장동,10700,571-4,,,35.13917643563164,128.9872426592781,normalized,1994,,,,,2026-08-13T06:57:54.024Z,2026-08-13T06:57:54.024Z
1615,26530-85,,금강,금강,부산,사상구,26530,학장동,10700,819,,,35.13594895202702,128.9785108541736,normalized,1992,,,,,2026-08-13T06:57:52.512Z,2026-08-13T06:57:52.512Z
1612,26530-86,,구학마을,구학마을,부산,사상구,26530,학장동,10700,168-8,,,35.1364307586457,128.992441661334,normalized,1992,,,,,2026-08-13T06:57:48.012Z,2026-08-13T06:57:48.012Z
1692,26530-902,,휴그린,휴그린,부산,사상구,26530,엄궁동,10800,567-9,,,35.130574987099,128.972555973659,normalized,2013,,,,,2026-08-13T07:01:24.124Z,2026-08-13T07:01:24.124Z
1694,26530-909,,파밀리아,파밀리아,부산,사상구,26530,괘법동,10400,549-6,,,35.1614763955868,128.9874416391645,normalized,2013,,,,,2026-08-13T07:01:27.040Z,2026-08-13T07:01:27.040Z
1614,26530-91,,1차삼성,1차삼성,부산,사상구,26530,학장동,10700,574-111,,,35.13909538768991,128.9840504148042,normalized,1997,,,,,2026-08-13T06:57:51.016Z,2026-08-13T06:57:51.016Z
1663,26530-93,,삼정송림맨션,삼정송림맨션,부산,사상구,26530,학장동,10700,437,,,35.14014868518715,128.9858762942537,normalized,1986,,,,,2026-08-13T06:59:50.756Z,2026-08-13T06:59:50.756Z
1685,26530-930,,주례센텀,주례센텀,부산,사상구,26530,주례동,10600,221-1,,,35.15477851998335,129.0107746446663,normalized,2014,,,,,2026-08-13T07:00:58.172Z,2026-08-13T07:00:58.172Z
1686,26530-942,,강일프라임빌,강일프라임빌,부산,사상구,26530,괘법동,10400,548-7,,,35.16153989315862,128.9868121968713,normalized,2014,,,,,2026-08-13T07:00:59.674Z,2026-08-13T07:00:59.674Z
1625,26530-95,,정남파크맨션,정남파크맨션,부산,사상구,26530,학장동,10700,574-23,,,35.13884499465674,128.9821705495366,normalized,1985,,,,,2026-08-13T06:58:07.596Z,2026-08-13T06:58:07.596Z
1657,26530-96,,청파,청파,부산,사상구,26530,학장동,10700,574-13,,,35.13967352081649,128.9819843909855,normalized,1985,,,,,2026-08-13T06:59:41.709Z,2026-08-13T06:59:41.709Z
1662,26530-963,,대성캐슬,대성캐슬,부산,사상구,26530,괘법동,10400,547-15,,,35.1612822484105,128.986257246088,normalized,2016,,,,,2026-08-13T06:59:49.413Z,2026-08-13T06:59:49.413Z
1602,26530-966,,파밀리아괘법3차,파밀리아괘법3차,부산,사상구,26530,괘법동,10400,525-25,,,35.1651286667834,128.9825603164365,normalized,2016,,,,,2026-08-13T06:57:28.027Z,2026-08-13T06:57:28.027Z
1630,26530-97,,학장대림,학장대림,부산,사상구,26530,학장동,10700,167-3,,,35.13459979764737,128.9922083519141,normalized,1991,,,,,2026-08-13T06:58:35.517Z,2026-08-13T06:58:35.517Z
1621,26530-973,,파밀리아괘법4차,파밀리아괘법4차,부산,사상구,26530,괘법동,10400,524-23,,,35.16618389120039,128.9811318369671,normalized,2016,,,,,2026-08-13T06:58:01.596Z,2026-08-13T06:58:01.596Z
1623,26530-976,,사상샬레,사상샬레,부산,사상구,26530,괘법동,10400,509-6,,,35.16046560133005,128.9887393550907,normalized,2016,,,,,2026-08-13T06:58:04.585Z,2026-08-13T06:58:04.585Z
1698,26530-981,,사상역이즈팰리스,사상역이즈팰리스,부산,사상구,26530,괘법동,10400,541-2,,,35.16405465091363,128.9871674812516,normalized,2016,,,,,2026-08-13T07:01:43.376Z,2026-08-13T07:01:43.376Z
1611,26530-984,,진영프라임제이,진영프라임제이,부산,사상구,26530,주례동,10600,1162-35,,,35.1490463138692,129.00080707058,normalized,2016,,,,,2026-08-13T06:57:46.483Z,2026-08-13T06:57:46.483Z
1775,26710-14,,황중베르빌,황중베르빌,부산,기장군,26710,기장읍 대라리,25026,167-13,,,35.23673417954949,129.2144164027926,normalized,2002,,,,,2026-08-13T07:05:49.265Z,2026-08-13T07:05:49.265Z
1832,26710-15,,센트럴파크빌라6차,센트럴파크빌라6차,부산,기장군,26710,기장읍 대라리,25026,185-2,,,35.23542795227229,129.2119316490781,normalized,2002,,,,,2026-08-13T07:08:46.954Z,2026-08-13T07:08:46.954Z
1721,26710-2,,부전타워,부전타워,부산,기장군,26710,기장읍 교리,25022,268,,,35.25329874436454,129.2191272030867,normalized,1992,,,,,2026-08-13T07:03:11.187Z,2026-08-13T07:03:11.187Z
1782,26710-23,,대진로얄,대진로얄,부산,기장군,26710,기장읍 동부리,25021,133-8,,,35.2469824748166,129.2148676081742,normalized,1990,,,,,2026-08-13T07:06:15.168Z,2026-08-13T07:06:15.168Z
1762,26710-25,,동산그린타워,동산그린타워,부산,기장군,26710,기장읍 동부리,25021,374-11,,,35.24830276834906,129.2185472067352,normalized,1992,,,,,2026-08-13T07:05:09.197Z,2026-08-13T07:05:09.197Z
1776,26710-26,,동산백조,동산백조,부산,기장군,26710,기장읍 동부리,25021,377-2,,,35.24965045408932,129.2181752959133,normalized,1991,,,,,2026-08-13T07:06:06.301Z,2026-08-13T07:06:06.301Z
1817,26710-28,,부전베스트,부전베스트,부산,기장군,26710,기장읍 동부리,25021,377-1,,,35.2480099324533,129.2127897748196,normalized,1990,,,,,2026-08-13T07:07:58.891Z,2026-08-13T07:07:58.891Z
1795,26710-30,,애경아트빌,애경아트빌,부산,기장군,26710,기장읍 동부리,25021,133-10,,,35.24707992664996,129.2143682593662,normalized,2002,,,,,2026-08-13T07:06:50.079Z,2026-08-13T07:06:50.079Z
1818,26710-37,,세흥비치,세흥비치,부산,기장군,26710,일광읍 삼성리,25921,713-3,,,35.2613170530517,129.2325341794407,normalized,1992,,,,,2026-08-13T07:08:00.427Z,2026-08-13T07:08:00.427Z
1789,26710-382,,해맞이빌,해맞이빌,부산,기장군,26710,일광읍 삼성리,25921,35-4,,,35.2651645879717,129.234595467733,normalized,2007,,,,,2026-08-13T07:06:25.696Z,2026-08-13T07:06:25.696Z
1788,26710-390,,수신,수신,부산,기장군,26710,기장읍 대라리,25026,174-1,,,35.2357386517423,129.2141586864039,normalized,2009,,,,,2026-08-13T07:06:24.187Z,2026-08-13T07:06:24.187Z
1785,26710-4,,욱일,욱일,부산,기장군,26710,기장읍 교리,25022,336-10,,,35.25212767624173,129.2153701351887,normalized,1998,,,,,2026-08-13T07:06:19.684Z,2026-08-13T07:06:19.684Z
1746,26710-478,,주명아파트B동,주명아파트B동,부산,기장군,26710,기장읍 대라리,25026,185-12,,,35.23514224500075,129.2121808933294,normalized,2012,,,,,2026-08-13T07:04:14.431Z,2026-08-13T07:04:14.431Z
1823,26710-497,,동부스위트,동부스위트,부산,기장군,26710,기장읍 동부리,25021,166,,,35.24453999373251,129.2140058898287,normalized,2013,,,,,2026-08-13T07:08:13.170Z,2026-08-13T07:08:13.170Z
1824,26710-498,,금광타워,금광타워,부산,기장군,26710,기장읍 대라리,25026,418-22,,,35.24244767161972,129.2139522868731,normalized,2013,,,,,2026-08-13T07:08:25.069Z,2026-08-13T07:08:25.069Z
1819,26710-5,,전원그린맨션B동,전원그린맨션B동,부산,기장군,26710,기장읍 교리,25022,361-1,,,35.25298165193851,129.2189252126064,normalized,1993,,,,,2026-08-13T07:08:01.904Z,2026-08-13T07:08:01.904Z
1773,26710-50,,동보시티빌,동보시티빌,부산,기장군,26710,기장읍 동부리,25021,159-10,,,35.2461951360941,129.2159369540363,normalized,2003,,,,,2026-08-13T07:05:46.247Z,2026-08-13T07:05:46.247Z
1827,26710-512,,동국에버리치,동국에버리치,부산,기장군,26710,기장읍 대라리,25026,89-2,,,35.24217209860313,129.2171411443346,normalized,2013,,,,,2026-08-13T07:08:29.238Z,2026-08-13T07:08:29.238Z
1713,26710-535,,동일스위트3차,동일스위트3차,부산,기장군,26710,정관읍 모전리,25627,728,,,35.33724497428277,129.1661722337479,normalized,2014,,,,,2026-08-13T07:03:00.631Z,2026-08-13T07:03:00.631Z
1820,26710-538,,베로나,베로나,부산,기장군,26710,기장읍 대라리,25026,165-14,,,35.23759624804073,129.2128571355591,normalized,2014,,,,,2026-08-13T07:08:03.419Z,2026-08-13T07:08:03.419Z
1806,26710-547,,비룡벨로스텔라,비룡벨로스텔라,부산,기장군,26710,기장읍 청강리,25027,114-1,,,35.23844553451768,129.2197690773104,normalized,2014,,,,,2026-08-13T07:07:16.837Z,2026-08-13T07:07:16.837Z
1768,26710-548,,씨앤스타빌,씨앤스타빌,부산,기장군,26710,기장읍 청강리,25027,258,,,35.23718996399686,129.2190000661365,normalized,2014,,,,,2026-08-13T07:05:18.285Z,2026-08-13T07:05:18.285Z
1796,26710-55,,대정베스트빌,대정베스트빌,부산,기장군,26710,기장읍 동부리,25021,335-13,,,35.2466639443287,129.2124785710817,normalized,2004,,,,,2026-08-13T07:06:56.821Z,2026-08-13T07:06:56.821Z
1809,26710-558,,노블비치,노블비치,부산,기장군,26710,일광읍 삼성리,25921,716-12,,,35.25936547325335,129.2333024060117,normalized,2003,,,,,2026-08-13T07:07:26.721Z,2026-08-13T07:07:26.721Z
1802,26710-575,,삼화펠리스힐아파트,삼화펠리스힐,부산,기장군,26710,기장읍 동부리,25021,509,,,35.24868219311727,129.2114580040196,normalized,2016,,,,,2026-08-13T07:07:10.801Z,2026-08-13T07:07:10.801Z
1801,26710-592,,삼협아띠랑스,삼협아띠랑스,부산,기장군,26710,기장읍 대라리,25026,33-9,,,35.2424634542887,129.217764185668,normalized,2017,,,,,2026-08-13T07:07:09.274Z,2026-08-13T07:07:09.274Z
1805,26710-597,,에코하임기장,에코하임기장,부산,기장군,26710,기장읍 대라리,25026,94-8,,,35.24151318624263,129.2181348214588,normalized,2017,,,,,2026-08-13T07:07:15.319Z,2026-08-13T07:07:15.319Z
1783,26710-603,,동부산렉슬,동부산렉슬,부산,기장군,26710,기장읍 대라리,25026,85,,,35.2416856895517,129.216343644526,normalized,2017,,,,,2026-08-13T07:06:16.701Z,2026-08-13T07:06:16.701Z
1821,26710-626,,에이원더시티,에이원더시티,부산,기장군,26710,기장읍 대라리,25026,94-13,,,35.2416865727024,129.218163709723,normalized,2019,,,,,2026-08-13T07:08:04.987Z,2026-08-13T07:08:04.987Z
1812,26710-627,,동부산어반리움,동부산어반리움,부산,기장군,26710,기장읍 대라리,25026,112-1,,,35.2412922888103,129.215732116316,normalized,2019,,,,,2026-08-13T07:07:41.162Z,2026-08-13T07:07:41.162Z
1777,26710-63,,노이하우스2차,노이하우스2차,부산,기장군,26710,기장읍 서부리,25025,61-15,,,35.24726837764114,129.2095818502648,normalized,2004,,,,,2026-08-13T07:06:07.650Z,2026-08-13T07:06:07.650Z
1730,26710-639,,청강리더스빌,청강리더스빌,부산,기장군,26710,기장읍 청강리,25027,60-1,,,35.2413279557341,129.219685095688,normalized,2020,,,,,2026-08-13T07:03:24.790Z,2026-08-13T07:03:24.790Z
1781,26710-64,,노이하우스3차,노이하우스3차,부산,기장군,26710,기장읍 서부리,25025,64-1,,,35.24669108846038,129.210007763675,normalized,2004,,,,,2026-08-13T07:06:13.653Z,2026-08-13T07:06:13.653Z
1764,26710-643,,센트리움기장,센트리움기장,부산,기장군,26710,기장읍 대라리,25026,88-22,,,35.2422318024147,129.216292606317,normalized,2021,,,,,2026-08-13T07:05:12.257Z,2026-08-13T07:05:12.257Z
1725,26710-66,,이진테마빌,이진테마빌,부산,기장군,26710,기장읍 서부리,25025,402,,,35.25013883732088,129.2107934339946,normalized,2000,,,,,2026-08-13T07:03:17.237Z,2026-08-13T07:03:17.237Z
1799,26710-7,,가화랜드빌,가화랜드빌,부산,기장군,26710,기장읍 교리,25022,352-4,,,35.25248438960574,129.218327231499,normalized,2002,,,,,2026-08-13T07:07:06.251Z,2026-08-13T07:07:06.251Z
1813,26710-78,,테마하이츠빌,테마하이츠빌,부산,기장군,26710,기장읍 대라리,25026,183-10,,,35.23570471787794,129.2111362972335,normalized,2003,,,,,2026-08-13T07:07:53.082Z,2026-08-13T07:07:53.082Z
1826,26710-8,,원재아트빌,원재아트빌,부산,기장군,26710,기장읍 교리,25022,360-2,,,35.25333667403223,129.2196137974256,normalized,2002,,,,,2026-08-13T07:08:27.707Z,2026-08-13T07:08:27.707Z
1779,26710-91,,대변그린비치빌,대변그린비치빌,부산,기장군,26710,기장읍 대변리,25028,584,,,35.22538775968973,129.2256354922478,normalized,2002,,,,,2026-08-13T07:06:10.626Z,2026-08-13T07:06:10.626Z
1740,26710-93,,세진오션리조트빌,세진오션리조트빌,부산,기장군,26710,일광읍 삼성리,25921,715-12,,,35.26011779907637,129.2329176575621,normalized,2003,,,,,2026-08-13T07:04:05.563Z,2026-08-13T07:04:05.563Z