aptSeq,name,sigungu,dong,identityQuality,coordQuality,eligibility,confidence_coverage,transport,living,education,complex,total_WA,total_WB,total_WC,total_WD
26440-114,"외진가센트럴타워",강서구,대저1동,IDENTITY_HIGH,COORD_HIGH,SCORE_AVAILABLE,1.00,68.3,24.5,57.3,62.4,53.1,53.7,55.3,53.0
26140-1353,"비스타동원더비치테라스",서구,암남동,IDENTITY_HIGH,COORD_HIGH,SCORE_AVAILABLE,1.00,20.7,35.4,44.9,78.9,45.0,43.8,48.8,43.1
26260-151,"에스케이쁘띠메종",동래구,안락동,IDENTITY_HIGH,COORD_HIGH,SCORE_AVAILABLE,1.00,54.7,56.7,68.6,55.5,58.9,58.2,58.2,58.7
26140-15,"문화",서구,동대신동3가,IDENTITY_HIGH,COORD_HIGH,SCORE_AVAILABLE,1.00,57.0,64.9,76.7,31.7,57.5,56.6,53.6,58.2
26350-2582,"협성루에나센텀",해운대구,재송동,IDENTITY_HIGH,COORD_LOW,NOT_ENOUGH_DATA,0.25,,,,73.1,,,,
26140-1202,"일광",서구,아미동2가,IDENTITY_LOW,COORD_LOW,NOT_ENOUGH_DATA,0.25,,,,76.0,,,,
26140-63,"문화",서구,토성동2가,IDENTITY_HIGH,COORD_HIGH,SCORE_AVAILABLE,1.00,79.5,77.8,74.9,18.6,62.7,63.0,56.9,64.6
26350-283,"스카이맨션",해운대구,중동,IDENTITY_LOW,COORD_HIGH,SCORE_AVAILABLE,1.00,46.4,60.2,33.8,11.7,38.0,38.7,34.5,39.4
26350-271,"에이스빌라",해운대구,중동,IDENTITY_LOW,COORD_HIGH,SCORE_AVAILABLE,1.00,24.7,43.3,31.7,28.0,31.9,31.6,31.0,31.9
26140-913,"보람",서구,서대신동2가,IDENTITY_HIGH,COORD_HIGH,SCORE_AVAILABLE,1.00,76.4,71.1,37.9,55.5,60.2,62.1,60.3,61.2
26350-225,"태석101동",해운대구,우동,IDENTITY_LOW,COORD_LOW,NOT_ENOUGH_DATA,0.25,,,,46.0,,,,
26260-1821,"명륜아이파크2단지",동래구,복천동,IDENTITY_HIGH,COORD_HIGH,SCORE_AVAILABLE,1.00,56.8,63.3,64.3,65.3,62.4,62.0,62.6,62.1
26140-1290,"대신푸르지오2차",서구,서대신동2가,IDENTITY_HIGH,COORD_HIGH,SCORE_AVAILABLE,1.00,75.7,62.3,27.3,83.5,62.2,64.6,66.1,62.3
26140-1356,"대신해모로센트럴아파트",서구,서대신동2가,IDENTITY_HIGH,COORD_HIGH,SCORE_AVAILABLE,1.00,86.5,60.7,41.1,82.9,67.8,70.1,71.0,68.1
26350-2093,"더샵센텀파크1차",해운대구,재송동,IDENTITY_HIGH,COORD_HIGH,SCORE_AVAILABLE,1.00,81.6,53.3,70.6,75.2,70.2,70.7,71.5,70.2
26350-2374,"에이스스카이뷰",해운대구,송정동,IDENTITY_HIGH,COORD_HIGH,SCORE_AVAILABLE,1.00,58.1,28.0,30.6,56.0,43.2,44.5,45.8,43.2
26140-11,"구덕금호",서구,동대신동3가,IDENTITY_LOW,COORD_LOW,NOT_ENOUGH_DATA,0.25,,,,46.0,,,,
26140-917,"해오름",서구,토성동5가,IDENTITY_HIGH,COORD_HIGH,SCORE_AVAILABLE,1.00,67.7,75.5,66.5,46.9,64.1,64.2,61.7,64.9
26350-134,"SKVIEW",해운대구,좌동,IDENTITY_HIGH,COORD_HIGH,SCORE_AVAILABLE,1.00,42.8,59.1,59.5,58.7,55.1,54.2,55.0,54.6
26350-32,"명유그린",해운대구,재송동,IDENTITY_HIGH,COORD_HIGH,SCORE_AVAILABLE,1.00,33.1,60.0,79.7,36.7,52.4,50.1,49.1,52.1
26350-106,"건영1",해운대구,좌동,IDENTITY_HIGH,COORD_HIGH,SCORE_AVAILABLE,1.00,41.8,61.8,61.9,60.8,56.6,55.6,56.5,56.0
26140-128,"충무제1",서구,충무동2가,IDENTITY_HIGH,COORD_HIGH,SCORE_AVAILABLE,1.00,52.5,68.8,46.4,18.3,46.5,46.8,42.6,47.7
26140-77,"문화",서구,남부민동,IDENTITY_HIGH,COORD_HIGH,SCORE_AVAILABLE,1.00,43.3,49.3,67.6,20.8,45.2,44.0,41.5,45.7
26350-249,"대림맨션",해운대구,중동,IDENTITY_LOW,COORD_HIGH,SCORE_AVAILABLE,1.00,45.0,76.0,52.9,11.7,46.4,46.0,41.1,47.6
26140-1361,"e편한세상송도더퍼스트비치",서구,암남동,IDENTITY_HIGH,COORD_HIGH,SCORE_AVAILABLE,1.00,25.3,37.7,62.0,89.0,53.5,51.7,57.4,51.3
26350-2285,"해운대힐스테이트위브",해운대구,중동,IDENTITY_HIGH,COORD_HIGH,SCORE_AVAILABLE,1.00,20.7,51.0,45.5,84.3,50.4,49.1,54.0,48.5
26350-3370,"드파인센텀",해운대구,반여동,IDENTITY_HIGH,COORD_HIGH,SCORE_AVAILABLE,1.00,53.4,59.9,51.7,86.0,62.8,62.8,65.8,61.9
26350-258,"석공힐타운",해운대구,중동,IDENTITY_LOW,COORD_HIGH,SCORE_AVAILABLE,1.00,22.9,43.0,47.8,12.0,31.4,30.2,28.1,31.7
26350-109,"경남선경",해운대구,좌동,IDENTITY_HIGH,COORD_HIGH,SCORE_AVAILABLE,1.00,37.5,57.8,65.2,62.4,55.7,54.3,55.8,54.9
26230-136,"엘지신개금(2-2)",부산진구,개금동,IDENTITY_HIGH,COORD_HIGH,SCORE_AVAILABLE,1.00,56.4,56.6,79.3,61.8,63.6,62.4,62.9,63.2
26470-1160,"해운그린빌",연제구,연산동,IDENTITY_HIGH,COORD_HIGH,SCORE_AVAILABLE,1.00,47.4,80.4,78.9,46.4,63.3,61.7,60.0,63.3
26110-881,"코모도에스테이트",중구,대청동1가,IDENTITY_HIGH,COORD_HIGH,SCORE_AVAILABLE,1.00,68.3,74.0,77.8,62.9,70.8,70.3,69.5,70.9
26230-2382,"포세이돈",부산진구,양정동,IDENTITY_HIGH,COORD_HIGH,SCORE_AVAILABLE,1.00,65.7,74.9,68.0,52.8,65.3,65.2,63.5,65.8
26110-46,"동아(160-0)",중구,영주동,IDENTITY_MEDIUM,COORD_HIGH,SCORE_AVAILABLE,1.00,39.8,39.7,34.4,40.6,38.6,38.9,39.0,38.6
26230-2598,"포레나부산초읍",부산진구,초읍동,IDENTITY_HIGH,COORD_HIGH,SCORE_AVAILABLE,1.00,22.8,47.9,71.3,82.0,56.0,53.6,58.2,54.0
26230-4540,"양정자이더샵SKVIEW아파트(2단지)",부산진구,양정동,IDENTITY_HIGH,COORD_HIGH,SCORE_AVAILABLE,1.00,59.6,65.1,44.6,89.3,64.6,65.4,68.1,63.9
26230-135,"엘지신개금(2-1)",부산진구,개금동,IDENTITY_HIGH,COORD_HIGH,SCORE_AVAILABLE,1.00,63.0,61.7,77.9,64.0,66.6,65.9,66.1,66.4
26290-2614,"문현동월가아파트",남구,문현동,IDENTITY_LOW,COORD_HIGH,SCORE_AVAILABLE,1.00,70.7,75.5,31.9,80.8,64.7,66.6,67.4,64.8
26230-65,"현대1차",부산진구,양정동,IDENTITY_HIGH,COORD_HIGH,SCORE_AVAILABLE,1.00,44.9,50.4,55.7,64.6,53.9,53.4,55.0,53.3
26230-71,"메리움",부산진구,부암동,IDENTITY_LOW,COORD_LOW,NOT_ENOUGH_DATA,0.25,,,,40.6,,,,
26230-2507,"서면라이포레",부산진구,범천동,IDENTITY_HIGH,COORD_HIGH,SCORE_AVAILABLE,1.00,83.4,72.7,64.2,58.9,69.8,70.8,68.8,70.6
26230-240,"서면롯데캐슬스카이",부산진구,전포동,IDENTITY_HIGH,COORD_HIGH,SCORE_AVAILABLE,1.00,85.0,75.8,59.8,66.6,71.8,73.1,71.7,72.5
26230-4542,"래미안어반파크1단지",부산진구,연지동,IDENTITY_HIGH,COORD_HIGH,SCORE_AVAILABLE,1.00,15.2,57.7,65.7,88.8,56.8,54.3,59.5,54.6
26230-2441,"메리온시티",부산진구,양정동,IDENTITY_HIGH,COORD_HIGH,SCORE_AVAILABLE,1.00,69.6,69.0,57.9,57.4,63.5,64.1,62.9,64.0
26230-141,"개금주공2",부산진구,개금동,IDENTITY_HIGH,COORD_HIGH,SCORE_AVAILABLE,1.00,26.2,24.5,58.0,56.8,41.4,39.8,42.9,40.1
26230-96,"백양뜨란채,주공아파트(1단지)",부산진구,당감동,IDENTITY_HIGH,COORD_HIGH,SCORE_AVAILABLE,1.00,26.0,29.1,63.7,59.3,44.5,42.6,45.8,43.2
26230-2559,"서면2차봄여름가을겨울",부산진구,당감동,IDENTITY_HIGH,COORD_HIGH,SCORE_AVAILABLE,1.00,79.5,67.2,37.5,78.6,65.7,67.8,68.3,66.0
26230-2866,"양정포레힐즈스위첸1단지",부산진구,양정동,IDENTITY_HIGH,COORD_HIGH,SCORE_AVAILABLE,1.00,44.9,66.8,65.4,88.0,66.3,65.3,68.5,65.0
26230-108,"벽산1",부산진구,가야동,IDENTITY_HIGH,COORD_HIGH,SCORE_AVAILABLE,1.00,28.9,48.1,73.0,51.8,50.4,48.2,49.6,49.5
26230-66,"현대2차",부산진구,양정동,IDENTITY_MEDIUM,COORD_HIGH,SCORE_AVAILABLE,1.00,59.3,62.2,75.5,40.6,59.4,58.6,56.6,59.8
26230-2464,"서면DS·협성엘리시안아파트",부산진구,범천동,IDENTITY_HIGH,COORD_HIGH,SCORE_AVAILABLE,1.00,46.4,47.6,31.5,75.6,50.3,51.0,53.9,49.6
26230-1857,"연지자이2차",부산진구,연지동,IDENTITY_MEDIUM,COORD_HIGH,SCORE_AVAILABLE,1.00,18.2,57.2,62.5,65.0,50.7,48.5,51.2,49.3
26230-95,"개금주공3단지",부산진구,당감동,IDENTITY_MEDIUM,COORD_HIGH,SCORE_AVAILABLE,1.00,31.8,54.5,74.7,24.8,46.5,44.3,42.5,46.5
26230-1790,"마제스타워서면",부산진구,부암동,IDENTITY_HIGH,COORD_HIGH,SCORE_AVAILABLE,1.00,30.0,56.8,58.0,60.6,51.4,50.0,51.7,50.4
26290-261,"동림리라",남구,우암동,IDENTITY_HIGH,COORD_HIGH,SCORE_AVAILABLE,1.00,47.0,34.3,40.5,27.1,37.2,37.6,36.2,37.8
26260-2109,"온천천경동리인타워",동래구,낙민동,IDENTITY_HIGH,COORD_HIGH,SCORE_AVAILABLE,1.00,70.9,44.3,64.2,73.5,63.2,63.5,65.1,62.9
26470-1331,"해운파크빌",연제구,연산동,IDENTITY_HIGH,COORD_HIGH,SCORE_AVAILABLE,1.00,50.0,81.3,78.7,49.7,64.9,63.5,61.9,65.0
26230-2437,"영림로즈빌",부산진구,가야동,IDENTITY_HIGH,COORD_HIGH,SCORE_AVAILABLE,1.00,74.5,60.5,56.5,50.1,60.4,61.3,59.6,61.2
26230-2854,"서면비스타동원",부산진구,당감동,IDENTITY_HIGH,COORD_HIGH,SCORE_AVAILABLE,1.00,37.8,58.7,44.5,86.2,56.8,56.5,60.3,55.5
26230-118,"이화",부산진구,가야동,IDENTITY_HIGH,COORD_HIGH,SCORE_AVAILABLE,1.00,48.3,43.2,34.7,31.6,39.5,40.1,38.7,40.0
26230-127,"개금우드빌",부산진구,개금동,IDENTITY_HIGH,COORD_HIGH,SCORE_AVAILABLE,1.00,24.4,22.1,48.5,50.4,36.4,35.2,37.9,35.3
26230-23,"화신거화2",부산진구,전포동,IDENTITY_LOW,COORD_HIGH,SCORE_AVAILABLE,1.00,40.8,40.6,22.9,35.2,34.9,35.8,35.2,35.2
26230-34,"청구",부산진구,연지동,IDENTITY_MEDIUM,COORD_HIGH,SCORE_AVAILABLE,1.00,17.6,49.3,37.9,44.2,37.2,36.2,37.3,36.6
26230-2582,"가야동그린시티",부산진구,가야동,IDENTITY_HIGH,COORD_HIGH,SCORE_AVAILABLE,1.00,84.0,49.8,55.6,66.1,63.9,65.3,65.2,64.4
26230-2541,"더샵골드6",부산진구,전포동,IDENTITY_HIGH,COORD_HIGH,SCORE_AVAILABLE,1.00,58.1,62.2,65.6,57.8,60.9,60.6,60.3,60.9
26230-354,"두산위브센티움",부산진구,범천동,IDENTITY_HIGH,COORD_HIGH,SCORE_AVAILABLE,1.00,55.0,75.6,69.8,59.2,64.9,64.2,63.6,64.9
26230-1802,"서면세종그랑시아",부산진구,전포동,IDENTITY_HIGH,COORD_HIGH,SCORE_AVAILABLE,1.00,76.6,66.7,67.7,67.1,69.5,70.0,69.5,69.8
26230-131,"성도",부산진구,개금동,IDENTITY_HIGH,COORD_HIGH,SCORE_AVAILABLE,1.00,25.8,32.7,61.9,47.1,41.9,40.1,41.9,40.9
26230-2456,"서면TK골드뷰",부산진구,부전동,IDENTITY_HIGH,COORD_HIGH,SCORE_AVAILABLE,1.00,43.0,65.2,70.2,55.0,58.4,57.0,57.1,58.0
26230-355,"대동레미안",부산진구,범천동,IDENTITY_MEDIUM,COORD_HIGH,SCORE_AVAILABLE,1.00,64.4,71.5,48.7,53.2,59.4,60.2,58.8,60.0
26230-1727,"에스엔디파인빌",부산진구,부전동,IDENTITY_HIGH,COORD_HIGH,SCORE_AVAILABLE,1.00,61.7,71.4,75.4,52.2,65.2,64.5,63.0,65.4
26230-144,"한진",부산진구,개금동,IDENTITY_MEDIUM,COORD_HIGH,SCORE_AVAILABLE,1.00,28.2,42.9,63.5,29.8,41.1,39.3,38.8,40.8
26230-104,"가야삼정그린코아",부산진구,가야동,IDENTITY_HIGH,COORD_HIGH,SCORE_AVAILABLE,1.00,33.3,48.1,50.6,56.1,47.1,46.2,47.7,46.4
26230-1906,"삼정그린코아",부산진구,초읍동,IDENTITY_LOW,COORD_LOW,NOT_ENOUGH_DATA,0.25,,,,65.0,,,,
26230-2048,"서면블리체",부산진구,부전동,IDENTITY_HIGH,COORD_HIGH,SCORE_AVAILABLE,1.00,50.1,69.9,76.8,58.8,63.9,62.6,62.5,63.6
26230-1452,"다산몽레브",부산진구,가야동,IDENTITY_HIGH,COORD_HIGH,SCORE_AVAILABLE,1.00,51.8,64.9,48.8,39.6,51.3,51.4,49.5,51.8
26230-2600,"연지보해이브더파크",부산진구,연지동,IDENTITY_HIGH,COORD_HIGH,SCORE_AVAILABLE,1.00,37.2,56.3,67.7,69.0,57.5,56.0,58.2,56.5
26230-1943,"더블루오피스텔",부산진구,전포동,IDENTITY_LOW,COORD_LOW,NOT_ENOUGH_DATA,0.25,,,,67.2,,,,
26230-2472,"범내골역이즈팰리스",부산진구,범천동,IDENTITY_LOW,COORD_HIGH,SCORE_AVAILABLE,1.00,80.8,66.5,68.0,78.4,73.4,74.1,74.5,73.5
26230-2386,"메리온시티",부산진구,전포동,IDENTITY_LOW,COORD_LOW,NOT_ENOUGH_DATA,0.25,,,,76.0,,,,
26230-2444,"가야누리애",부산진구,범천동,IDENTITY_LOW,COORD_HIGH,SCORE_AVAILABLE,1.00,57.1,73.4,67.6,78.4,69.1,68.6,69.9,68.6
26230-93,"삼익아파트",부산진구,당감동,IDENTITY_HIGH,COORD_HIGH,SCORE_AVAILABLE,1.00,29.9,64.3,71.4,39.8,51.3,49.3,48.5,51.0
26230-2063,"서면앙쥬빌주상복합",부산진구,전포동,IDENTITY_LOW,COORD_HIGH,SCORE_AVAILABLE,1.00,74.4,74.7,59.9,67.2,69.0,69.8,69.0,69.4
26500-100,"복음",수영구,망미동,IDENTITY_HIGH,COORD_HIGH,SCORE_AVAILABLE,1.00,28.5,41.1,60.1,23.2,38.2,36.7,35.5,38.2
26230-37,"연지2청구",부산진구,연지동,IDENTITY_HIGH,COORD_HIGH,SCORE_AVAILABLE,0.75,,49.2,42.9,61.1,51.0,51.6,53.0,50.7
26230-1882,"부산서면동문굿모닝힐",부산진구,부암동,IDENTITY_HIGH,COORD_HIGH,SCORE_AVAILABLE,1.00,52.6,74.2,50.4,74.4,62.9,63.0,64.1,62.5
26230-2484,"서면동일파크스위트3차",부산진구,부암동,IDENTITY_HIGH,COORD_HIGH,SCORE_AVAILABLE,1.00,34.4,55.3,75.2,78.2,60.8,58.7,62.1,59.3
26230-84,"협성피닉스타운",부산진구,부암동,IDENTITY_HIGH,COORD_HIGH,SCORE_AVAILABLE,1.00,16.6,45.6,45.9,56.8,41.2,39.8,42.3,40.0
26230-146,"개금아이파크",부산진구,개금동,IDENTITY_HIGH,COORD_HIGH,SCORE_AVAILABLE,1.00,45.1,63.4,73.5,68.0,62.5,61.1,62.4,61.7
26230-2575,"범일역이즈",부산진구,범천동,IDENTITY_HIGH,COORD_HIGH,SCORE_AVAILABLE,1.00,73.9,71.0,49.5,65.9,65.1,66.3,65.6,65.5
26230-2646,"e편한세상서면더센트럴",부산진구,범천동,IDENTITY_HIGH,COORD_HIGH,SCORE_AVAILABLE,1.00,43.4,35.7,67.7,84.8,57.9,56.7,61.2,56.3
26230-1,"네오스포",부산진구,부전동,IDENTITY_LOW,COORD_LOW,NOT_ENOUGH_DATA,0.25,,,,42.4,,,,
26230-54,"한신",부산진구,초읍동,IDENTITY_HIGH,COORD_HIGH,SCORE_AVAILABLE,1.00,26.1,39.6,61.0,51.6,44.6,42.8,44.7,43.6
26230-2120,"강진융프라우",부산진구,범천동,IDENTITY_HIGH,COORD_HIGH,SCORE_AVAILABLE,1.00,81.2,69.6,70.1,59.6,70.1,70.7,69.1,70.8
26350-35,"센텀삼익아파트",해운대구,재송동,IDENTITY_HIGH,COORD_HIGH,SCORE_AVAILABLE,1.00,65.8,64.8,78.9,40.0,62.4,61.7,59.2,63.0
26230-254,"한신센타뷰",부산진구,가야동,IDENTITY_HIGH,COORD_HIGH,SCORE_AVAILABLE,1.00,60.0,61.6,57.8,48.2,56.9,57.0,55.7,57.3
26230-357,"경동",부산진구,연지동,IDENTITY_HIGH,COORD_HIGH,SCORE_AVAILABLE,1.00,18.8,58.0,49.2,53.2,44.8,43.3,44.7,43.8
26230-2325,"수목하우스",부산진구,양정동,IDENTITY_HIGH,COORD_HIGH,SCORE_AVAILABLE,1.00,88.7,75.2,69.8,55.0,72.2,73.1,70.4,73.2
26230-2395,"동양팰리스",부산진구,전포동,IDENTITY_HIGH,COORD_HIGH,SCORE_AVAILABLE,1.00,56.4,71.6,60.7,62.8,62.9,62.7,62.5,62.8
26230-1703,"서면이-편한세상",부산진구,범천동,IDENTITY_HIGH,COORD_HIGH,SCORE_AVAILABLE,1.00,75.7,70.0,61.6,70.3,69.4,70.1,69.8,69.6
26230-2428,"개금역스마트더블유",부산진구,개금동,IDENTITY_HIGH,COORD_HIGH,SCORE_AVAILABLE,1.00,71.9,66.7,63.6,68.5,67.7,68.1,68.0,67.8
26230-2603,"협성휴포레시티즌파크",부산진구,부암동,IDENTITY_HIGH,COORD_HIGH,SCORE_AVAILABLE,1.00,27.6,58.8,67.5,78.3,58.1,56.1,59.6,56.5
26230-2523,"개금역금강펜테리움더스퀘어아파트",부산진구,개금동,IDENTITY_HIGH,COORD_HIGH,SCORE_AVAILABLE,1.00,88.6,72.0,73.6,79.6,78.4,79.2,79.1,78.7
26230-2641,"시민공원일동미라주시티",부산진구,부암동,IDENTITY_HIGH,COORD_HIGH,SCORE_AVAILABLE,1.00,41.8,60.5,67.7,77.1,61.8,60.5,63.1,60.6
26230-133,"시영(1~5동)",부산진구,개금동,IDENTITY_HIGH,COORD_HIGH,SCORE_AVAILABLE,1.00,49.2,62.6,76.4,31.2,54.9,53.5,51.0,55.3
26230-179,"경원프라우드-2",부산진구,전포동,IDENTITY_LOW,COORD_HIGH,SCORE_AVAILABLE,1.00,78.8,61.7,72.7,49.6,65.7,66.0,63.9,66.5
26230-243,"서면베르빌2",부산진구,범천동,IDENTITY_MEDIUM,COORD_HIGH,SCORE_AVAILABLE,1.00,75.7,68.2,57.5,51.4,63.2,64.1,62.1,64.0
26230-2856,"롯데캐슬라센트",부산진구,부암동,IDENTITY_HIGH,COORD_HIGH,SCORE_AVAILABLE,0.75,,50.6,52.3,89.0,64.0,64.8,69.0,62.9
26500-1368,"카라디움",수영구,민락동,IDENTITY_HIGH,COORD_HIGH,SCORE_AVAILABLE,1.00,67.7,73.1,42.5,42.6,56.5,57.7,55.0,57.5
26230-36,"화인",부산진구,연지동,IDENTITY_MEDIUM,COORD_HIGH,SCORE_AVAILABLE,1.00,27.1,44.0,37.7,37.0,36.4,35.9,36.1,36.2
26230-85,"화승",부산진구,부암동,IDENTITY_HIGH,COORD_HIGH,SCORE_AVAILABLE,1.00,25.7,68.7,69.4,62.1,56.5,54.3,55.8,55.4
26230-1861,"더샵센트럴스타",부산진구,부전동,IDENTITY_MEDIUM,COORD_HIGH,SCORE_AVAILABLE,1.00,59.7,73.0,49.9,65.0,61.9,62.4,62.2,62.0
26230-2070,"백양산삼정그린코아",부산진구,부암동,IDENTITY_HIGH,COORD_HIGH,SCORE_AVAILABLE,1.00,11.9,28.7,56.7,62.1,39.8,37.6,41.8,38.0
26230-2599,"서면3차봄여름가을겨울",부산진구,범천동,IDENTITY_HIGH,COORD_HIGH,SCORE_AVAILABLE,1.00,68.7,62.0,55.0,77.6,65.8,66.5,67.7,65.6
26230-55,"한일맨션",부산진구,초읍동,IDENTITY_HIGH,COORD_HIGH,SCORE_AVAILABLE,1.00,23.9,51.1,65.4,35.1,43.9,41.8,41.5,43.4
26230-1706,"현호네오빌",부산진구,부전동,IDENTITY_HIGH,COORD_HIGH,SCORE_AVAILABLE,1.00,58.6,65.9,81.9,42.6,62.2,61.1,59.1,62.6
26230-212,"한웅인터빌",부산진구,전포동,IDENTITY_HIGH,COORD_HIGH,SCORE_AVAILABLE,1.00,72.1,62.0,79.2,61.4,68.6,68.3,67.7,68.8
26230-2645,"서면스위트엠골드에비뉴",부산진구,범천동,IDENTITY_HIGH,COORD_HIGH,SCORE_AVAILABLE,1.00,65.0,72.0,60.0,73.6,67.6,67.9,68.4,67.5
26230-1709,"일동미라주",부산진구,부암동,IDENTITY_HIGH,COORD_HIGH,SCORE_AVAILABLE,1.00,40.8,55.9,59.4,62.9,54.7,53.8,55.3,54.1
26230-87,"국제프라자",부산진구,당감동,IDENTITY_HIGH,COORD_HIGH,SCORE_AVAILABLE,1.00,28.6,41.1,64.2,50.1,46.0,44.2,45.7,45.1
26230-58,"백조",부산진구,양정동,IDENTITY_MEDIUM,COORD_HIGH,SCORE_AVAILABLE,1.00,82.5,70.7,75.9,17.6,61.7,62.0,56.1,63.6
26230-86,"국제백양",부산진구,당감동,IDENTITY_HIGH,COORD_HIGH,SCORE_AVAILABLE,1.00,24.9,41.3,55.1,60.9,45.5,44.0,46.8,44.3
26230-31,"세동한신",부산진구,연지동,IDENTITY_MEDIUM,COORD_HIGH,SCORE_AVAILABLE,1.00,25.6,54.4,72.2,35.2,46.8,44.5,44.0,46.4
26230-1636,"타워베르빌",부산진구,부암동,IDENTITY_HIGH,COORD_HIGH,SCORE_AVAILABLE,1.00,45.3,59.9,75.3,65.8,61.6,60.1,61.4,60.8
26230-145,"현대",부산진구,개금동,IDENTITY_MEDIUM,COORD_HIGH,SCORE_AVAILABLE,1.00,38.5,35.9,69.8,29.8,43.5,41.9,41.2,43.4
26230-128,"동원화인패밀리",부산진구,개금동,IDENTITY_HIGH,COORD_HIGH,SCORE_AVAILABLE,1.00,25.0,45.7,79.3,59.7,52.4,49.7,52.2,51.1
26230-89,"동원타워",부산진구,당감동,IDENTITY_HIGH,COORD_HIGH,SCORE_AVAILABLE,1.00,26.6,56.5,60.5,44.8,47.1,45.4,45.7,46.5
26230-2574,"개금동포르투나",부산진구,개금동,IDENTITY_HIGH,COORD_HIGH,SCORE_AVAILABLE,1.00,85.7,73.3,67.0,66.5,73.1,74.1,72.8,73.8
26230-106,"동원",부산진구,가야동,IDENTITY_HIGH,COORD_HIGH,SCORE_AVAILABLE,1.00,38.3,57.0,81.0,38.5,53.7,51.6,50.7,53.5
26230-124,"화신",부산진구,가야동,IDENTITY_HIGH,COORD_HIGH,SCORE_AVAILABLE,1.00,51.1,61.4,50.4,54.2,54.3,54.3,54.1,54.3
26230-11,"서면한신",부산진구,전포동,IDENTITY_HIGH,COORD_HIGH,SCORE_AVAILABLE,1.00,70.6,72.4,68.4,60.1,67.9,68.0,66.9,68.2
26230-2434,"양정클래스원",부산진구,양정동,IDENTITY_HIGH,COORD_HIGH,SCORE_AVAILABLE,1.00,76.3,69.7,66.3,58.6,67.7,68.2,66.8,68.3
26230-239,"쌍용스윗닷홈",부산진구,부암동,IDENTITY_HIGH,COORD_HIGH,SCORE_AVAILABLE,1.00,17.4,15.3,73.1,69.0,43.7,40.9,46.2,41.6
26230-363,"글로벌타워",부산진구,개금동,IDENTITY_HIGH,COORD_HIGH,SCORE_AVAILABLE,1.00,86.4,72.0,68.2,45.4,68.0,68.9,65.5,69.3
26230-2845,"서면롯데캐슬엘루체",부산진구,부전동,IDENTITY_HIGH,COORD_HIGH,SCORE_AVAILABLE,1.00,62.3,77.9,84.2,85.1,77.4,76.3,77.8,76.6
26500-1809,"성우센텀스카이뷰비",수영구,광안동,IDENTITY_HIGH,COORD_HIGH,SCORE_AVAILABLE,1.00,58.2,71.0,38.3,52.0,54.9,55.9,54.6,55.4
26230-221,"블루스카이빌(159-3)",부산진구,초읍동,IDENTITY_LOW,COORD_HIGH,SCORE_AVAILABLE,1.00,25.9,53.0,73.5,47.8,50.1,47.7,48.5,49.2
26230-2596,"연지에코팰리스",부산진구,연지동,IDENTITY_HIGH,COORD_HIGH,SCORE_AVAILABLE,1.00,41.6,41.6,41.3,69.9,48.6,48.6,51.5,47.8
26230-2291,"산들파르테",부산진구,양정동,IDENTITY_HIGH,COORD_HIGH,SCORE_AVAILABLE,1.00,61.3,73.9,54.1,49.5,59.7,60.1,58.3,60.3
26230-109,"벽산2",부산진구,가야동,IDENTITY_MEDIUM,COORD_HIGH,SCORE_AVAILABLE,1.00,39.2,59.6,71.4,29.8,50.0,48.4,46.4,50.2
26230-2459,"서면동일파크스위트2차",부산진구,부암동,IDENTITY_HIGH,COORD_HIGH,SCORE_AVAILABLE,1.00,24.9,68.8,68.6,68.9,57.8,55.6,57.8,56.5
26230-1673,"백양산월드메르디앙",부산진구,부암동,IDENTITY_HIGH,COORD_HIGH,SCORE_AVAILABLE,1.00,25.1,29.3,78.2,59.8,48.1,45.5,48.7,46.6
26230-2850,"e편한세상시민공원1단지",부산진구,전포동,IDENTITY_MEDIUM,COORD_HIGH,SCORE_AVAILABLE,1.00,53.2,55.2,64.5,92.0,66.2,65.6,69.4,65.0
26230-2555,"리츠캐슬",부산진구,범천동,IDENTITY_HIGH,COORD_HIGH,SCORE_AVAILABLE,1.00,59.4,76.1,71.2,62.5,67.3,66.7,66.2,67.3
26230-26,"로얄",부산진구,연지동,IDENTITY_HIGH,COORD_HIGH,SCORE_AVAILABLE,1.00,20.8,57.7,72.3,39.4,47.5,44.9,45.0,46.8
26230-352,"한솔폴라리스",부산진구,부전동,IDENTITY_HIGH,COORD_HIGH,SCORE_AVAILABLE,1.00,64.1,84.4,73.1,61.2,70.7,70.3,68.9,70.9
26230-99,"태화현대1",부산진구,당감동,IDENTITY_HIGH,COORD_HIGH,SCORE_AVAILABLE,1.00,76.8,52.7,49.9,58.7,59.5,60.9,60.3,60.1
26230-97,"백양푸른채",부산진구,당감동,IDENTITY_HIGH,COORD_HIGH,SCORE_AVAILABLE,1.00,25.9,22.5,53.4,58.8,40.1,38.8,42.2,38.8
26230-40,"초읍그린",부산진구,초읍동,IDENTITY_HIGH,COORD_HIGH,SCORE_AVAILABLE,1.00,26.4,45.3,82.5,35.6,47.4,44.6,44.6,46.8
26230-1733,"쌍용스윗닷홈스카이",부산진구,부암동,IDENTITY_HIGH,COORD_HIGH,SCORE_AVAILABLE,1.00,47.8,55.5,64.6,69.5,59.3,58.5,60.3,58.6
26230-2308,"KH마이우스",부산진구,전포동,IDENTITY_LOW,COORD_LOW,NOT_ENOUGH_DATA,0.25,,,,71.6,,,,
26230-245,"서면노르웨이아침",부산진구,전포동,IDENTITY_HIGH,COORD_HIGH,SCORE_AVAILABLE,1.00,59.2,70.2,53.0,64.6,61.8,62.1,62.1,61.8
26230-2368,"홍림로얄뷰",부산진구,당감동,IDENTITY_HIGH,COORD_HIGH,SCORE_AVAILABLE,1.00,78.9,64.2,41.3,57.6,60.5,62.4,61.0,61.4
26230-230,"부암동리젠트힐",부산진구,부암동,IDENTITY_HIGH,COORD_HIGH,SCORE_AVAILABLE,1.00,35.8,56.6,71.6,44.2,52.1,50.3,50.1,51.7
26230-2305,"다온미즈",부산진구,개금동,IDENTITY_HIGH,COORD_HIGH,SCORE_AVAILABLE,1.00,53.6,68.8,63.0,59.6,61.2,60.8,60.6,61.1
26230-1751,"연지자이",부산진구,연지동,IDENTITY_HIGH,COORD_HIGH,SCORE_AVAILABLE,1.00,20.4,60.9,53.9,68.2,50.8,49.2,51.9,49.5
26350-2,"경동",해운대구,우동,IDENTITY_HIGH,COORD_LOW,NOT_ENOUGH_DATA,0.25,,,,36.4,,,,
26230-246,"대우디오빌1",부산진구,범천동,IDENTITY_MEDIUM,COORD_HIGH,SCORE_AVAILABLE,1.00,84.6,70.5,59.1,51.4,66.4,67.7,65.0,67.5
26230-33,"일동대영",부산진구,연지동,IDENTITY_LOW,COORD_LOW,NOT_ENOUGH_DATA,0.25,,,,18.4,,,,
26230-14,"예일프라자",부산진구,전포동,IDENTITY_LOW,COORD_LOW,NOT_ENOUGH_DATA,0.25,,,,21.6,,,,
26230-1995,"가야삼한사랑채",부산진구,가야동,IDENTITY_HIGH,COORD_HIGH,SCORE_AVAILABLE,1.00,65.1,52.2,56.0,55.7,57.2,57.7,57.4,57.5
26230-107,"마마",부산진구,가야동,IDENTITY_LOW,COORD_LOW,NOT_ENOUGH_DATA,0.25,,,,19.2,,,,
26530-1012,"사상센텀아파트",사상구,괘법동,IDENTITY_HIGH,COORD_HIGH,SCORE_AVAILABLE,1.00,64.8,71.8,72.4,56.3,66.3,65.9,64.7,66.5
26530-1021,"대상로웰아파트",사상구,모라동,IDENTITY_HIGH,COORD_HIGH,SCORE_AVAILABLE,1.00,86.1,62.3,62.7,62.5,68.4,69.6,68.4,69.1
26230-2565,"에스제이파베르",부산진구,범천동,IDENTITY_LOW,COORD_HIGH,SCORE_AVAILABLE,1.00,67.1,68.0,58.5,83.2,69.2,69.6,71.2,68.8
26230-1976,"범일역풍림아이원",부산진구,범천동,IDENTITY_HIGH,COORD_HIGH,SCORE_AVAILABLE,1.00,56.4,73.8,66.7,63.8,65.2,64.7,64.5,65.0
26230-42,"대진파레스필즈",부산진구,초읍동,IDENTITY_HIGH,COORD_HIGH,SCORE_AVAILABLE,1.00,23.8,8.1,17.9,40.0,22.5,22.8,25.2,21.9
26230-2378,"타워팰리스",부산진구,양정동,IDENTITY_LOW,COORD_LOW,NOT_ENOUGH_DATA,0.25,,,,76.0,,,,
26230-75,"삼부본동",부산진구,부암동,IDENTITY_HIGH,COORD_HIGH,SCORE_AVAILABLE,1.00,45.3,58.4,69.7,22.0,48.9,47.6,44.7,49.4
26230-2461,"대동레미안더오션",부산진구,부전동,IDENTITY_HIGH,COORD_HIGH,SCORE_AVAILABLE,1.00,58.0,83.5,41.1,59.6,60.6,61.4,60.3,60.9
26230-1999,"동아블루시아",부산진구,초읍동,IDENTITY_HIGH,COORD_HIGH,SCORE_AVAILABLE,1.00,24.0,58.2,73.7,45.6,50.4,47.9,48.3,49.6
26230-91,"백산",부산진구,당감동,IDENTITY_HIGH,COORD_HIGH,SCORE_AVAILABLE,0.75,,59.6,65.7,41.1,55.5,54.7,52.6,56.0
26230-1998,"서면센트리움",부산진구,부암동,IDENTITY_HIGH,COORD_HIGH,SCORE_AVAILABLE,1.00,54.5,68.4,47.3,47.8,54.5,54.9,53.5,54.9
26230-134,"신양맨션",부산진구,개금동,IDENTITY_HIGH,COORD_LOW,NOT_ENOUGH_DATA,0.25,,,,27.6,,,,
26230-1669,"롯데갤러리움",부산진구,양정동,IDENTITY_HIGH,COORD_HIGH,SCORE_AVAILABLE,1.00,60.5,73.8,71.4,59.3,66.2,65.7,64.9,66.3
26230-170,"동연아미가",부산진구,전포동,IDENTITY_HIGH,COORD_HIGH,SCORE_AVAILABLE,1.00,75.7,77.1,68.2,45.5,66.6,67.0,63.9,67.6
26230-1872,"다솜빌",부산진구,부전동,IDENTITY_LOW,COORD_LOW,NOT_ENOUGH_DATA,0.25,,,,65.0,,,,
26230-81,"일성인포",부산진구,부암동,IDENTITY_HIGH,COORD_HIGH,SCORE_AVAILABLE,1.00,46.3,55.5,74.9,57.9,58.7,57.2,57.9,58.1
26230-67,"송백그린",부산진구,양정동,IDENTITY_HIGH,COORD_HIGH,SCORE_AVAILABLE,1.00,71.3,77.4,72.6,34.5,63.9,63.9,59.9,65.1
26230-1634,"신화골든뷰",부산진구,전포동,IDENTITY_HIGH,COORD_HIGH,SCORE_AVAILABLE,1.00,57.4,74.1,62.8,45.4,59.9,59.7,57.6,60.4
26230-178,"동조리젠시",부산진구,범천동,IDENTITY_MEDIUM,COORD_HIGH,SCORE_AVAILABLE,1.00,48.5,46.4,71.9,49.6,54.1,52.9,53.1,53.8
26230-2328,"한진스카이뷰",부산진구,양정동,IDENTITY_HIGH,COORD_HIGH,SCORE_AVAILABLE,1.00,69.0,69.4,65.0,59.8,65.8,66.0,65.0,66.1
26230-2316,"골든엠파이어",부산진구,당감동,IDENTITY_HIGH,COORD_HIGH,SCORE_AVAILABLE,1.00,82.8,72.3,40.6,49.4,61.3,63.4,60.6,62.6
26230-242,"대원플러스빌",부산진구,양정동,IDENTITY_HIGH,COORD_HIGH,SCORE_AVAILABLE,1.00,86.5,69.8,70.9,45.0,68.0,68.8,65.5,69.3
26230-2527,"세원秀아파트",부산진구,초읍동,IDENTITY_LOW,COORD_HIGH,SCORE_AVAILABLE,0.75,,49.8,66.5,80.8,65.7,65.6,68.7,64.8
26230-101,"금호그랜드타운",부산진구,당감동,IDENTITY_LOW,COORD_LOW,NOT_ENOUGH_DATA,0.25,,,,46.0,,,,
26230-39,"덕인디오네빌",부산진구,연지동,IDENTITY_HIGH,COORD_HIGH,SCORE_AVAILABLE,1.00,41.1,51.3,57.5,40.9,47.7,46.9,46.3,47.6
26230-30,"삼익아파트",부산진구,연지동,IDENTITY_HIGH,COORD_HIGH,SCORE_AVAILABLE,1.00,28.7,56.3,56.5,31.1,43.1,41.7,40.6,43.1
26350-133,"해운대 센트럴파크",해운대구,좌동,IDENTITY_HIGH,COORD_HIGH,SCORE_AVAILABLE,1.00,46.4,70.2,63.3,55.8,58.9,58.1,57.8,58.7
26230-1641,"삼익(10,11동)",부산진구,당감동,IDENTITY_HIGH,COORD_HIGH,SCORE_AVAILABLE,1.00,41.0,62.9,69.2,30.0,50.8,49.3,47.1,51.0
26230-2560,"서면루미랑스",부산진구,부암동,IDENTITY_LOW,COORD_HIGH,SCORE_AVAILABLE,1.00,56.7,81.4,35.8,83.2,64.3,65.3,66.8,64.0
26530-1046,"천아하늘정원",사상구,괘법동,IDENTITY_HIGH,COORD_HIGH,SCORE_AVAILABLE,1.00,59.1,76.3,73.0,60.8,67.3,66.6,65.9,67.3
26230-2593,"가야누리애더센트리즈",부산진구,범천동,IDENTITY_LOW,COORD_HIGH,SCORE_AVAILABLE,1.00,66.9,67.1,76.3,85.6,74.0,73.5,75.4,73.3
26230-2624,"서면지원더뷰파크",부산진구,부암동,IDENTITY_HIGH,COORD_HIGH,SCORE_AVAILABLE,1.00,45.4,57.5,65.2,74.6,60.7,59.7,62.0,59.7
26230-2387,"성원더프라임아파트",부산진구,부전동,IDENTITY_HIGH,COORD_HIGH,SCORE_AVAILABLE,1.00,64.4,83.7,56.1,58.5,65.7,66.1,64.5,66.1
26230-264,"삼성비치타운",부산진구,부전동,IDENTITY_HIGH,COORD_HIGH,SCORE_AVAILABLE,1.00,78.9,82.7,63.4,45.8,67.7,68.5,65.0,68.9
26230-217,"탑패밀리",부산진구,범천동,IDENTITY_HIGH,COORD_HIGH,SCORE_AVAILABLE,1.00,86.5,74.6,64.2,50.2,68.9,70.0,66.9,70.0
26230-2853,"서면동원시티비스타",부산진구,부전동,IDENTITY_HIGH,COORD_HIGH,SCORE_AVAILABLE,1.00,88.7,80.1,62.4,75.1,76.6,77.9,77.0,77.2
26230-2567,"전포유림노르웨이숲",부산진구,전포동,IDENTITY_HIGH,COORD_HIGH,SCORE_AVAILABLE,1.00,66.0,65.9,72.6,68.1,68.2,67.8,68.0,68.0
26230-63,"양정삼성타워",부산진구,양정동,IDENTITY_LOW,COORD_LOW,NOT_ENOUGH_DATA,0.25,,,,44.2,,,,
26230-1592,"개금우드빌(1-9)",부산진구,개금동,IDENTITY_HIGH,COORD_HIGH,SCORE_AVAILABLE,1.00,27.8,30.1,67.4,50.2,43.9,41.9,44.0,42.8
26230-78,"성암",부산진구,부암동,IDENTITY_HIGH,COORD_HIGH,SCORE_AVAILABLE,1.00,43.5,59.5,70.9,19.8,48.4,47.1,43.9,49.0
26230-226,"화지빌라트",부산진구,초읍동,IDENTITY_MEDIUM,COORD_HIGH,SCORE_AVAILABLE,1.00,23.5,39.3,37.1,47.8,36.9,36.2,37.9,36.2
26230-92,"삼성",부산진구,당감동,IDENTITY_HIGH,COORD_HIGH,SCORE_AVAILABLE,1.00,28.6,59.4,74.3,34.5,49.2,46.9,46.0,48.9
26230-2583,"대능더에스티지",부산진구,양정동,IDENTITY_HIGH,COORD_HIGH,SCORE_AVAILABLE,1.00,65.5,68.6,75.5,65.0,68.6,68.1,67.9,68.6
26230-2447,"목연정M팰리스",부산진구,전포동,IDENTITY_LOW,COORD_LOW,NOT_ENOUGH_DATA,0.25,,,,78.4,,,,
26230-1672,"유림노르웨이숲",부산진구,연지동,IDENTITY_HIGH,COORD_HIGH,SCORE_AVAILABLE,1.00,21.4,49.3,43.7,55.2,42.4,41.3,43.3,41.4
26230-1974,"서면엘리시움",부산진구,전포동,IDENTITY_HIGH,COORD_HIGH,SCORE_AVAILABLE,1.00,68.3,77.0,71.0,49.1,66.4,66.2,63.9,67.0
26230-2171,"폴더윈하이츠",부산진구,범천동,IDENTITY_LOW,COORD_LOW,NOT_ENOUGH_DATA,0.25,,,,69.4,,,,
26230-122,"한일하나로",부산진구,가야동,IDENTITY_HIGH,COORD_HIGH,SCORE_AVAILABLE,1.00,42.5,60.3,75.6,35.7,53.5,51.9,50.3,53.6
26230-70,"럭키무지개타운",부산진구,부암동,IDENTITY_LOW,COORD_LOW,NOT_ENOUGH_DATA,0.25,,,,24.8,,,,
26230-1610,"그린파크",부산진구,초읍동,IDENTITY_UNRESOLVED,COORD_LOW,NOT_ENOUGH_DATA,0.25,,,,53.2,,,,
26230-2430,"토운모닝톤",부산진구,범천동,IDENTITY_LOW,COORD_LOW,NOT_ENOUGH_DATA,0.25,,,,76.0,,,,
26230-2269,"지오베스트빌",부산진구,양정동,IDENTITY_UNRESOLVED,COORD_LOW,NOT_ENOUGH_DATA,0.25,,,,71.6,,,,
26230-2011,"세영",부산진구,부전동,IDENTITY_UNRESOLVED,COORD_LOW,NOT_ENOUGH_DATA,0.25,,,,67.2,,,,
26230-9,"대산",부산진구,전포동,IDENTITY_UNRESOLVED,COORD_LOW,NOT_ENOUGH_DATA,0.25,,,,17.6,,,,
26230-2204,"파인트리",부산진구,당감동,IDENTITY_UNRESOLVED,COORD_LOW,NOT_ENOUGH_DATA,0.25,,,,69.4,,,,
26230-379,"삼경",부산진구,개금동,IDENTITY_UNRESOLVED,COORD_LOW,NOT_ENOUGH_DATA,0.25,,,,49.6,,,,
26350-2216,"센텀협성르네상스타운",해운대구,재송동,IDENTITY_HIGH,COORD_HIGH,SCORE_AVAILABLE,1.00,65.2,60.2,65.9,70.6,65.5,65.5,66.2,65.3
26230-1690,"한일유앤아이(890-1)",부산진구,전포동,IDENTITY_LOW,COORD_HIGH,SCORE_AVAILABLE,1.00,76.6,66.5,69.5,55.0,66.9,67.3,65.6,67.5
26230-207,"서면베스트빌",부산진구,전포동,IDENTITY_MEDIUM,COORD_HIGH,SCORE_AVAILABLE,1.00,71.5,76.5,42.1,49.6,60.0,61.4,59.0,61.0
26230-22,"화신거화",부산진구,전포동,IDENTITY_HIGH,COORD_HIGH,SCORE_AVAILABLE,1.00,44.1,41.4,27.6,38.8,37.9,38.8,38.4,38.2
26230-2250,"수정캐슬",부산진구,양정동,IDENTITY_HIGH,COORD_HIGH,SCORE_AVAILABLE,1.00,67.3,75.8,71.3,49.5,66.0,65.8,63.6,66.6
26200-20,"샛별나동",영도구,신선동2가,IDENTITY_HIGH,COORD_LOW,NOT_ENOUGH_DATA,0.25,,,,20.4,,,,
26230-167,"새롬하이빌2차",부산진구,범천동,IDENTITY_MEDIUM,COORD_HIGH,SCORE_AVAILABLE,1.00,55.7,61.6,45.1,49.6,53.0,53.5,52.6,53.4
26230-2385,"서면팰리스",부산진구,전포동,IDENTITY_HIGH,COORD_HIGH,SCORE_AVAILABLE,1.00,63.9,67.0,50.2,53.6,58.7,59.4,58.2,59.2
26230-2270,"유성해네스타워",부산진구,전포동,IDENTITY_HIGH,COORD_HIGH,SCORE_AVAILABLE,1.00,82.1,62.9,78.9,60.7,71.2,71.3,70.1,71.6
26230-2549,"개금동아이리스5차애비뉴",부산진구,개금동,IDENTITY_HIGH,COORD_HIGH,SCORE_AVAILABLE,1.00,72.8,71.6,56.9,59.1,65.1,65.9,64.6,65.6
26230-389,"대훈아트빌",부산진구,개금동,IDENTITY_HIGH,COORD_HIGH,SCORE_AVAILABLE,1.00,36.7,37.3,77.1,35.5,46.6,44.6,44.5,46.3
26230-2440,"더샵골드5",부산진구,양정동,IDENTITY_HIGH,COORD_HIGH,SCORE_AVAILABLE,1.00,63.6,75.6,64.4,53.1,64.2,64.1,62.5,64.6
26230-1591,"시영(12~17동)",부산진구,개금동,IDENTITY_HIGH,COORD_HIGH,SCORE_AVAILABLE,1.00,47.9,59.8,78.3,34.6,55.1,53.6,51.7,55.3
26230-2546,"우일아내트",부산진구,범천동,IDENTITY_HIGH,COORD_HIGH,SCORE_AVAILABLE,1.00,61.6,71.4,67.7,62.1,65.7,65.4,65.0,65.7
26230-154,"세인한아름",부산진구,범천동,IDENTITY_HIGH,COORD_HIGH,SCORE_AVAILABLE,1.00,41.8,38.8,58.0,35.9,43.6,42.8,42.4,43.6
26230-28,"봉황",부산진구,연지동,IDENTITY_HIGH,COORD_HIGH,SCORE_AVAILABLE,1.00,25.2,61.4,77.9,29.9,48.6,46.0,44.6,48.3
26230-205,"동광하이빌(106)",부산진구,전포동,IDENTITY_HIGH,COORD_HIGH,SCORE_AVAILABLE,1.00,55.5,65.5,53.5,31.8,51.6,51.7,48.8,52.4
26230-375,"골든",부산진구,범천동,IDENTITY_HIGH,COORD_HIGH,SCORE_AVAILABLE,1.00,59.5,76.1,70.6,17.0,55.8,55.3,50.2,57.1
26230-2343,"평광우리가",부산진구,범천동,IDENTITY_HIGH,COORD_HIGH,SCORE_AVAILABLE,1.00,62.6,66.7,55.0,61.5,61.5,61.8,61.5,61.6
26230-126,"대동",부산진구,개금동,IDENTITY_HIGH,COORD_HIGH,SCORE_AVAILABLE,1.00,5.9,41.6,67.4,51.7,41.7,38.6,41.4,40.0
26230-2111,"양정이즈팰리스",부산진구,양정동,IDENTITY_HIGH,COORD_HIGH,SCORE_AVAILABLE,1.00,74.8,77.4,73.8,54.2,70.1,70.1,67.9,70.7
26230-3,"전자종합상가",부산진구,부전동,IDENTITY_LOW,COORD_LOW,NOT_ENOUGH_DATA,0.25,,,,19.2,,,,
26230-15,"우영",부산진구,전포동,IDENTITY_HIGH,COORD_HIGH,SCORE_AVAILABLE,1.00,84.6,31.8,43.7,24.0,46.0,48.1,44.7,47.7
26230-213,"청아",부산진구,전포동,IDENTITY_HIGH,COORD_HIGH,SCORE_AVAILABLE,1.00,86.1,76.1,67.3,46.4,69.0,69.9,66.5,70.3
26230-208,"아세만화니트",부산진구,양정동,IDENTITY_HIGH,COORD_HIGH,SCORE_AVAILABLE,1.00,56.8,70.8,40.6,44.4,53.2,54.0,52.0,53.8
26230-152,"서면항도타워맨션",부산진구,범천동,IDENTITY_HIGH,COORD_HIGH,SCORE_AVAILABLE,1.00,57.6,60.7,71.1,44.2,58.4,57.7,56.2,58.7
26230-56,"한일하나로",부산진구,초읍동,IDENTITY_UNRESOLVED,COORD_LOW,NOT_ENOUGH_DATA,0.25,,,,21.6,,,,
26230-369,"금오아트빌",부산진구,전포동,IDENTITY_UNRESOLVED,COORD_LOW,NOT_ENOUGH_DATA,0.25,,,,47.8,,,,
26230-353,"유원타워",부산진구,부전동,IDENTITY_UNRESOLVED,COORD_LOW,NOT_ENOUGH_DATA,0.25,,,,53.2,,,,
26230-2436,"범천동이즈팰리스",부산진구,범천동,IDENTITY_LOW,COORD_HIGH,SCORE_AVAILABLE,1.00,73.1,65.1,73.5,76.0,71.9,71.9,72.6,71.7
26230-88,"동원",부산진구,당감동,IDENTITY_LOW,COORD_HIGH,SCORE_AVAILABLE,0.75,,66.2,71.2,15.2,50.9,49.4,43.7,52.3
26230-2532,"허브팰리스",부산진구,범천동,IDENTITY_HIGH,COORD_HIGH,SCORE_AVAILABLE,1.00,57.3,72.8,67.9,59.5,64.4,63.9,63.3,64.4
26230-25,"한성시티빌",부산진구,전포동,IDENTITY_HIGH,COORD_HIGH,SCORE_AVAILABLE,1.00,72.5,75.3,58.4,41.3,61.9,62.6,59.3,63.0
26230-247,"해오름2차",부산진구,부전동,IDENTITY_HIGH,COORD_HIGH,SCORE_AVAILABLE,1.00,72.5,72.6,71.3,41.0,64.3,64.4,61.2,65.3
26230-189,"태석해오름A",부산진구,부전동,IDENTITY_LOW,COORD_HIGH,SCORE_AVAILABLE,1.00,72.2,70.8,68.7,49.6,65.3,65.5,63.3,66.0
26230-2485,"수목하우스",부산진구,양정동,IDENTITY_UNRESOLVED,COORD_HIGH,SCORE_AVAILABLE,1.00,60.8,72.5,44.3,78.4,64.0,64.8,66.0,63.7
26230-82,"한림",부산진구,부암동,IDENTITY_HIGH,COORD_HIGH,SCORE_AVAILABLE,1.00,15.9,58.7,33.0,24.9,33.1,32.3,31.0,33.1
26230-2393,"연지동삼정그린코아",부산진구,연지동,IDENTITY_LOW,COORD_LOW,NOT_ENOUGH_DATA,0.25,,,,76.0,,,,
26230-125,"고원",부산진구,개금동,IDENTITY_LOW,COORD_LOW,NOT_ENOUGH_DATA,0.25,,,,20.0,,,,
26230-2544,"더블루",부산진구,개금동,IDENTITY_HIGH,COORD_HIGH,SCORE_AVAILABLE,1.00,54.6,68.2,66.5,65.2,63.7,63.1,63.4,63.4
26230-192,"보영미네르빌",부산진구,부전동,IDENTITY_HIGH,COORD_HIGH,SCORE_AVAILABLE,1.00,67.0,79.4,73.4,47.9,66.9,66.6,64.1,67.6
26230-120,"진성",부산진구,가야동,IDENTITY_HIGH,COORD_HIGH,SCORE_AVAILABLE,1.00,39.8,46.4,77.5,36.1,50.0,48.1,47.4,49.8
26230-182,"동아",부산진구,가야동,IDENTITY_HIGH,COORD_HIGH,SCORE_AVAILABLE,1.00,66.5,59.8,36.3,39.9,50.6,52.1,49.8,51.7
26230-225,"블루스카이빌(3차)",부산진구,초읍동,IDENTITY_LOW,COORD_LOW,NOT_ENOUGH_DATA,0.25,,,,51.4,,,,
26230-233,"솔내음파미유",부산진구,부암동,IDENTITY_LOW,COORD_LOW,NOT_ENOUGH_DATA,0.25,,,,51.4,,,,
26230-2398,"린다비스타",부산진구,범천동,IDENTITY_HIGH,COORD_HIGH,SCORE_AVAILABLE,1.00,59.9,56.6,32.1,54.4,50.7,52.1,51.7,51.1
26230-2469,"스타파크",부산진구,범천동,IDENTITY_HIGH,COORD_HIGH,SCORE_AVAILABLE,1.00,70.3,68.8,60.5,57.2,64.2,64.7,63.4,64.7
26230-2370,"전포센티움",부산진구,전포동,IDENTITY_HIGH,COORD_HIGH,SCORE_AVAILABLE,1.00,84.4,62.6,81.3,48.4,69.2,69.3,66.8,70.1
26230-2519,"가야센트리움",부산진구,가야동,IDENTITY_LOW,COORD_LOW,NOT_ENOUGH_DATA,0.25,,,,80.8,,,,
26230-1980,"대성문퀸즈더블유",부산진구,양정동,IDENTITY_HIGH,COORD_HIGH,SCORE_AVAILABLE,1.00,58.4,73.8,73.5,52.8,64.6,63.9,62.5,64.8
26230-168,"동양크리스탈",부산진구,범천동,IDENTITY_HIGH,COORD_HIGH,SCORE_AVAILABLE,1.00,65.1,74.3,49.5,37.6,56.6,57.4,54.2,57.7
26230-105,"국민",부산진구,가야동,IDENTITY_HIGH,COORD_HIGH,SCORE_AVAILABLE,1.00,76.0,62.9,69.7,29.4,59.5,59.8,55.8,60.8
26230-143,"태림",부산진구,개금동,IDENTITY_LOW,COORD_LOW,NOT_ENOUGH_DATA,0.25,,,,14.4,,,,
26230-123,"해운",부산진구,가야동,IDENTITY_LOW,COORD_LOW,NOT_ENOUGH_DATA,0.25,,,,17.6,,,,
26230-2355,"리첸타워",부산진구,초읍동,IDENTITY_HIGH,COORD_HIGH,SCORE_AVAILABLE,1.00,26.7,44.2,45.8,49.1,41.4,40.5,41.9,40.8
26230-60,"산호맨션",부산진구,양정동,IDENTITY_MEDIUM,COORD_HIGH,SCORE_AVAILABLE,1.00,62.6,75.5,65.2,19.2,55.6,55.5,50.5,57.0
26230-201,"전원타워빌",부산진구,양정동,IDENTITY_MEDIUM,COORD_HIGH,SCORE_AVAILABLE,1.00,63.1,76.5,63.2,46.0,62.2,62.2,59.8,62.9
26230-2822,"래미안어반파크아파트",부산진구,연지동,IDENTITY_UNRESOLVED,COORD_HIGH,SCORE_AVAILABLE,0.75,,57.7,63.4,90.0,70.4,70.9,74.3,69.5
26350-123,"롯데3차",해운대구,좌동,IDENTITY_HIGH,COORD_HIGH,SCORE_AVAILABLE,1.00,53.1,74.6,80.8,57.4,66.5,65.1,64.5,66.3
26230-238,"성원쌍떼뷰",부산진구,개금동,IDENTITY_LOW,COORD_LOW,NOT_ENOUGH_DATA,0.25,,,,51.4,,,,
26230-1643,"범전시영2동",부산진구,범전동,IDENTITY_HIGH,COORD_LOW,NOT_ENOUGH_DATA,0.25,,,,20.9,,,,
26230-1796,"대원빌라2차",부산진구,부전동,IDENTITY_LOW,COORD_HIGH,SCORE_AVAILABLE,1.00,62.0,83.6,51.8,61.0,64.6,65.1,63.9,64.9
26230-129,"반도보라맨션",부산진구,개금동,IDENTITY_HIGH,COORD_HIGH,SCORE_AVAILABLE,1.00,36.8,41.2,78.0,53.9,52.5,50.4,51.9,51.6
26230-2611,"(292-28)",부산진구,초읍동,IDENTITY_HIGH,COORD_HIGH,SCORE_AVAILABLE,1.00,29.6,44.0,50.7,56.6,45.2,44.2,46.2,44.3
26230-2233,"몽뜨레",부산진구,전포동,IDENTITY_HIGH,COORD_HIGH,SCORE_AVAILABLE,1.00,78.5,73.0,50.7,66.7,67.3,68.6,67.7,67.8
26230-260,"건오힐타워",부산진구,당감동,IDENTITY_HIGH,COORD_HIGH,SCORE_AVAILABLE,1.00,90.4,68.9,47.4,44.6,62.8,65.0,61.5,64.4
26230-2517,"연지센트럴파크",부산진구,연지동,IDENTITY_HIGH,COORD_HIGH,SCORE_AVAILABLE,1.00,38.5,41.6,45.3,54.4,45.0,44.6,46.0,44.4
26230-64,"초원",부산진구,양정동,IDENTITY_LOW,COORD_LOW,NOT_ENOUGH_DATA,0.25,,,,17.6,,,,
26230-386,"남경(177-210)",부산진구,개금동,IDENTITY_UNRESOLVED,COORD_HIGH,SCORE_AVAILABLE,1.00,77.0,73.3,63.0,47.8,65.3,66.0,63.2,66.2
26230-2621,"그린센트",부산진구,부암동,IDENTITY_HIGH,COORD_HIGH,SCORE_AVAILABLE,1.00,44.5,59.9,65.5,69.8,59.9,58.8,60.6,59.1
26230-235,"동남주상복합",부산진구,당감동,IDENTITY_HIGH,COORD_HIGH,SCORE_AVAILABLE,1.00,23.4,59.6,69.5,36.4,47.2,44.9,44.4,46.8
26230-190,"서면그린빌",부산진구,범천동,IDENTITY_HIGH,COORD_HIGH,SCORE_AVAILABLE,1.00,86.2,68.3,53.9,41.6,62.5,64.1,60.6,64.0
26230-2450,"태영아너스",부산진구,개금동,IDENTITY_HIGH,COORD_HIGH,SCORE_AVAILABLE,1.00,66.9,71.1,65.0,57.3,65.1,65.2,64.0,65.4
26230-209,"덕포그랜드힐",부산진구,양정동,IDENTITY_HIGH,COORD_HIGH,SCORE_AVAILABLE,1.00,69.3,75.8,71.6,38.2,63.7,63.6,60.2,64.7
26230-2067,"시티파크",부산진구,개금동,IDENTITY_HIGH,COORD_HIGH,SCORE_AVAILABLE,1.00,75.6,72.0,60.6,49.7,64.5,65.2,62.8,65.4
26230-1890,"홍림로즈빌",부산진구,당감동,IDENTITY_HIGH,COORD_HIGH,SCORE_AVAILABLE,1.00,70.2,62.0,44.2,43.8,55.0,56.3,54.1,56.0
26230-259,"청보",부산진구,양정동,IDENTITY_HIGH,COORD_HIGH,SCORE_AVAILABLE,1.00,73.6,70.1,73.0,36.9,63.4,63.4,59.9,64.5
26230-227,"협성베스트하우스",부산진구,초읍동,IDENTITY_UNRESOLVED,COORD_LOW,NOT_ENOUGH_DATA,0.25,,,,33.4,,,,
26230-2138,"홍림세르빌",부산진구,당감동,IDENTITY_UNRESOLVED,COORD_LOW,NOT_ENOUGH_DATA,0.25,,,,69.4,,,,
26230-153,"성림타워",부산진구,범천동,IDENTITY_HIGH,COORD_HIGH,SCORE_AVAILABLE,1.00,56.4,58.7,53.0,40.5,52.1,52.3,50.6,52.7
26230-44,"선경",부산진구,초읍동,IDENTITY_HIGH,COORD_HIGH,SCORE_AVAILABLE,1.00,22.4,45.4,70.5,40.8,44.8,42.4,43.0,44.0
26230-2,"부영",부산진구,부전동,IDENTITY_UNRESOLVED,COORD_LOW,NOT_ENOUGH_DATA,0.25,,,,12.0,,,,
26230-2529,"스윗팰리스",부산진구,전포동,IDENTITY_UNRESOLVED,COORD_LOW,NOT_ENOUGH_DATA,0.25,,,,80.8,,,,
26230-214,"코이노빌",부산진구,부전동,IDENTITY_UNRESOLVED,COORD_LOW,NOT_ENOUGH_DATA,0.25,,,,51.4,,,,
26230-262,"새한아트빌",부산진구,전포동,IDENTITY_MEDIUM,COORD_HIGH,SCORE_AVAILABLE,1.00,85.0,60.8,69.0,49.6,66.1,66.9,64.6,67.1
26230-2849,"시청역중앙하이츠",부산진구,양정동,IDENTITY_UNRESOLVED,COORD_LOW,NOT_ENOUGH_DATA,0.25,,,,93.0,,,,
26230-186,"골드스카이80",부산진구,당감동,IDENTITY_UNRESOLVED,COORD_LOW,NOT_ENOUGH_DATA,0.25,,,,49.6,,,,
26350-129,"상록",해운대구,좌동,IDENTITY_HIGH,COORD_HIGH,SCORE_AVAILABLE,1.00,56.9,69.4,81.8,58.4,66.6,65.4,64.9,66.4
26230-16,"일산(317-40)",부산진구,전포동,IDENTITY_LOW,COORD_HIGH,SCORE_AVAILABLE,1.00,48.7,36.4,47.3,16.0,37.1,37.2,34.5,38.0
26230-183,"금오파크뷰",부산진구,연지동,IDENTITY_UNRESOLVED,COORD_LOW,NOT_ENOUGH_DATA,0.25,,,,49.6,,,,
26230-2647,"노블파크",부산진구,양정동,IDENTITY_UNRESOLVED,COORD_LOW,NOT_ENOUGH_DATA,0.25,,,,90.0,,,,
26230-48,"아남하이츠",부산진구,초읍동,IDENTITY_UNRESOLVED,COORD_LOW,NOT_ENOUGH_DATA,0.25,,,,28.0,,,,
26230-2859,"허브팰리스더파크",부산진구,부암동,IDENTITY_UNRESOLVED,COORD_LOW,NOT_ENOUGH_DATA,0.25,,,,93.0,,,,
26230-268,"모닝빌라트",부산진구,개금동,IDENTITY_MEDIUM,COORD_HIGH,SCORE_AVAILABLE,1.00,51.7,67.2,53.2,49.6,55.4,55.3,54.4,55.6
26350-110,"대동타운",해운대구,좌동,IDENTITY_LOW,COORD_LOW,NOT_ENOUGH_DATA,0.25,,,,37.0,,,,
26230-2487,"연지동백리명가에덴",부산진구,연지동,IDENTITY_UNRESOLVED,COORD_LOW,NOT_ENOUGH_DATA,0.25,,,,78.4,,,,
26260-23,"조성하이츠",동래구,수안동,IDENTITY_HIGH,COORD_HIGH,SCORE_AVAILABLE,1.00,58.7,54.3,45.2,44.6,50.7,51.4,50.2,51.2
26350-2580,"센텀KCC스위첸",해운대구,반여동,IDENTITY_HIGH,COORD_HIGH,SCORE_AVAILABLE,1.00,49.6,58.6,54.1,82.8,61.3,61.1,63.9,60.3
26350-2347,"동화마을5",해운대구,반송동,IDENTITY_LOW,COORD_HIGH,SCORE_AVAILABLE,1.00,79.9,42.4,57.5,80.8,65.2,66.3,68.2,65.0
26350-48,"장산동국",해운대구,재송동,IDENTITY_LOW,COORD_LOW,NOT_ENOUGH_DATA,0.25,,,,31.6,,,,
26350-172,"현대일성2",해운대구,반여동,IDENTITY_HIGH,COORD_HIGH,SCORE_AVAILABLE,1.00,16.9,47.1,42.5,34.7,35.3,34.0,34.3,34.8
26350-126,"벽산2",해운대구,좌동,IDENTITY_HIGH,COORD_HIGH,SCORE_AVAILABLE,1.00,53.3,67.8,83.4,33.1,59.4,57.9,55.2,59.9
26350-127,"삼성",해운대구,좌동,IDENTITY_HIGH,COORD_HIGH,SCORE_AVAILABLE,1.00,67.0,53.1,68.2,35.6,56.0,55.9,53.5,56.8
26350-136,"한라",해운대구,좌동,IDENTITY_HIGH,COORD_HIGH,SCORE_AVAILABLE,1.00,61.4,80.6,82.2,33.1,64.3,63.3,59.5,65.1
26350-2398,"해운대경동리인뷰1차",해운대구,중동,IDENTITY_HIGH,COORD_HIGH,SCORE_AVAILABLE,1.00,51.0,67.7,50.1,78.6,61.8,61.9,63.8,61.2
26350-301,"센텀롯데캐슬2차",해운대구,반여동,IDENTITY_HIGH,COORD_HIGH,SCORE_AVAILABLE,1.00,26.7,47.1,70.9,69.6,53.6,51.4,54.6,52.0
26350-2328,"달맞이유림노르웨이숲",해운대구,중동,IDENTITY_HIGH,COORD_HIGH,SCORE_AVAILABLE,1.00,38.1,54.0,35.0,73.8,50.2,50.4,53.2,49.3
26350-210,"일동미라주",해운대구,반여동,IDENTITY_HIGH,COORD_HIGH,SCORE_AVAILABLE,1.00,28.8,65.4,46.5,57.5,49.6,48.7,49.7,48.9
26350-2271,"센텀두산위브",해운대구,우동,IDENTITY_HIGH,COORD_HIGH,SCORE_AVAILABLE,1.00,41.1,40.1,64.4,75.2,55.2,54.0,57.5,53.9
26350-184,"삼한그린타운1",해운대구,반송동,IDENTITY_LOW,COORD_HIGH,SCORE_AVAILABLE,1.00,37.7,42.0,73.9,35.2,47.2,45.4,45.0,47.0
26350-2107,"센텀동부센트레빌",해운대구,재송동,IDENTITY_HIGH,COORD_HIGH,SCORE_AVAILABLE,1.00,60.1,69.2,65.6,68.3,65.8,65.5,65.9,65.6
26350-171,"현대그린맨션",해운대구,반여동,IDENTITY_HIGH,COORD_HIGH,SCORE_AVAILABLE,1.00,47.4,62.1,57.6,33.0,50.0,49.5,47.3,50.5
26350-104,"달맞이경동메르빌",해운대구,중동,IDENTITY_HIGH,COORD_HIGH,SCORE_AVAILABLE,1.00,35.2,48.4,31.2,62.0,44.2,44.4,46.4,43.6
26350-121,"두산1차아파트",해운대구,좌동,IDENTITY_HIGH,COORD_HIGH,SCORE_AVAILABLE,1.00,35.3,54.2,49.3,38.3,44.3,43.6,42.9,44.2
26350-114,"대우",해운대구,좌동,IDENTITY_HIGH,COORD_HIGH,SCORE_AVAILABLE,1.00,47.1,68.4,74.3,36.8,56.7,55.3,53.2,56.9
26350-166,"우방신세계타운",해운대구,반여동,IDENTITY_HIGH,COORD_HIGH,SCORE_AVAILABLE,1.00,27.2,62.0,69.2,66.2,56.2,54.1,56.2,54.9
26230-137,"영화",부산진구,개금동,IDENTITY_UNRESOLVED,COORD_LOW,NOT_ENOUGH_DATA,0.25,,,,15.2,,,,
26350-122,"롯데2",해운대구,좌동,IDENTITY_HIGH,COORD_HIGH,SCORE_AVAILABLE,1.00,38.9,58.9,61.9,51.6,52.8,51.7,51.9,52.4
26350-2166,"해운대두산위브더제니스",해운대구,우동,IDENTITY_HIGH,COORD_HIGH,SCORE_AVAILABLE,1.00,38.2,63.4,72.7,80.8,63.8,62.0,65.0,62.4
26230-2483,"초읍포레스타아파트",부산진구,초읍동,IDENTITY_HIGH,COORD_LOW,NOT_ENOUGH_DATA,0.25,,,,53.1,,,,
26230-223,"일신파크빌",부산진구,초읍동,IDENTITY_UNRESOLVED,COORD_LOW,NOT_ENOUGH_DATA,0.25,,,,46.0,,,,
26230-1933,"양정해광빌리지",부산진구,양정동,IDENTITY_UNRESOLVED,COORD_LOW,NOT_ENOUGH_DATA,0.25,,,,67.2,,,,
26230-258,"양지코쿤",부산진구,부전동,IDENTITY_UNRESOLVED,COORD_LOW,NOT_ENOUGH_DATA,0.25,,,,49.6,,,,
26350-2162,"해운대 I PARK",해운대구,우동,IDENTITY_HIGH,COORD_HIGH,SCORE_AVAILABLE,1.00,39.5,62.9,69.7,80.4,63.1,61.6,64.5,61.8
26260-190,"삼정그린코아",동래구,온천동,IDENTITY_HIGH,COORD_HIGH,SCORE_AVAILABLE,1.00,28.7,35.6,60.3,61.5,46.5,45.0,47.9,45.3
26350-53,"한영비치",해운대구,재송동,IDENTITY_HIGH,COORD_HIGH,SCORE_AVAILABLE,1.00,30.8,54.5,78.0,31.2,48.6,46.3,45.1,48.4
26350-2119,"해운대중동금호어울림",해운대구,중동,IDENTITY_HIGH,COORD_HIGH,SCORE_AVAILABLE,1.00,68.6,68.6,55.5,60.0,63.2,63.8,63.0,63.6
26350-29,"금호",해운대구,재송동,IDENTITY_HIGH,COORD_HIGH,SCORE_AVAILABLE,1.00,42.6,63.6,61.8,41.5,52.4,51.4,50.3,52.4
26350-112,"대림2",해운대구,좌동,IDENTITY_LOW,COORD_HIGH,SCORE_AVAILABLE,1.00,44.8,70.4,76.4,38.8,57.6,56.0,54.1,57.7
26350-155,"벽산한솔타운",해운대구,반여동,IDENTITY_LOW,COORD_LOW,NOT_ENOUGH_DATA,0.25,,,,35.2,,,,
26350-190,"삼정코아",해운대구,좌동,IDENTITY_LOW,COORD_LOW,NOT_ENOUGH_DATA,0.25,,,,49.6,,,,
26350-2091,"센텀롯데캐슬3차아파트",해운대구,반여동,IDENTITY_HIGH,COORD_HIGH,SCORE_AVAILABLE,1.00,36.4,69.2,78.3,62.8,61.7,59.6,60.6,60.8
26350-115,"대우2",해운대구,좌동,IDENTITY_HIGH,COORD_HIGH,SCORE_AVAILABLE,1.00,57.8,75.6,75.9,62.5,67.9,67.0,66.6,67.8
26350-2148,"해운대케이씨씨스위첸",해운대구,좌동,IDENTITY_HIGH,COORD_HIGH,SCORE_AVAILABLE,1.00,71.9,86.1,47.6,72.6,69.6,70.8,70.1,69.9
26350-182,"삼한2",해운대구,반송동,IDENTITY_HIGH,COORD_HIGH,SCORE_AVAILABLE,1.00,49.0,37.6,29.5,52.0,42.0,43.0,43.9,42.0
26350-180,"벽산삼협",해운대구,반송동,IDENTITY_HIGH,COORD_HIGH,SCORE_AVAILABLE,1.00,32.8,46.4,76.5,37.3,48.3,46.1,45.8,47.8
26350-99,"해운대동일",해운대구,중동,IDENTITY_HIGH,COORD_HIGH,SCORE_AVAILABLE,1.00,73.9,75.0,41.1,54.8,61.2,62.8,60.9,62.1
26350-2117,"현대하이페리온",해운대구,우동,IDENTITY_HIGH,COORD_HIGH,SCORE_AVAILABLE,1.00,52.4,65.0,54.2,57.7,57.3,57.2,57.1,57.3
26350-160,"보람",해운대구,반여동,IDENTITY_HIGH,COORD_HIGH,SCORE_AVAILABLE,1.00,26.3,33.8,55.0,24.8,35.0,33.5,33.0,34.8
26350-40,"신동아",해운대구,재송동,IDENTITY_HIGH,COORD_HIGH,SCORE_AVAILABLE,1.00,38.2,58.8,74.6,41.4,53.3,51.4,50.7,53.0
26350-12,"센텀마리나",해운대구,우동,IDENTITY_HIGH,COORD_LOW,NOT_ENOUGH_DATA,0.25,,,,34.5,,,,
26350-2114,"대우트럼프월드센텀",해운대구,우동,IDENTITY_HIGH,COORD_LOW,NOT_ENOUGH_DATA,0.25,,,,66.7,,,,
26350-2092,"더샵센텀파크2차",해운대구,재송동,IDENTITY_HIGH,COORD_HIGH,SCORE_AVAILABLE,1.00,87.9,54.6,74.6,71.6,72.2,72.8,72.9,72.5
26350-42,"에이스",해운대구,재송동,IDENTITY_HIGH,COORD_HIGH,SCORE_AVAILABLE,1.00,20.0,55.1,61.0,37.4,43.4,41.3,41.3,42.8
26350-118,"동부",해운대구,좌동,IDENTITY_HIGH,COORD_HIGH,SCORE_AVAILABLE,1.00,63.4,57.4,71.6,36.5,57.2,56.8,54.4,57.9
26350-294,"송정세양시에당",해운대구,송정동,IDENTITY_LOW,COORD_HIGH,SCORE_AVAILABLE,1.00,37.7,19.2,10.4,51.4,29.7,31.1,33.3,29.4
26350-178,"남흥",해운대구,반송동,IDENTITY_LOW,COORD_LOW,NOT_ENOUGH_DATA,0.25,,,,37.0,,,,
26230-57,"초읍우신(269-8)",부산진구,초읍동,IDENTITY_UNRESOLVED,COORD_HIGH,SCORE_AVAILABLE,0.75,,58.2,70.6,19.2,49.3,47.8,43.3,50.4
26230-2458,"금광예다움",부산진구,연지동,IDENTITY_UNRESOLVED,COORD_LOW,NOT_ENOUGH_DATA,0.25,,,,78.4,,,,
26230-171,"황금빌리지",부산진구,초읍동,IDENTITY_UNRESOLVED,COORD_LOW,NOT_ENOUGH_DATA,0.25,,,,49.6,,,,
26350-2385,"센텀리슈빌2단지",해운대구,재송동,IDENTITY_HIGH,COORD_HIGH,SCORE_AVAILABLE,1.00,68.7,54.5,59.1,77.0,64.8,65.3,66.8,64.5
26230-2369,"동국에버리치",부산진구,양정동,IDENTITY_UNRESOLVED,COORD_LOW,NOT_ENOUGH_DATA,0.25,,,,73.8,,,,
26500-124,"홍익라이프나동",수영구,민락동,IDENTITY_HIGH,COORD_LOW,NOT_ENOUGH_DATA,0.25,,,,36.3,,,,
26260-1956,"명륜2차아이파크1단지",동래구,명륜동,IDENTITY_HIGH,COORD_HIGH,SCORE_AVAILABLE,1.00,55.3,55.0,68.5,81.2,65.0,64.3,66.9,64.1
26350-130,"신성",해운대구,좌동,IDENTITY_HIGH,COORD_HIGH,SCORE_AVAILABLE,1.00,49.4,56.1,72.8,32.1,52.6,51.4,49.4,53.0
26350-55,"현대(1042-2)",해운대구,재송동,IDENTITY_LOW,COORD_HIGH,SCORE_AVAILABLE,1.00,44.2,66.8,66.7,35.2,53.2,52.1,50.1,53.5
26350-303,"해운대비치베르빌",해운대구,중동,IDENTITY_HIGH,COORD_HIGH,SCORE_AVAILABLE,1.00,57.5,70.4,64.9,56.6,62.4,62.0,61.3,62.4
26350-132,"영남",해운대구,좌동,IDENTITY_HIGH,COORD_HIGH,SCORE_AVAILABLE,1.00,48.8,63.2,76.2,40.8,57.3,55.9,54.4,57.4
26230-365,"남경하이츠빌라",부산진구,전포동,IDENTITY_MEDIUM,COORD_HIGH,SCORE_AVAILABLE,1.00,55.9,72.8,61.0,44.2,58.5,58.2,56.2,58.9
26350-2229,"해운대자이1단지",해운대구,우동,IDENTITY_HIGH,COORD_HIGH,SCORE_AVAILABLE,1.00,50.8,51.3,61.2,77.1,60.1,59.6,62.2,59.2
26350-2125,"해운대중동롯데캐슬마스터2",해운대구,중동,IDENTITY_HIGH,COORD_HIGH,SCORE_AVAILABLE,1.00,53.5,79.4,44.0,61.8,59.7,60.1,59.7,59.8
26350-125,"벽산1",해운대구,좌동,IDENTITY_HIGH,COORD_HIGH,SCORE_AVAILABLE,1.00,86.5,85.8,64.1,60.3,74.2,75.3,72.7,75.2
26350-7,"대우마리나3",해운대구,우동,IDENTITY_HIGH,COORD_LOW,NOT_ENOUGH_DATA,0.25,,,,34.0,,,,
26350-158,"센텀대림",해운대구,반여동,IDENTITY_LOW,COORD_LOW,NOT_ENOUGH_DATA,0.25,,,,37.0,,,,
26350-20,"신동아",해운대구,우동,IDENTITY_HIGH,COORD_LOW,NOT_ENOUGH_DATA,0.25,,,,34.3,,,,
26350-63,"참빛마을2",해운대구,재송동,IDENTITY_LOW,COORD_HIGH,SCORE_AVAILABLE,1.00,56.2,67.6,55.6,47.8,56.8,56.8,55.4,57.2
26350-116,"대원",해운대구,좌동,IDENTITY_HIGH,COORD_HIGH,SCORE_AVAILABLE,1.00,59.1,75.7,59.2,58.9,63.2,63.2,62.4,63.4
26350-135,"LH뜨란채아파트",해운대구,좌동,IDENTITY_HIGH,COORD_HIGH,SCORE_AVAILABLE,1.00,45.9,52.1,81.2,55.7,58.7,57.0,57.6,58.1
26350-138,"현대",해운대구,좌동,IDENTITY_MEDIUM,COORD_HIGH,SCORE_AVAILABLE,1.00,46.7,70.6,73.3,37.0,56.9,55.5,53.4,57.1
26350-2138,"센텀파미르",해운대구,재송동,IDENTITY_HIGH,COORD_HIGH,SCORE_AVAILABLE,1.00,43.3,66.2,63.7,63.5,59.2,58.1,59.0,58.6
26350-189,"센텀센시빌",해운대구,우동,IDENTITY_HIGH,COORD_HIGH,SCORE_AVAILABLE,1.00,58.2,54.1,24.3,66.6,50.8,52.5,53.5,50.8
26350-137,"한일",해운대구,좌동,IDENTITY_HIGH,COORD_HIGH,SCORE_AVAILABLE,1.00,53.3,72.7,50.9,42.4,54.8,54.9,52.9,55.4
26350-286,"아크로뷰",해운대구,중동,IDENTITY_HIGH,COORD_HIGH,SCORE_AVAILABLE,1.00,57.2,73.6,66.1,54.8,63.0,62.5,61.5,63.1
26350-25,"현대카멜리아",해운대구,우동,IDENTITY_LOW,COORD_LOW,NOT_ENOUGH_DATA,0.25,,,,46.0,,,,
26350-67,"센텀그린타워",해운대구,재송동,IDENTITY_LOW,COORD_LOW,NOT_ENOUGH_DATA,0.25,,,,31.6,,,,
26350-124,"롯데4",해운대구,좌동,IDENTITY_HIGH,COORD_HIGH,SCORE_AVAILABLE,1.00,44.9,65.6,65.2,59.9,58.9,57.9,58.3,58.4
26350-16,"센텀삼환Nauville",해운대구,우동,IDENTITY_LOW,COORD_HIGH,SCORE_AVAILABLE,1.00,67.8,48.7,79.6,37.0,58.3,57.7,55.6,58.9
26350-161,"신동아",해운대구,반여동,IDENTITY_LOW,COORD_LOW,NOT_ENOUGH_DATA,0.25,,,,37.0,,,,
26230-1640,"삼익9동",부산진구,당감동,IDENTITY_HIGH,COORD_LOW,NOT_ENOUGH_DATA,0.25,,,,30.8,,,,
26230-2317,"서면동일파크스위트1차",부산진구,부암동,IDENTITY_HIGH,COORD_HIGH,SCORE_AVAILABLE,1.00,38.5,57.7,62.5,75.7,58.6,57.4,60.1,57.4
26230-203,"동광하이빌(102)",부산진구,전포동,IDENTITY_HIGH,COORD_LOW,NOT_ENOUGH_DATA,0.25,,,,32.1,,,,
26230-2654,"시민공원삼정그린코아더베스트",부산진구,부암동,IDENTITY_HIGH,COORD_HIGH,SCORE_AVAILABLE,1.00,37.7,59.1,81.2,82.8,65.2,63.0,66.5,63.6
26230-4560,"가야역롯데캐슬스카이엘",부산진구,가야동,IDENTITY_HIGH,COORD_HIGH,SCORE_AVAILABLE,1.00,80.3,53.4,55.8,87.2,69.2,70.4,72.4,68.9
26230-4535,"백양산서희스타힐스",부산진구,부암동,IDENTITY_HIGH,COORD_HIGH,SCORE_AVAILABLE,1.00,20.8,31.7,66.0,87.2,51.4,49.2,55.3,49.1
26230-116,"영진(5-43)",부산진구,가야동,IDENTITY_MEDIUM,COORD_HIGH,SCORE_AVAILABLE,1.00,80.8,60.5,66.2,15.2,55.7,56.4,50.9,57.6
26230-115,"시영",부산진구,가야동,IDENTITY_MEDIUM,COORD_HIGH,SCORE_AVAILABLE,1.00,55.9,61.5,48.1,11.4,44.2,44.6,39.9,45.7
26230-4572,"양정자이더샵SKVIEW아파트(1단지)",부산진구,양정동,IDENTITY_HIGH,COORD_HIGH,SCORE_AVAILABLE,1.00,55.7,67.3,50.8,85.2,64.8,65.0,67.4,64.1
26230-2457,"다해미네스트",부산진구,연지동,IDENTITY_HIGH,COORD_HIGH,SCORE_AVAILABLE,1.00,27.8,57.2,64.3,53.3,50.7,48.8,49.9,49.8
26230-1694,"대원칸타빌멤버스",부산진구,양정동,IDENTITY_HIGH,COORD_HIGH,SCORE_AVAILABLE,1.00,70.1,66.1,75.2,71.5,70.7,70.5,70.8,70.6
26230-148,"경남",부산진구,범천동,IDENTITY_HIGH,COORD_HIGH,SCORE_AVAILABLE,1.00,64.2,65.1,42.1,67.7,59.8,60.9,61.2,59.9
26230-2861,"초읍월드메르디앙에듀포레",부산진구,초읍동,IDENTITY_HIGH,COORD_HIGH,SCORE_AVAILABLE,0.75,,42.6,69.6,68.4,60.2,59.5,61.8,59.5
26230-1590,"시영(6~11동)",부산진구,개금동,IDENTITY_HIGH,COORD_HIGH,SCORE_AVAILABLE,1.00,42.1,61.1,80.2,35.2,54.7,52.8,51.1,54.7
26230-1824,"개금롯데캐슬",부산진구,개금동,IDENTITY_HIGH,COORD_HIGH,SCORE_AVAILABLE,1.00,49.0,66.1,45.2,70.8,57.8,58.0,59.3,57.3
26230-2604,"양정이즈카운티",부산진구,양정동,IDENTITY_HIGH,COORD_HIGH,SCORE_AVAILABLE,1.00,50.9,63.6,67.0,69.7,62.8,62.0,63.2,62.2
26230-2121,"서면동일스위트",부산진구,범천동,IDENTITY_MEDIUM,COORD_HIGH,SCORE_AVAILABLE,1.00,73.0,65.5,69.5,69.4,69.3,69.5,69.5,69.4
26230-19,"전포시영",부산진구,전포동,IDENTITY_MEDIUM,COORD_HIGH,SCORE_AVAILABLE,1.00,45.7,18.0,55.6,13.6,33.2,32.7,30.9,33.8
26230-1667,"벽산블루밍",부산진구,당감동,IDENTITY_HIGH,COORD_HIGH,SCORE_AVAILABLE,1.00,44.5,59.9,33.2,62.2,49.9,50.5,51.5,49.7
26230-161,"무궁화아파트101동,102동,103동,105동,106동",부산진구,당감동,IDENTITY_HIGH,COORD_HIGH,SCORE_AVAILABLE,1.00,17.5,64.6,74.4,39.8,49.1,46.2,46.1,48.3
26230-180,"삼정코아",부산진구,전포동,IDENTITY_HIGH,COORD_HIGH,SCORE_AVAILABLE,1.00,82.8,81.1,71.0,55.1,72.5,73.1,70.4,73.4
26230-2566,"삼한골든뷰센트럴파크",부산진구,범전동,IDENTITY_HIGH,COORD_HIGH,SCORE_AVAILABLE,1.00,65.9,68.7,56.4,84.8,68.9,69.4,71.2,68.5
26230-191,"세운이노빌",부산진구,범천동,IDENTITY_MEDIUM,COORD_HIGH,SCORE_AVAILABLE,1.00,68.6,69.1,56.7,49.6,61.0,61.6,59.7,61.7
26230-2629,"서면아이파크1단지",부산진구,전포동,IDENTITY_HIGH,COORD_HIGH,SCORE_AVAILABLE,1.00,57.9,54.5,67.4,85.8,66.4,65.9,68.9,65.4
26230-346,"화성빌라트",부산진구,양정동,IDENTITY_UNRESOLVED,COORD_LOW,NOT_ENOUGH_DATA,0.25,,,,46.0,,,,
26230-2373,"서면봄여름가을겨울",부산진구,당감동,IDENTITY_HIGH,COORD_HIGH,SCORE_AVAILABLE,1.00,61.5,64.5,50.2,69.0,61.3,61.9,62.5,61.2
26230-43,"삼환",부산진구,초읍동,IDENTITY_HIGH,COORD_HIGH,SCORE_AVAILABLE,1.00,20.2,7.5,13.0,53.3,23.5,23.8,27.8,22.4
26230-2290,"서면유림노르웨이숲",부산진구,범천동,IDENTITY_HIGH,COORD_HIGH,SCORE_AVAILABLE,1.00,70.5,72.0,79.8,68.9,72.8,72.3,72.1,72.8
26230-1905,"블루스카이",부산진구,가야동,IDENTITY_HIGH,COORD_HIGH,SCORE_AVAILABLE,1.00,44.0,50.5,57.2,44.1,49.0,48.3,48.0,48.9
26230-50,"창신그린힐",부산진구,초읍동,IDENTITY_HIGH,COORD_HIGH,SCORE_AVAILABLE,1.00,26.6,38.2,76.8,41.3,45.7,43.2,44.1,44.9
26230-117,"유림",부산진구,가야동,IDENTITY_MEDIUM,COORD_HIGH,SCORE_AVAILABLE,1.00,53.5,60.4,43.0,37.0,48.5,49.0,47.0,49.1
26230-1700,"가야케이티이편한세상",부산진구,가야동,IDENTITY_HIGH,COORD_HIGH,SCORE_AVAILABLE,1.00,71.8,59.4,61.4,64.9,64.4,64.9,64.8,64.6
26230-113,"삼우",부산진구,가야동,IDENTITY_MEDIUM,COORD_HIGH,SCORE_AVAILABLE,1.00,62.5,61.0,37.5,16.0,44.3,45.5,40.9,45.9
26230-8,"대동파크",부산진구,전포동,IDENTITY_HIGH,COORD_HIGH,SCORE_AVAILABLE,1.00,46.1,45.6,37.6,44.0,43.3,43.7,43.5,43.5
26230-21,"화신",부산진구,전포동,IDENTITY_HIGH,COORD_HIGH,SCORE_AVAILABLE,1.00,42.1,41.4,25.3,46.9,38.9,39.8,40.3,38.9
26230-2628,"개금미네스트",부산진구,개금동,IDENTITY_HIGH,COORD_HIGH,SCORE_AVAILABLE,1.00,65.8,66.1,68.7,59.5,65.0,64.9,64.2,65.2
26350-140,"화목데파트",해운대구,좌동,IDENTITY_HIGH,COORD_HIGH,SCORE_AVAILABLE,1.00,86.0,86.0,53.7,44.1,67.5,69.1,64.9,69.0
26230-35,"한신타워",부산진구,연지동,IDENTITY_HIGH,COORD_HIGH,SCORE_AVAILABLE,0.75,,56.8,49.0,50.5,52.1,52.3,51.8,52.2
26230-2462,"양정역퀸즈팰리스",부산진구,양정동,IDENTITY_HIGH,COORD_HIGH,SCORE_AVAILABLE,1.00,74.7,69.7,62.4,68.3,68.8,69.4,69.0,69.0
26230-98,"태우선파크",부산진구,당감동,IDENTITY_HIGH,COORD_HIGH,SCORE_AVAILABLE,1.00,21.7,59.6,70.0,45.6,49.2,46.8,47.3,48.4
26230-2571,"골든팰리스더리치",부산진구,범천동,IDENTITY_HIGH,COORD_HIGH,SCORE_AVAILABLE,1.00,70.0,66.7,74.6,64.2,68.9,68.7,68.2,69.0
26230-2359,"한울트라움아파트",부산진구,당감동,IDENTITY_HIGH,COORD_HIGH,SCORE_AVAILABLE,1.00,26.0,64.1,80.3,54.5,56.2,53.5,54.5,55.2
26230-132,"성도빌라",부산진구,개금동,IDENTITY_HIGH,COORD_HIGH,SCORE_AVAILABLE,1.00,35.1,37.4,69.2,25.8,41.9,40.2,39.1,41.8
26230-73,"미주",부산진구,부암동,IDENTITY_HIGH,COORD_HIGH,SCORE_AVAILABLE,1.00,26.5,60.0,52.3,37.8,44.1,42.8,42.3,43.9
26230-2630,"서면아이파크2단지",부산진구,전포동,IDENTITY_HIGH,COORD_HIGH,SCORE_AVAILABLE,1.00,57.6,42.6,78.5,73.3,63.0,61.9,64.2,62.1
26230-2399,"세원수아파트",부산진구,당감동,IDENTITY_HIGH,COORD_HIGH,SCORE_AVAILABLE,1.00,78.5,65.8,38.3,55.3,59.5,61.5,59.8,60.4
26230-150,"로얄",부산진구,범천동,IDENTITY_HIGH,COORD_HIGH,SCORE_AVAILABLE,1.00,39.4,30.8,59.4,33.3,40.7,39.7,39.5,40.6
26230-121,"진일",부산진구,가야동,IDENTITY_HIGH,COORD_HIGH,SCORE_AVAILABLE,1.00,49.3,63.5,53.2,22.2,47.1,46.9,43.4,48.0
26230-1642,"개금주공3단지(518-0)",부산진구,당감동,IDENTITY_HIGH,COORD_HIGH,SCORE_AVAILABLE,1.00,31.8,54.5,74.7,43.1,51.0,48.9,48.9,50.5
26230-90,"무궁화(108-116동)",부산진구,당감동,IDENTITY_HIGH,COORD_HIGH,SCORE_AVAILABLE,1.00,17.2,65.7,76.4,40.0,49.8,46.8,46.7,49.0
26230-2407,"스윗팰리스",부산진구,연지동,IDENTITY_HIGH,COORD_HIGH,SCORE_AVAILABLE,1.00,40.4,34.5,43.3,55.5,43.4,43.3,45.1,42.9
26260-2098,"포레나동래",동래구,낙민동,IDENTITY_HIGH,COORD_HIGH,SCORE_AVAILABLE,1.00,83.6,44.3,56.6,80.2,66.2,67.5,69.1,66.1
26350-2134,"더샵센텀스타",해운대구,재송동,IDENTITY_HIGH,COORD_HIGH,SCORE_AVAILABLE,1.00,83.0,56.5,52.1,73.5,66.3,67.8,68.2,66.6
26350-22,"센텀현대",해운대구,우동,IDENTITY_HIGH,COORD_HIGH,SCORE_AVAILABLE,1.00,55.5,52.0,41.8,58.1,51.8,52.5,53.0,51.9
26350-2257,"해운대래미안",해운대구,중동,IDENTITY_HIGH,COORD_HIGH,SCORE_AVAILABLE,1.00,42.7,58.8,64.8,78.2,61.1,60.0,62.8,60.0
26350-2120,"대우트럼프월드마린",해운대구,우동,IDENTITY_HIGH,COORD_HIGH,SCORE_AVAILABLE,1.00,32.6,53.3,45.1,64.3,48.8,48.2,50.3,47.9
26350-164,"센텀SKVIEW아파트",해운대구,반여동,IDENTITY_HIGH,COORD_HIGH,SCORE_AVAILABLE,1.00,37.8,65.8,72.7,67.9,61.1,59.3,60.9,60.1
26350-5,"대우마리나1",해운대구,우동,IDENTITY_HIGH,COORD_LOW,NOT_ENOUGH_DATA,0.25,,,,31.1,,,,
26350-159,"센텀자유",해운대구,반여동,IDENTITY_HIGH,COORD_HIGH,SCORE_AVAILABLE,1.00,27.5,61.8,49.6,45.1,46.0,44.9,44.9,45.6
26350-2118,"센텀우신골든빌",해운대구,재송동,IDENTITY_HIGH,COORD_HIGH,SCORE_AVAILABLE,1.00,47.9,66.8,63.8,65.8,61.1,60.3,61.1,60.6
26350-2372,"해운대센텀트루엘1단지",해운대구,반여동,IDENTITY_HIGH,COORD_HIGH,SCORE_AVAILABLE,1.00,29.0,56.0,54.4,74.1,53.4,52.1,55.3,52.0
26350-26,"협성그린파크",해운대구,우동,IDENTITY_LOW,COORD_LOW,NOT_ENOUGH_DATA,0.25,,,,29.8,,,,
26350-274,"삼안스튜디오2000",해운대구,중동,IDENTITY_HIGH,COORD_HIGH,SCORE_AVAILABLE,1.00,22.2,37.8,27.2,34.9,30.5,30.3,30.8,30.2
26350-28,"센텀글로리아",해운대구,재송동,IDENTITY_HIGH,COORD_HIGH,SCORE_AVAILABLE,1.00,21.9,52.8,53.7,25.4,38.4,36.9,35.7,38.3
26350-2206,"해운대경동제이드",해운대구,우동,IDENTITY_HIGH,COORD_HIGH,SCORE_AVAILABLE,1.00,56.2,63.6,23.8,70.5,53.5,55.2,56.2,53.5
26350-51,"재송동코오롱",해운대구,재송동,IDENTITY_HIGH,COORD_HIGH,SCORE_AVAILABLE,1.00,20.8,49.9,60.3,29.0,40.0,38.0,37.4,39.6
26350-142,"경동지-플러스",해운대구,좌동,IDENTITY_LOW,COORD_HIGH,SCORE_AVAILABLE,1.00,75.8,83.8,68.5,47.8,69.0,69.3,66.1,70.0
26350-30,"남성선파크",해운대구,재송동,IDENTITY_HIGH,COORD_HIGH,SCORE_AVAILABLE,1.00,27.4,59.6,78.6,33.0,49.6,47.1,46.0,49.3
26350-162,"센텀SD",해운대구,반여동,IDENTITY_LOW,COORD_LOW,NOT_ENOUGH_DATA,0.25,,,,31.6,,,,
26350-47,"센텀골든파크",해운대구,재송동,IDENTITY_LOW,COORD_LOW,NOT_ENOUGH_DATA,0.25,,,,35.2,,,,
26350-113,"대림3",해운대구,좌동,IDENTITY_HIGH,COORD_HIGH,SCORE_AVAILABLE,1.00,61.6,57.4,74.7,35.3,57.2,56.6,54.2,57.9
26350-266,"삼안스튜디오2차",해운대구,중동,IDENTITY_LOW,COORD_LOW,NOT_ENOUGH_DATA,0.25,,,,26.4,,,,
26350-2377,"럭키골든스위트",해운대구,중동,IDENTITY_HIGH,COORD_HIGH,SCORE_AVAILABLE,1.00,59.2,70.2,70.2,65.2,66.2,65.7,65.7,66.0
26350-2334,"센텀경동리인",해운대구,우동,IDENTITY_HIGH,COORD_HIGH,SCORE_AVAILABLE,1.00,59.4,52.0,40.3,70.0,55.4,56.4,57.8,55.2
26350-24,"현대",해운대구,우동,IDENTITY_LOW,COORD_LOW,NOT_ENOUGH_DATA,0.25,,,,33.4,,,,
26350-2335,"해운대경보이리스힐아파트",해운대구,송정동,IDENTITY_HIGH,COORD_HIGH,SCORE_AVAILABLE,1.00,14.0,14.6,9.6,69.9,27.0,27.3,32.8,25.4
26230-2155,"가야동원로얄듀크",부산진구,가야동,IDENTITY_HIGH,COORD_HIGH,SCORE_AVAILABLE,1.00,74.7,50.8,42.1,65.7,58.4,60.0,60.3,58.7
26350-2378,"엘시티",해운대구,중동,IDENTITY_HIGH,COORD_HIGH,SCORE_AVAILABLE,1.00,32.7,62.2,38.5,86.5,55.0,54.7,58.6,53.6
26440-26,"지사금강펜테리움",강서구,지사동,IDENTITY_HIGH,COORD_HIGH,SCORE_AVAILABLE,1.00,23.5,23.3,78.7,74.7,50.0,47.3,52.4,47.9
26440-22,"엘크루블루오션",강서구,명지동,IDENTITY_HIGH,COORD_HIGH,SCORE_AVAILABLE,1.00,24.3,44.0,75.3,80.2,55.9,53.4,58.0,53.9
26440-125,"더샵명지퍼스트월드3단지",강서구,명지동,IDENTITY_HIGH,COORD_HIGH,SCORE_AVAILABLE,1.00,24.2,42.3,16.0,87.5,42.5,42.9,48.3,40.8
26440-82,"명지국제신도시호반베르디움2차",강서구,명지동,IDENTITY_HIGH,COORD_HIGH,SCORE_AVAILABLE,1.00,26.7,68.3,54.8,77.7,56.9,55.5,58.5,55.5
26440-123,"더샵명지퍼스트월드2단지",강서구,명지동,IDENTITY_HIGH,COORD_HIGH,SCORE_AVAILABLE,1.00,25.6,42.1,24.1,87.4,44.8,44.9,50.2,43.1
26440-76,"명지협성휴포레",강서구,명지동,IDENTITY_HIGH,COORD_HIGH,SCORE_AVAILABLE,1.00,23.8,53.6,49.3,79.1,51.4,50.2,54.2,49.8
26440-47,"명지1차 금강펜테리움 센트럴파크",강서구,명지동,IDENTITY_HIGH,COORD_HIGH,SCORE_AVAILABLE,1.00,25.5,66.4,47.1,76.6,53.9,52.8,55.9,52.6
26440-23,"명지두산위브포세이돈",강서구,명지동,IDENTITY_HIGH,COORD_HIGH,SCORE_AVAILABLE,1.00,29.3,55.6,70.2,76.9,58.0,55.9,59.4,56.4
26440-56,"명지국제신도시호반베르디움1차",강서구,명지동,IDENTITY_HIGH,COORD_HIGH,SCORE_AVAILABLE,1.00,27.9,69.5,67.8,76.1,60.3,58.3,61.1,58.9
26440-18,"퀸덤1차링컨타운",강서구,명지동,IDENTITY_HIGH,COORD_HIGH,SCORE_AVAILABLE,1.00,30.2,40.0,67.6,75.4,53.3,51.4,55.4,51.7
26440-59,"명지2차금강펜테리움센트럴파크",강서구,명지동,IDENTITY_HIGH,COORD_HIGH,SCORE_AVAILABLE,1.00,25.9,57.7,46.4,76.2,51.5,50.5,54.0,50.1
26440-111,"e편한세상명지",강서구,명지동,IDENTITY_HIGH,COORD_HIGH,SCORE_AVAILABLE,1.00,25.0,40.3,48.1,79.9,48.3,47.2,51.9,46.6
26440-109,"더힐시그니처",강서구,명지동,IDENTITY_HIGH,COORD_HIGH,SCORE_AVAILABLE,1.00,27.5,58.5,78.5,87.2,62.9,60.4,64.8,60.9
26440-90,"지사과학삼정그린코아",강서구,지사동,IDENTITY_HIGH,COORD_HIGH,SCORE_AVAILABLE,1.00,18.4,20.1,57.5,78.9,43.7,41.8,47.7,41.5
26350-3,"공작맨션",해운대구,우동,IDENTITY_HIGH,COORD_LOW,NOT_ENOUGH_DATA,0.25,,,,27.2,,,,
26230-119,"가야일산주택",부산진구,가야동,IDENTITY_HIGH,COORD_HIGH,SCORE_AVAILABLE,1.00,41.0,53.9,66.9,24.9,46.7,45.4,43.1,47.0
26230-149,"대원아파트",부산진구,범천동,IDENTITY_MEDIUM,COORD_HIGH,SCORE_AVAILABLE,1.00,64.9,73.2,72.0,18.4,57.1,56.8,51.7,58.6
26230-5,"동원",부산진구,범전동,IDENTITY_HIGH,COORD_HIGH,SCORE_AVAILABLE,1.00,36.5,57.5,78.3,17.1,47.3,45.3,42.3,47.7
26230-4549,"시민공원비스타동원",부산진구,부암동,IDENTITY_HIGH,COORD_HIGH,SCORE_AVAILABLE,0.75,,57.7,60.6,81.5,66.6,67.0,69.6,65.9
26230-2865,"서면서한이다음",부산진구,범천동,IDENTITY_HIGH,COORD_HIGH,SCORE_AVAILABLE,1.00,38.3,31.1,62.2,82.3,53.5,52.3,57.0,51.8
26230-215,"HY원룸",부산진구,부전동,IDENTITY_HIGH,COORD_HIGH,SCORE_AVAILABLE,1.00,66.0,83.7,41.2,45.1,59.0,60.2,57.2,60.0
26230-1632,"금수하이빌",부산진구,가야동,IDENTITY_UNRESOLVED,COORD_LOW,NOT_ENOUGH_DATA,0.25,,,,53.2,,,,
26230-2206,"범내골역한라비발디STUDIO422",부산진구,범천동,IDENTITY_MEDIUM,COORD_HIGH,SCORE_AVAILABLE,1.00,66.9,69.1,80.2,69.4,71.4,70.7,70.9,71.2
26230-2580,"대동레미안센트럴시티5",부산진구,범천동,IDENTITY_UNRESOLVED,COORD_LOW,NOT_ENOUGH_DATA,0.25,,,,83.2,,,,
26230-100,"태화현대2",부산진구,당감동,IDENTITY_HIGH,COORD_HIGH,SCORE_AVAILABLE,1.00,57.9,59.9,41.7,60.1,54.9,55.7,55.8,55.0
26440-72,"명진파크뷰",강서구,지사동,IDENTITY_HIGH,COORD_HIGH,SCORE_AVAILABLE,1.00,29.3,23.3,48.7,63.4,41.2,40.2,43.9,39.9
26440-95,"유나베네스2차",강서구,녹산동,IDENTITY_HIGH,COORD_HIGH,SCORE_AVAILABLE,1.00,19.1,13.9,54.2,53.1,35.1,33.3,37.0,33.6
26440-61,"명지대방노블랜드오션뷰2차",강서구,명지동,IDENTITY_HIGH,COORD_HIGH,SCORE_AVAILABLE,1.00,25.6,63.9,70.5,76.0,59.0,56.8,59.9,57.4
26440-102,"부산명지중흥S-클래스에듀오션",강서구,명지동,IDENTITY_HIGH,COORD_HIGH,SCORE_AVAILABLE,1.00,27.9,63.8,74.6,79.7,61.5,59.2,62.5,59.8
26440-108,"스위트팰리스",강서구,명지동,IDENTITY_HIGH,COORD_HIGH,SCORE_AVAILABLE,1.00,25.4,32.7,75.5,80.1,53.4,50.9,56.0,51.4
26440-45,"에일린의 뜰",강서구,명지동,IDENTITY_HIGH,COORD_HIGH,SCORE_AVAILABLE,1.00,25.3,70.1,63.3,77.5,59.0,57.1,60.1,57.5
26440-77,"부산명지중흥S-클래스프라디움",강서구,명지동,IDENTITY_HIGH,COORD_HIGH,SCORE_AVAILABLE,1.00,28.8,63.2,70.8,79.4,60.5,58.4,61.8,58.9
26440-17,"퀸덤1차에디슨타운",강서구,명지동,IDENTITY_HIGH,COORD_HIGH,SCORE_AVAILABLE,1.00,29.6,37.1,68.9,72.7,52.1,50.1,54.0,50.5
26440-37,"엘크루솔마레",강서구,명지동,IDENTITY_HIGH,COORD_HIGH,SCORE_AVAILABLE,1.00,21.0,32.6,36.0,72.5,40.5,39.8,44.3,38.9
26440-33,"명지오션시티한신휴플러스",강서구,명지동,IDENTITY_HIGH,COORD_HIGH,SCORE_AVAILABLE,1.00,21.6,55.0,44.7,75.6,49.2,48.1,51.8,47.7
26440-15,"극동스타클래스",강서구,명지동,IDENTITY_MEDIUM,COORD_HIGH,SCORE_AVAILABLE,1.00,24.9,58.0,71.2,59.0,53.3,51.0,52.7,52.1
26440-32,"명지오션시티삼정그린코아",강서구,명지동,IDENTITY_HIGH,COORD_HIGH,SCORE_AVAILABLE,1.00,27.9,44.2,68.0,73.0,53.3,51.3,55.0,51.7
26440-16,"롯데캐슬",강서구,명지동,IDENTITY_HIGH,COORD_HIGH,SCORE_AVAILABLE,1.00,29.4,54.4,49.7,75.1,52.2,51.2,54.5,50.8
26440-58,"명지대방노블랜드오션뷰1차",강서구,명지동,IDENTITY_HIGH,COORD_HIGH,SCORE_AVAILABLE,1.00,23.9,68.0,79.7,76.4,62.0,59.2,62.3,60.3
26440-14,"부산신호윌더하임",강서구,신호동,IDENTITY_HIGH,COORD_HIGH,SCORE_AVAILABLE,1.00,28.5,33.6,34.3,68.2,41.1,40.9,44.6,39.9
26440-150,"에코델타스마트시티수자인",강서구,강동동,IDENTITY_LOW,COORD_LOW,NOT_ENOUGH_DATA,0.25,,,,93.0,,,,
26440-19,"퀸덤1차아인슈타인타운",강서구,명지동,IDENTITY_HIGH,COORD_HIGH,SCORE_AVAILABLE,1.00,23.4,56.1,80.2,75.4,58.8,55.9,59.5,57.0
26440-31,"부산신호사랑으로부영2차",강서구,신호동,IDENTITY_HIGH,COORD_HIGH,SCORE_AVAILABLE,1.00,26.8,33.9,61.0,76.4,49.5,47.8,52.4,47.8
26440-120,"명지화전우방아이유쉘",강서구,화전동,IDENTITY_HIGH,COORD_HIGH,SCORE_AVAILABLE,1.00,28.4,17.1,36.2,83.5,41.3,40.9,47.0,39.5
26440-94,"유나베네스1차",강서구,녹산동,IDENTITY_MEDIUM,COORD_HIGH,SCORE_AVAILABLE,1.00,21.7,13.9,51.0,78.4,41.3,39.8,45.9,39.2
26440-96,"태원더블루원",강서구,대저1동,IDENTITY_LOW,COORD_LOW,NOT_ENOUGH_DATA,0.25,,,,78.4,,,,
26440-316,"강서자이에코델타",강서구,강동동,IDENTITY_LOW,COORD_LOW,NOT_ENOUGH_DATA,0.25,,,,94.0,,,,
26440-147,"에코델타호반써밋스마트시티",강서구,강동동,IDENTITY_LOW,COORD_UNRESOLVED,NOT_ENOUGH_DATA,0.25,,,,93.0,,,,
26440-128,"공항마을리베르하임주상복합",강서구,대저2동,IDENTITY_HIGH,COORD_HIGH,SCORE_AVAILABLE,1.00,55.7,16.8,63.0,71.9,51.9,51.5,55.1,50.9
26440-27,"부산신호사랑으로부영1차",강서구,신호동,IDENTITY_HIGH,COORD_HIGH,SCORE_AVAILABLE,1.00,24.6,28.0,57.2,74.6,46.1,44.5,49.3,44.3
26440-112,"우창더뷰",강서구,대저1동,IDENTITY_LOW,COORD_HIGH,SCORE_AVAILABLE,1.00,84.7,15.6,38.8,83.2,55.6,57.9,61.2,55.4
26110-9,"새들맨션",중구,대청동4가,IDENTITY_MEDIUM,COORD_HIGH,SCORE_AVAILABLE,1.00,51.5,62.9,81.6,16.0,53.0,51.5,47.4,53.9
26110-42,"흥아거북",중구,영주동,IDENTITY_HIGH,COORD_HIGH,SCORE_AVAILABLE,1.00,49.2,60.0,57.9,31.5,49.6,49.2,46.9,50.2
26110-32,"동아(92-0)",중구,영주동,IDENTITY_HIGH,COORD_HIGH,SCORE_AVAILABLE,1.00,43.8,38.6,35.3,45.8,40.9,41.3,41.8,40.9
26110-16,"노블레스힐",중구,보수동2가,IDENTITY_LOW,COORD_LOW,NOT_ENOUGH_DATA,0.25,,,,33.4,,,,
26110-775,"우남이채롬",중구,영주동,IDENTITY_LOW,COORD_LOW,NOT_ENOUGH_DATA,0.25,,,,55.0,,,,
26110-38,"은하아파트",중구,영주동,IDENTITY_HIGH,COORD_HIGH,SCORE_AVAILABLE,1.00,43.9,37.3,38.7,22.6,35.6,35.9,34.1,36.2
26110-11,"시영",중구,보수동1가,IDENTITY_LOW,COORD_LOW,NOT_ENOUGH_DATA,0.25,,,,10.0,,,,
26110-950,"서린엘마르센트로뷰",중구,중앙동4가,IDENTITY_LOW,COORD_LOW,NOT_ENOUGH_DATA,0.25,,,,88.0,,,,
26110-840,"예그린",중구,부평동4가,IDENTITY_LOW,COORD_LOW,NOT_ENOUGH_DATA,0.25,,,,67.2,,,,
26110-15,"흑교",중구,보수동2가,IDENTITY_LOW,COORD_LOW,NOT_ENOUGH_DATA,0.25,,,,12.0,,,,
26110-4,"대동맨션",중구,동광동5가,IDENTITY_LOW,COORD_LOW,NOT_ENOUGH_DATA,0.25,,,,16.0,,,,
26110-904,"미소지음주상복합",중구,보수동1가,IDENTITY_HIGH,COORD_HIGH,SCORE_AVAILABLE,1.00,48.6,67.3,74.6,54.0,61.1,59.8,59.4,60.9
26110-65,"경우빌라",중구,대청동4가,IDENTITY_HIGH,COORD_HIGH,SCORE_AVAILABLE,1.00,43.4,59.5,64.8,23.0,47.7,46.6,43.8,48.2
26110-40,"초원",중구,영주동,IDENTITY_LOW,COORD_HIGH,SCORE_AVAILABLE,1.00,54.6,52.9,66.0,12.0,46.4,45.8,41.6,47.5
26110-939,"선경에이스",중구,보수동3가,IDENTITY_LOW,COORD_HIGH,SCORE_AVAILABLE,1.00,52.8,69.4,73.2,83.2,69.6,68.6,70.8,68.7
26110-901,"부평파크",중구,부평동4가,IDENTITY_HIGH,COORD_HIGH,SCORE_AVAILABLE,1.00,73.3,74.0,67.9,49.8,66.3,66.5,64.1,67.0
26110-947,"목연정M팰리스",중구,부평동4가,IDENTITY_HIGH,COORD_HIGH,SCORE_AVAILABLE,1.00,67.9,78.1,68.9,64.2,69.8,69.7,68.8,70.0
26110-893,"보수2차봄여름가을겨울",중구,보수동2가,IDENTITY_HIGH,COORD_HIGH,SCORE_AVAILABLE,1.00,46.3,69.3,73.8,51.7,60.3,58.9,58.3,60.0
26110-48,"그린빌",중구,보수동1가,IDENTITY_HIGH,COORD_HIGH,SCORE_AVAILABLE,1.00,43.6,55.9,76.8,38.2,53.6,51.9,50.8,53.6
26110-33,"동주파크",중구,영주동,IDENTITY_HIGH,COORD_HIGH,SCORE_AVAILABLE,1.00,38.9,30.0,29.2,32.3,32.6,33.1,32.9,32.8
26110-888,"미소지움아파트",중구,영주동,IDENTITY_HIGH,COORD_HIGH,SCORE_AVAILABLE,1.00,52.6,67.0,79.4,48.4,61.9,60.5,59.4,61.9
26110-51,"대근하버빌타운",중구,부평동4가,IDENTITY_HIGH,COORD_HIGH,SCORE_AVAILABLE,1.00,63.0,72.0,61.5,42.0,59.6,59.7,57.1,60.3
26110-943,"보수에코팰리스",중구,보수동3가,IDENTITY_HIGH,COORD_HIGH,SCORE_AVAILABLE,1.00,56.4,74.4,68.8,63.1,65.6,65.0,64.8,65.5
26110-781,"대암보수맨션",중구,보수동1가,IDENTITY_HIGH,COORD_HIGH,SCORE_AVAILABLE,1.00,45.6,66.6,77.3,19.1,52.1,50.6,46.9,52.8
26110-942,"엘스퀘어",중구,중앙동4가,IDENTITY_HIGH,COORD_HIGH,SCORE_AVAILABLE,1.00,60.2,58.2,38.8,57.2,53.6,54.7,54.5,53.9
26110-29,"신생",중구,신창동2가,IDENTITY_HIGH,COORD_HIGH,SCORE_AVAILABLE,1.00,50.3,81.0,53.6,16.8,50.4,50.2,45.3,51.7
26110-843,"보수동한웅베어스",중구,보수동2가,IDENTITY_HIGH,COORD_HIGH,SCORE_AVAILABLE,1.00,54.6,70.1,72.9,51.6,62.3,61.4,60.3,62.4
26110-905,"부평부백자연애",중구,부평동4가,IDENTITY_HIGH,COORD_HIGH,SCORE_AVAILABLE,1.00,72.5,73.9,65.0,51.7,65.8,66.2,64.0,66.5
26110-837,"그린시티",중구,대청동2가,IDENTITY_HIGH,COORD_HIGH,SCORE_AVAILABLE,1.00,55.2,70.5,83.6,49.1,64.6,63.2,61.8,64.7
26110-24,"부평",중구,부평동2가,IDENTITY_HIGH,COORD_HIGH,SCORE_AVAILABLE,1.00,57.7,72.2,55.8,26.8,53.1,53.2,49.4,54.2
26170-41,"아름빌106동",동구,범일동,IDENTITY_HIGH,COORD_LOW,NOT_ENOUGH_DATA,0.25,,,,36.0,,,,
26110-945,"센텀엘카사",중구,보수동2가,IDENTITY_LOW,COORD_LOW,NOT_ENOUGH_DATA,0.25,,,,85.6,,,,
26110-27,"향원부평타워",중구,부평동4가,IDENTITY_LOW,COORD_LOW,NOT_ENOUGH_DATA,0.25,,,,47.8,,,,
26110-780,"동호이루마시티",중구,대청동4가,IDENTITY_UNRESOLVED,COORD_LOW,NOT_ENOUGH_DATA,0.25,,,,55.0,,,,
26110-49,"목연정빌라",중구,부평동4가,IDENTITY_UNRESOLVED,COORD_LOW,NOT_ENOUGH_DATA,0.25,,,,49.6,,,,
26110-23,"금성",중구,부평동2가,IDENTITY_UNRESOLVED,COORD_LOW,NOT_ENOUGH_DATA,0.25,,,,11.7,,,,
26110-770,"청운아파트1동",중구,영주동,IDENTITY_UNRESOLVED,COORD_LOW,NOT_ENOUGH_DATA,0.25,,,,12.0,,,,
26110-28,"용두산맨션",중구,신창동1가,IDENTITY_UNRESOLVED,COORD_LOW,NOT_ENOUGH_DATA,0.25,,,,11.7,,,,
26110-25,"월드밸리",중구,부평동2가,IDENTITY_UNRESOLVED,COORD_LOW,NOT_ENOUGH_DATA,0.25,,,,38.8,,,,
26110-5,"동광",중구,동광동5가,IDENTITY_UNRESOLVED,COORD_LOW,NOT_ENOUGH_DATA,0.25,,,,10.9,,,,
26170-827,"범양레우스센트럴베이",동구,초량동,IDENTITY_HIGH,COORD_HIGH,SCORE_AVAILABLE,1.00,85.0,66.1,42.4,84.3,69.4,71.6,72.5,69.7
26170-628,"두산위브범일뉴타운",동구,좌천동,IDENTITY_HIGH,COORD_HIGH,SCORE_AVAILABLE,1.00,69.3,55.2,45.4,62.4,58.1,59.3,59.3,58.4
26170-12,"한성아트빌",동구,초량동,IDENTITY_UNRESOLVED,COORD_LOW,NOT_ENOUGH_DATA,0.25,,,,47.8,,,,
26170-809,"오션브릿지",동구,범일동,IDENTITY_HIGH,COORD_HIGH,SCORE_AVAILABLE,1.00,61.6,54.6,74.2,79.9,67.6,67.0,69.1,66.8
26170-860,"두산위브더제니스하버시티",동구,범일동,IDENTITY_HIGH,COORD_HIGH,SCORE_AVAILABLE,1.00,64.2,46.4,57.3,90.0,64.5,64.8,68.3,63.6
26170-675,"진흥마제스타워범일",동구,범일동,IDENTITY_HIGH,COORD_HIGH,SCORE_AVAILABLE,1.00,78.1,70.4,26.3,69.3,61.0,63.6,63.1,61.7
26170-841,"부산항일동미라주더오션(1지구)",동구,좌천동,IDENTITY_HIGH,COORD_HIGH,SCORE_AVAILABLE,1.00,76.5,54.4,42.5,77.4,62.7,64.4,65.6,62.8
26170-825,"e편한세상부산항",동구,초량동,IDENTITY_HIGH,COORD_HIGH,SCORE_AVAILABLE,1.00,65.4,62.6,65.4,82.7,69.0,69.0,70.9,68.5
26170-826,"협성휴포레부산진역오션뷰",동구,수정동,IDENTITY_HIGH,COORD_HIGH,SCORE_AVAILABLE,1.00,86.9,65.4,47.7,80.8,70.2,72.2,72.6,70.6
26170-813,"좌천서린엘마르더뷰",동구,좌천동,IDENTITY_HIGH,COORD_HIGH,SCORE_AVAILABLE,1.00,35.4,33.7,51.7,69.2,47.5,46.7,50.1,46.3
26170-641,"두산위브포세이돈2",동구,범일동,IDENTITY_LOW,COORD_LOW,NOT_ENOUGH_DATA,0.25,,,,55.0,,,,
26110-30,"금호",중구,영주동,IDENTITY_LOW,COORD_HIGH,SCORE_AVAILABLE,1.00,42.5,47.6,40.1,38.8,42.3,42.4,41.7,42.4
26110-2,"부원",중구,대창동1가,IDENTITY_HIGH,COORD_HIGH,SCORE_AVAILABLE,1.00,62.5,60.8,51.0,29.8,51.0,51.6,48.4,52.1
26170-10,"화신1",동구,초량동,IDENTITY_HIGH,COORD_HIGH,SCORE_AVAILABLE,1.00,30.1,29.9,45.6,28.3,33.5,32.7,32.5,33.4
26170-38,"한성기린",동구,범일동,IDENTITY_HIGH,COORD_HIGH,SCORE_AVAILABLE,1.00,72.9,73.3,49.9,57.9,63.5,64.6,63.1,64.2
26170-802,"센텀동원2차",동구,초량동,IDENTITY_HIGH,COORD_HIGH,SCORE_AVAILABLE,1.00,83.6,68.9,35.0,55.3,60.7,63.2,61.1,61.9
26170-815,"지원더뷰오션1차",동구,초량동,IDENTITY_HIGH,COORD_HIGH,SCORE_AVAILABLE,1.00,65.4,58.2,22.1,67.9,53.4,55.6,56.2,53.7
26170-807,"린다스마트포레",동구,좌천동,IDENTITY_HIGH,COORD_HIGH,SCORE_AVAILABLE,1.00,79.9,54.4,47.4,64.0,61.5,63.1,62.8,62.0
26170-781,"오름CASTLE",동구,수정동,IDENTITY_HIGH,COORD_HIGH,SCORE_AVAILABLE,1.00,69.9,67.6,57.7,54.2,62.4,63.0,61.5,62.9
26170-3,"동일파크",동구,초량동,IDENTITY_HIGH,COORD_HIGH,SCORE_AVAILABLE,1.00,46.5,34.5,55.2,24.9,40.3,39.9,38.3,40.7
26170-834,"초량베스티움센트럴베이",동구,초량동,IDENTITY_HIGH,COORD_HIGH,SCORE_AVAILABLE,1.00,51.8,58.3,77.9,79.0,66.8,65.5,67.9,65.8
26170-53,"배룡그린빌라",동구,초량동,IDENTITY_LOW,COORD_LOW,NOT_ENOUGH_DATA,0.25,,,,46.0,,,,
26170-26,"아르미나아파트",동구,수정동,IDENTITY_HIGH,COORD_HIGH,SCORE_AVAILABLE,1.00,42.7,30.5,81.1,49.9,51.1,49.1,50.5,50.3
26170-31,"동원드림타운",동구,좌천동,IDENTITY_HIGH,COORD_HIGH,SCORE_AVAILABLE,1.00,61.4,63.7,51.4,57.0,58.4,58.9,58.3,58.6
26170-625,"청명골드타워",동구,초량동,IDENTITY_LOW,COORD_LOW,NOT_ENOUGH_DATA,0.25,,,,55.0,,,,
26170-42,"아름빌107동",동구,범일동,IDENTITY_HIGH,COORD_LOW,NOT_ENOUGH_DATA,0.25,,,,36.4,,,,
26170-8,"초량마마맨션",동구,초량동,IDENTITY_HIGH,COORD_HIGH,SCORE_AVAILABLE,1.00,47.3,55.9,68.7,28.6,50.1,49.1,46.7,50.6
26170-21,"덕림아파트",동구,수정동,IDENTITY_HIGH,COORD_HIGH,SCORE_AVAILABLE,1.00,47.6,35.9,79.8,27.2,47.6,46.0,44.5,47.8
26170-24,"수성아파트(440-0)",동구,수정동,IDENTITY_HIGH,COORD_HIGH,SCORE_AVAILABLE,1.00,40.3,31.9,74.3,20.5,41.8,40.1,38.5,41.9
26170-789,"범일역이즈팰리스",동구,범일동,IDENTITY_HIGH,COORD_HIGH,SCORE_AVAILABLE,1.00,69.8,77.8,30.2,57.8,58.9,60.9,59.3,59.7
26170-54,"썬플라워빌",동구,초량동,IDENTITY_LOW,COORD_LOW,NOT_ENOUGH_DATA,0.25,,,,49.6,,,,
26170-618,"좌천시민(741-1)",동구,좌천동,IDENTITY_HIGH,COORD_HIGH,SCORE_AVAILABLE,1.00,49.9,44.7,57.0,30.8,45.6,45.2,43.6,46.0
26170-7,"전원파크맨션아파트",동구,초량동,IDENTITY_LOW,COORD_LOW,NOT_ENOUGH_DATA,0.25,,,,19.2,,,,
26170-77,"좌천시민(737-1)",동구,좌천동,IDENTITY_LOW,COORD_HIGH,SCORE_AVAILABLE,1.00,54.1,49.5,63.1,8.0,43.7,43.2,38.9,44.9
26170-85,"아름빌102동",동구,범일동,IDENTITY_HIGH,COORD_HIGH,SCORE_AVAILABLE,1.00,52.8,42.2,61.0,36.3,48.1,47.7,46.5,48.4
26170-9,"초원",동구,초량동,IDENTITY_HIGH,COORD_HIGH,SCORE_AVAILABLE,1.00,72.3,66.5,53.3,26.3,54.6,55.6,51.3,56.1
26170-793,"베스안하우스2차",동구,수정동,IDENTITY_HIGH,COORD_HIGH,SCORE_AVAILABLE,1.00,55.1,65.5,51.4,56.6,57.1,57.3,57.0,57.2
26170-801,"오션스타",동구,초량동,IDENTITY_HIGH,COORD_HIGH,SCORE_AVAILABLE,1.00,59.9,67.9,69.4,53.4,62.7,62.2,61.2,62.9
26170-864,"북항에코하임센트럴뷰",동구,수정동,IDENTITY_HIGH,COORD_HIGH,SCORE_AVAILABLE,1.00,64.0,65.1,60.2,70.2,64.9,65.1,65.6,64.7
26170-805,"금초파크",동구,범일동,IDENTITY_HIGH,COORD_HIGH,SCORE_AVAILABLE,1.00,56.6,55.7,43.4,52.8,52.1,52.8,52.4,52.3
26170-824,"지원더뷰오션2차",동구,초량동,IDENTITY_HIGH,COORD_HIGH,SCORE_AVAILABLE,1.00,58.9,59.4,22.2,72.7,53.3,55.1,56.5,53.3
26170-62,"영림",동구,초량동,IDENTITY_HIGH,COORD_HIGH,SCORE_AVAILABLE,1.00,48.7,49.1,59.8,24.2,45.5,44.9,42.4,46.1
26170-629,"예그린",동구,초량동,IDENTITY_HIGH,COORD_HIGH,SCORE_AVAILABLE,1.00,55.8,67.1,72.6,45.2,60.2,59.3,57.7,60.4
26170-731,"봄여름가을겨울",동구,범일동,IDENTITY_HIGH,COORD_HIGH,SCORE_AVAILABLE,1.00,71.4,75.2,38.2,54.0,59.7,61.4,59.4,60.6
26170-46,"한사랑빌라트",동구,초량동,IDENTITY_HIGH,COORD_HIGH,SCORE_AVAILABLE,1.00,55.5,65.1,71.8,36.4,57.2,56.4,54.0,57.7
26170-780,"남평N-CITY",동구,초량동,IDENTITY_HIGH,COORD_HIGH,SCORE_AVAILABLE,1.00,53.8,54.6,23.1,55.1,46.7,48.2,48.3,46.9
26170-799,"장원하이드파크",동구,초량동,IDENTITY_HIGH,COORD_HIGH,SCORE_AVAILABLE,1.00,62.9,60.9,22.6,54.8,50.3,52.3,51.6,50.9
26170-33,"제일",동구,좌천동,IDENTITY_HIGH,COORD_HIGH,SCORE_AVAILABLE,1.00,53.6,65.5,57.7,16.2,48.2,48.0,43.7,49.4
26170-822,"대영아르피나",동구,초량동,IDENTITY_LOW,COORD_LOW,NOT_ENOUGH_DATA,0.25,,,,83.2,,,,
26170-29,"협성파크",동구,수정동,IDENTITY_HIGH,COORD_HIGH,SCORE_AVAILABLE,1.00,42.5,32.1,41.3,33.8,37.4,37.5,37.2,37.6
26170-69,"대근아트빌라(355-1)",동구,수정동,IDENTITY_HIGH,COORD_HIGH,SCORE_AVAILABLE,1.00,56.9,65.5,36.9,37.2,49.1,50.1,47.7,50.0
26170-769,"베스안하우스",동구,수정동,IDENTITY_HIGH,COORD_HIGH,SCORE_AVAILABLE,1.00,82.4,67.5,58.9,50.5,64.8,66.0,63.6,65.9
26170-836,"부산역삼정그린코아더시티",동구,초량동,IDENTITY_LOW,COORD_LOW,NOT_ENOUGH_DATA,0.25,,,,88.0,,,,
26170-67,"배룡비치텔",동구,초량동,IDENTITY_HIGH,COORD_HIGH,SCORE_AVAILABLE,1.00,58.5,65.5,71.2,41.5,59.2,58.5,56.5,59.6
26170-28,"청광",동구,수정동,IDENTITY_UNRESOLVED,COORD_LOW,NOT_ENOUGH_DATA,0.25,,,,35.2,,,,
26170-577,"노블시티",동구,좌천동,IDENTITY_UNRESOLVED,COORD_LOW,NOT_ENOUGH_DATA,0.25,,,,53.2,,,,
26170-88,"수정동하이츠빌리지",동구,수정동,IDENTITY_UNRESOLVED,COORD_LOW,NOT_ENOUGH_DATA,0.25,,,,51.4,,,,
26170-837,"범일역삼정그린코아더시티",동구,범일동,IDENTITY_UNRESOLVED,COORD_LOW,NOT_ENOUGH_DATA,0.25,,,,88.0,,,,
26170-674,"금광팰리스",동구,초량동,IDENTITY_UNRESOLVED,COORD_LOW,NOT_ENOUGH_DATA,0.25,,,,63.0,,,,
26170-6,"신우",동구,초량동,IDENTITY_UNRESOLVED,COORD_LOW,NOT_ENOUGH_DATA,0.25,,,,12.0,,,,
26170-741,"퍼스트빌",동구,범일동,IDENTITY_UNRESOLVED,COORD_LOW,NOT_ENOUGH_DATA,0.25,,,,71.6,,,,
26170-83,"성지하나로",동구,범일동,IDENTITY_UNRESOLVED,COORD_LOW,NOT_ENOUGH_DATA,0.25,,,,49.6,,,,
26170-60,"체어빌골드",동구,초량동,IDENTITY_UNRESOLVED,COORD_LOW,NOT_ENOUGH_DATA,0.25,,,,49.6,,,,
26170-72,"양지빌라",동구,수정동,IDENTITY_UNRESOLVED,COORD_LOW,NOT_ENOUGH_DATA,0.25,,,,49.6,,,,
26170-43,"KCB센트리움",동구,초량동,IDENTITY_UNRESOLVED,COORD_LOW,NOT_ENOUGH_DATA,0.25,,,,49.6,,,,
26170-36,"삼익",동구,범일동,IDENTITY_UNRESOLVED,COORD_LOW,NOT_ENOUGH_DATA,0.25,,,,13.6,,,,
26170-17,"늘푸른포스트빌",동구,초량동,IDENTITY_UNRESOLVED,COORD_LOW,NOT_ENOUGH_DATA,0.25,,,,47.8,,,,
26170-55,"썬리치",동구,초량동,IDENTITY_UNRESOLVED,COORD_LOW,NOT_ENOUGH_DATA,0.25,,,,51.4,,,,
26200-768,"영도센트럴에일린의뜰",영도구,봉래동4가,IDENTITY_HIGH,COORD_HIGH,SCORE_AVAILABLE,1.00,23.4,52.8,66.2,86.1,57.1,55.0,59.8,55.1
26200-597,"한일유앤아이",영도구,청학동,IDENTITY_HIGH,COORD_HIGH,SCORE_AVAILABLE,0.75,,29.9,74.8,55.1,53.3,51.7,53.6,52.6
26200-41,"미주비치",영도구,청학동,IDENTITY_HIGH,COORD_HIGH,SCORE_AVAILABLE,1.00,29.2,32.7,73.6,54.5,47.5,45.3,47.7,46.4
26170-633,"수정(1186-1)",동구,수정동,IDENTITY_LOW,COORD_HIGH,SCORE_AVAILABLE,1.00,42.5,33.4,70.3,8.0,38.5,37.2,34.2,39.2
26170-58,"하이츠빌리지-1",동구,초량동,IDENTITY_LOW,COORD_HIGH,SCORE_AVAILABLE,1.00,54.1,61.0,51.1,46.0,53.0,53.2,52.0,53.4
26170-631,"수정(1181-4)",동구,수정동,IDENTITY_UNRESOLVED,COORD_HIGH,SCORE_AVAILABLE,1.00,45.3,40.4,66.9,8.0,40.1,39.0,35.6,41.0
26170-16,"유승아트(110-41)",동구,초량동,IDENTITY_UNRESOLVED,COORD_HIGH,SCORE_AVAILABLE,1.00,64.9,65.6,56.4,47.8,58.7,59.1,57.3,59.3
26170-630,"수정(1173-3)",동구,수정동,IDENTITY_UNRESOLVED,COORD_HIGH,SCORE_AVAILABLE,1.00,49.1,52.7,57.8,8.0,41.9,41.5,37.2,43.1
26170-52,"대근아트빌라(106-11)",동구,초량동,IDENTITY_UNRESOLVED,COORD_HIGH,SCORE_AVAILABLE,1.00,73.3,65.5,50.0,49.6,59.6,60.8,58.8,60.5
26170-857,"범일퀸즈W에디션",동구,범일동,IDENTITY_HIGH,COORD_HIGH,SCORE_AVAILABLE,1.00,68.2,65.0,63.6,64.3,65.3,65.5,65.3,65.4
26170-710,"한울시너스",동구,초량동,IDENTITY_HIGH,COORD_HIGH,SCORE_AVAILABLE,1.00,74.3,68.9,74.1,52.5,67.5,67.5,65.6,68.1
26200-96,"진명드림빌",영도구,남항동2가,IDENTITY_HIGH,COORD_HIGH,SCORE_AVAILABLE,1.00,27.4,52.2,70.1,37.2,46.7,44.6,44.3,46.3
26170-752,"센텀타워",동구,좌천동,IDENTITY_HIGH,COORD_HIGH,SCORE_AVAILABLE,1.00,83.6,54.2,60.3,50.1,62.1,63.2,61.3,63.0
26170-808,"범일동서면영동리원",동구,범일동,IDENTITY_HIGH,COORD_HIGH,SCORE_AVAILABLE,1.00,59.2,50.6,52.1,61.3,55.8,56.1,56.8,55.7
26200-772,"부산오션시티푸르지오",영도구,동삼동,IDENTITY_HIGH,COORD_HIGH,SCORE_AVAILABLE,1.00,11.0,19.3,38.3,86.6,38.8,37.4,44.6,36.4
26200-16,"반도보라",영도구,영선동4가,IDENTITY_HIGH,COORD_HIGH,SCORE_AVAILABLE,1.00,22.2,32.4,61.1,64.0,44.9,43.0,46.6,43.4
26200-49,"한라비치",영도구,청학동,IDENTITY_HIGH,COORD_HIGH,SCORE_AVAILABLE,1.00,24.8,26.2,73.9,49.2,43.5,41.1,43.4,42.3
26200-601,"신영도롯데낙천대",영도구,청학동,IDENTITY_HIGH,COORD_HIGH,SCORE_AVAILABLE,1.00,27.6,27.4,54.7,62.6,43.1,41.7,45.2,41.8
26200-126,"원우엔리치빌",영도구,청학동,IDENTITY_HIGH,COORD_HIGH,SCORE_AVAILABLE,1.00,26.2,20.6,50.1,62.5,39.8,38.7,42.6,38.5
26200-1220,"오션라이프에일린의뜰1단지",영도구,동삼동,IDENTITY_HIGH,COORD_HIGH,SCORE_AVAILABLE,1.00,27.2,45.6,58.9,83.7,53.8,52.3,57.0,52.0
26200-53,"경전",영도구,동삼동,IDENTITY_HIGH,COORD_HIGH,SCORE_AVAILABLE,1.00,24.1,41.7,62.9,45.0,43.4,41.5,42.7,42.6
26200-1221,"오션라이프에일린의뜰2단지",영도구,동삼동,IDENTITY_HIGH,COORD_HIGH,SCORE_AVAILABLE,1.00,27.0,47.3,43.1,81.5,49.7,48.9,53.3,48.1
26200-54,"국제마마뉴비치타운",영도구,동삼동,IDENTITY_HIGH,COORD_HIGH,SCORE_AVAILABLE,1.00,23.4,45.5,75.9,55.7,50.1,47.5,49.6,48.8
26200-47,"청운",영도구,청학동,IDENTITY_HIGH,COORD_HIGH,SCORE_AVAILABLE,1.00,26.6,22.2,51.5,25.4,31.4,30.2,30.3,31.2
26200-17,"영도대원",영도구,영선동4가,IDENTITY_HIGH,COORD_HIGH,SCORE_AVAILABLE,0.75,,30.6,79.6,44.8,51.7,49.7,50.3,51.3
26200-80,"함지그린",영도구,동삼동,IDENTITY_HIGH,COORD_HIGH,SCORE_AVAILABLE,1.00,24.6,7.6,70.7,59.6,40.6,38.3,42.7,39.0
26200-622,"영도신도브래뉴",영도구,청학동,IDENTITY_HIGH,COORD_HIGH,SCORE_AVAILABLE,1.00,24.0,26.1,76.8,67.9,48.7,46.0,50.3,46.9
26200-76,"조양비취맨션",영도구,동삼동,IDENTITY_HIGH,COORD_HIGH,SCORE_AVAILABLE,1.00,25.0,44.6,57.5,48.7,43.9,42.3,43.7,43.1
26200-57,"동산파크타운",영도구,동삼동,IDENTITY_HIGH,COORD_LOW,NOT_ENOUGH_DATA,0.25,,,,28.6,,,,
26200-8,"남항화랑맨션",영도구,남항동3가,IDENTITY_HIGH,COORD_HIGH,SCORE_AVAILABLE,1.00,22.7,50.6,64.6,27.2,41.3,39.2,38.2,41.0
26200-734,"롯데캐슬블루오션",영도구,동삼동,IDENTITY_HIGH,COORD_HIGH,SCORE_AVAILABLE,1.00,27.3,47.3,55.3,72.6,50.6,49.2,52.7,49.2
26200-112,"동삼그린힐",영도구,동삼동,IDENTITY_HIGH,COORD_HIGH,SCORE_AVAILABLE,1.00,29.8,37.0,55.8,61.4,46.0,44.7,47.5,44.9
26200-595,"절영아파트(215동-217동)",영도구,동삼동,IDENTITY_HIGH,COORD_HIGH,SCORE_AVAILABLE,1.00,29.6,45.5,69.6,56.5,50.3,48.3,50.2,49.2
26200-60,"벽산비치",영도구,동삼동,IDENTITY_HIGH,COORD_HIGH,SCORE_AVAILABLE,1.00,26.5,51.6,80.3,56.0,53.6,50.9,52.6,52.4
26200-698,"영도일동미라주브라이튼(2단지)",영도구,동삼동,IDENTITY_HIGH,COORD_HIGH,SCORE_AVAILABLE,1.00,26.3,45.5,54.5,54.6,45.2,43.8,45.7,44.3
26200-116,"동부산아이존빌",영도구,영선동2가,IDENTITY_HIGH,COORD_HIGH,SCORE_AVAILABLE,1.00,28.1,68.3,72.6,62.0,57.8,55.5,56.9,56.7
26200-18,"영선2동4동",영도구,영선동4가,IDENTITY_HIGH,COORD_LOW,NOT_ENOUGH_DATA,0.25,,,,27.7,,,,
26200-774,"청학우성스마트시티뷰",영도구,청학동,IDENTITY_HIGH,COORD_HIGH,SCORE_AVAILABLE,1.00,23.7,30.8,56.5,74.5,46.4,44.7,49.5,44.6
26200-721,"남항부백자연애",영도구,남항동1가,IDENTITY_HIGH,COORD_HIGH,SCORE_AVAILABLE,1.00,23.9,74.6,56.9,66.6,55.5,53.8,55.5,54.4
26200-26,"미광마린타워",영도구,봉래동2가,IDENTITY_MEDIUM,COORD_HIGH,SCORE_AVAILABLE,1.00,41.2,71.0,60.9,29.8,50.7,49.7,47.1,51.2
26200-75,"절영아파트(208동-214동)",영도구,동삼동,IDENTITY_HIGH,COORD_HIGH,SCORE_AVAILABLE,1.00,30.1,36.0,54.3,58.6,44.8,43.6,46.1,43.7
26200-71,"에덴금호",영도구,동삼동,IDENTITY_HIGH,COORD_HIGH,SCORE_AVAILABLE,1.00,26.9,32.5,30.0,49.5,34.7,34.6,36.5,34.1
26200-6,"영도화랑",영도구,남항동3가,IDENTITY_HIGH,COORD_HIGH,SCORE_AVAILABLE,1.00,20.8,46.4,62.2,27.6,39.2,37.2,36.6,38.9
26200-79,"태종파크맨션(227-233)",영도구,동삼동,IDENTITY_HIGH,COORD_HIGH,SCORE_AVAILABLE,0.75,,42.8,58.4,33.8,45.0,44.1,42.8,45.3
26200-59,"반도보라비치타운",영도구,동삼동,IDENTITY_HIGH,COORD_HIGH,SCORE_AVAILABLE,1.00,27.2,4.7,65.3,49.7,36.8,34.8,38.2,35.5
26200-39,"대룡파크맨션",영도구,청학동,IDENTITY_HIGH,COORD_HIGH,SCORE_AVAILABLE,1.00,19.9,32.8,76.9,36.8,41.6,38.7,39.8,40.6
26200-34,"영도유림",영도구,봉래동4가,IDENTITY_HIGH,COORD_HIGH,SCORE_AVAILABLE,1.00,24.9,34.6,57.8,46.6,41.0,39.3,41.0,40.1
26200-699,"영도일동미라주브라이튼(1단지)",영도구,동삼동,IDENTITY_HIGH,COORD_HIGH,SCORE_AVAILABLE,1.00,28.3,45.5,50.4,65.1,47.3,46.2,49.0,46.1
26200-5,"남항무궁화맨션",영도구,남항동3가,IDENTITY_HIGH,COORD_HIGH,SCORE_AVAILABLE,1.00,21.0,47.3,65.2,26.8,40.1,37.9,37.1,39.7
26200-22,"영광그린",영도구,신선동2가,IDENTITY_HIGH,COORD_HIGH,SCORE_AVAILABLE,1.00,28.1,32.6,53.9,44.4,39.8,38.5,39.9,39.1
26200-25,"대교타운",영도구,봉래동1가,IDENTITY_MEDIUM,COORD_HIGH,SCORE_AVAILABLE,1.00,43.0,71.0,43.2,47.8,51.3,51.3,50.3,51.4
26200-24,"영광골든타워",영도구,봉래동1가,IDENTITY_HIGH,COORD_HIGH,SCORE_AVAILABLE,1.00,51.5,72.4,36.2,43.2,50.8,51.6,49.7,51.4
26200-58,"동삼절영3",영도구,동삼동,IDENTITY_HIGH,COORD_HIGH,SCORE_AVAILABLE,1.00,29.6,47.7,73.5,53.6,51.1,48.9,50.4,50.1
26200-737,"영도경동리인",영도구,동삼동,IDENTITY_HIGH,COORD_HIGH,SCORE_AVAILABLE,1.00,17.9,28.7,43.8,63.1,38.4,37.1,41.1,36.9
26200-117,"동삼동한진로즈힐",영도구,동삼동,IDENTITY_HIGH,COORD_HIGH,SCORE_AVAILABLE,1.00,29.9,51.7,73.2,54.7,52.4,50.2,51.6,51.4
26200-46,"일신마리나",영도구,청학동,IDENTITY_HIGH,COORD_HIGH,SCORE_AVAILABLE,1.00,28.9,28.6,64.4,50.6,43.1,41.3,43.5,42.1
26200-596,"유림노르웨이숲비치",영도구,동삼동,IDENTITY_HIGH,COORD_HIGH,SCORE_AVAILABLE,1.00,26.8,33.9,27.9,51.9,35.1,35.1,37.2,34.4
26200-65,"삼창파크타운3차",영도구,동삼동,IDENTITY_HIGH,COORD_HIGH,SCORE_AVAILABLE,1.00,29.1,51.8,74.7,39.4,48.8,46.5,46.4,48.2
26200-78,"태림",영도구,동삼동,IDENTITY_HIGH,COORD_HIGH,SCORE_AVAILABLE,0.75,,50.2,66.5,30.4,49.0,47.8,45.3,49.6
26200-707,"오션블루",영도구,봉래동2가,IDENTITY_LOW,COORD_HIGH,SCORE_AVAILABLE,1.00,24.9,71.5,53.6,73.8,56.0,54.5,57.1,54.7
26200-101,"동진",영도구,봉래동2가,IDENTITY_LOW,COORD_HIGH,SCORE_AVAILABLE,1.00,38.8,74.0,51.0,10.9,43.7,43.1,38.5,44.7
26200-739,"정림위더스하임",영도구,남항동1가,IDENTITY_HIGH,COORD_HIGH,SCORE_AVAILABLE,1.00,47.8,64.7,45.4,60.0,54.5,54.6,55.0,54.3
26200-760,"힐링파크",영도구,영선동2가,IDENTITY_HIGH,COORD_HIGH,SCORE_AVAILABLE,1.00,30.3,59.3,66.5,60.5,54.1,52.3,53.9,53.2
26200-750,"대성베른시티1동",영도구,동삼동,IDENTITY_HIGH,COORD_HIGH,SCORE_AVAILABLE,1.00,27.7,44.3,49.4,55.3,44.2,43.1,45.0,43.3
26200-124,"영선1동",영도구,영선동4가,IDENTITY_HIGH,COORD_LOW,NOT_ENOUGH_DATA,0.25,,,,21.5,,,,
26200-73,"유나맨션",영도구,동삼동,IDENTITY_HIGH,COORD_HIGH,SCORE_AVAILABLE,1.00,23.3,52.4,59.1,25.3,40.0,38.2,37.0,39.9
26200-600,"모닝아일랜드",영도구,대교동2가,IDENTITY_LOW,COORD_LOW,NOT_ENOUGH_DATA,0.25,,,,53.2,,,,
26200-55,"도시",영도구,동삼동,IDENTITY_HIGH,COORD_HIGH,SCORE_AVAILABLE,1.00,28.0,40.6,57.9,37.0,40.9,39.4,39.6,40.4
26200-67,"삼창파크타운5동6동",영도구,동삼동,IDENTITY_HIGH,COORD_HIGH,SCORE_AVAILABLE,1.00,28.7,52.7,68.6,40.2,47.5,45.5,45.5,47.0
26200-1,"대동대교맨션",영도구,대평동1가,IDENTITY_HIGH,COORD_HIGH,SCORE_AVAILABLE,1.00,47.4,57.6,40.2,43.8,47.2,47.6,46.7,47.5
26200-42,"삼창",영도구,청학동,IDENTITY_LOW,COORD_LOW,NOT_ENOUGH_DATA,0.25,,,,35.2,,,,
26200-66,"삼창파크타운1동2동",영도구,동삼동,IDENTITY_HIGH,COORD_HIGH,SCORE_AVAILABLE,1.00,29.8,50.7,76.1,34.5,47.8,45.5,44.9,47.4
26200-62,"동삼동삼창그린타운(679-1)",영도구,동삼동,IDENTITY_HIGH,COORD_HIGH,SCORE_AVAILABLE,1.00,22.5,32.2,36.7,45.3,34.2,33.5,35.2,33.4
26200-68,"삼한경희",영도구,동삼동,IDENTITY_HIGH,COORD_HIGH,SCORE_AVAILABLE,1.00,23.7,42.8,64.1,25.1,38.9,36.9,36.1,38.6
26200-50,"화신",영도구,청학동,IDENTITY_HIGH,COORD_HIGH,SCORE_AVAILABLE,1.00,20.6,36.8,63.5,38.5,39.8,37.7,38.7,39.0
26200-21,"신선",영도구,신선동2가,IDENTITY_HIGH,COORD_HIGH,SCORE_AVAILABLE,1.00,29.7,34.8,53.1,33.5,37.8,36.6,36.7,37.5
26200-13,"청솔아트빌라",영도구,영선동3가,IDENTITY_LOW,COORD_LOW,NOT_ENOUGH_DATA,0.25,,,,47.8,,,,
26200-87,"혜광드림팰리스",영도구,남항동1가,IDENTITY_LOW,COORD_HIGH,SCORE_AVAILABLE,1.00,42.0,70.4,60.0,49.6,55.5,54.6,53.9,55.4
26200-671,"플러스원",영도구,청학동,IDENTITY_LOW,COORD_HIGH,SCORE_AVAILABLE,1.00,20.4,29.6,55.8,69.4,43.8,42.0,46.5,42.1
26200-30,"오양대교맨션",영도구,봉래동3가,IDENTITY_HIGH,COORD_HIGH,SCORE_AVAILABLE,1.00,39.1,68.8,71.9,33.7,53.4,51.7,49.7,53.5
26200-598,"천지해오름",영도구,청학동,IDENTITY_HIGH,COORD_HIGH,SCORE_AVAILABLE,1.00,26.8,30.8,53.2,44.3,38.8,37.5,39.0,38.0
26200-675,"뉴스카이",영도구,남항동1가,IDENTITY_HIGH,COORD_HIGH,SCORE_AVAILABLE,1.00,34.6,74.9,58.9,48.7,54.3,53.1,52.4,54.0
26200-89,"혜광마린팰리스",영도구,청학동,IDENTITY_HIGH,COORD_HIGH,SCORE_AVAILABLE,1.00,24.4,34.2,45.0,42.1,36.4,35.4,36.7,35.8
26200-753,"더킹페로스아파트",영도구,남항동1가,IDENTITY_HIGH,COORD_HIGH,SCORE_AVAILABLE,1.00,43.7,68.2,58.2,63.1,58.3,57.6,58.3,57.8
26200-731,"아이블리스",영도구,대교동2가,IDENTITY_HIGH,COORD_HIGH,SCORE_AVAILABLE,1.00,45.5,74.0,49.1,57.1,56.4,56.2,56.0,56.3
26200-642,"청성",영도구,영선동2가,IDENTITY_HIGH,COORD_HIGH,SCORE_AVAILABLE,1.00,30.0,70.2,62.2,42.6,51.3,49.6,48.9,51.0
26200-706,"성우펠리체리움",영도구,봉래동3가,IDENTITY_HIGH,COORD_HIGH,SCORE_AVAILABLE,0.75,,70.6,70.2,58.4,66.4,66.1,64.8,66.7
26200-51,"보성아트빌",영도구,청학동,IDENTITY_HIGH,COORD_HIGH,SCORE_AVAILABLE,1.00,26.5,31.9,59.5,34.3,38.1,36.4,36.9,37.5
26200-114,"하나빌",영도구,대평동1가,IDENTITY_HIGH,COORD_HIGH,SCORE_AVAILABLE,1.00,48.4,55.9,30.3,50.0,46.2,47.1,46.8,46.4
26200-680,"대교마루빌",영도구,봉래동2가,IDENTITY_HIGH,COORD_HIGH,SCORE_AVAILABLE,1.00,42.0,73.3,49.3,45.4,52.5,52.2,50.9,52.7
26200-104,"한진중공업사원",영도구,봉래동5가,IDENTITY_HIGH,COORD_HIGH,SCORE_AVAILABLE,1.00,27.2,30.0,76.1,39.6,43.2,40.8,41.9,42.4
26200-103,"수근에이스타운",영도구,봉래동3가,IDENTITY_HIGH,COORD_HIGH,SCORE_AVAILABLE,1.00,26.4,66.8,74.8,49.6,54.4,52.0,52.3,53.6
26200-12,"영선무궁화맨션",영도구,영선동3가,IDENTITY_MEDIUM,COORD_HIGH,SCORE_AVAILABLE,0.75,,52.2,62.7,16.8,43.9,42.6,38.5,44.9
26200-81,"형제오션뷰",영도구,동삼동,IDENTITY_LOW,COORD_LOW,NOT_ENOUGH_DATA,0.25,,,,47.8,,,,
26530-59,"럭키주례2",사상구,주례동,IDENTITY_HIGH,COORD_HIGH,SCORE_AVAILABLE,1.00,64.8,53.2,60.8,35.5,53.6,53.8,51.4,54.4
26200-72,"우일화랑",영도구,동삼동,IDENTITY_HIGH,COORD_HIGH,SCORE_AVAILABLE,1.00,24.3,23.5,47.2,34.4,32.4,31.2,32.3,31.8
26200-29,"봉래",영도구,봉래동3가,IDENTITY_HIGH,COORD_HIGH,SCORE_AVAILABLE,1.00,26.4,62.6,68.9,26.5,46.1,44.0,42.2,46.0
26200-125,"영선3동",영도구,영선동4가,IDENTITY_UNRESOLVED,COORD_LOW,NOT_ENOUGH_DATA,0.25,,,,10.0,,,,
26200-86,"신흥동백1차",영도구,동삼동,IDENTITY_HIGH,COORD_HIGH,SCORE_AVAILABLE,1.00,29.7,48.2,65.5,28.0,42.9,41.1,40.0,42.7
26200-770,"어반젠트리",영도구,대교동1가,IDENTITY_UNRESOLVED,COORD_LOW,NOT_ENOUGH_DATA,0.25,,,,90.0,,,,
26200-127,"대동",영도구,대평동1가,IDENTITY_HIGH,COORD_HIGH,SCORE_AVAILABLE,1.00,44.1,49.8,38.9,25.3,39.5,39.8,37.6,40.2
26200-702,"퀸즈팰리스",영도구,청학동,IDENTITY_UNRESOLVED,COORD_LOW,NOT_ENOUGH_DATA,0.25,,,,73.8,,,,
26200-69,"신흥동백맨션8",영도구,동삼동,IDENTITY_HIGH,COORD_HIGH,SCORE_AVAILABLE,1.00,28.1,51.3,73.7,31.5,46.2,43.9,43.1,45.8
26200-751,"한우리6차",영도구,대교동1가,IDENTITY_UNRESOLVED,COORD_LOW,NOT_ENOUGH_DATA,0.25,,,,83.2,,,,
26200-43,"영광마린타워",영도구,청학동,IDENTITY_HIGH,COORD_HIGH,SCORE_AVAILABLE,1.00,22.2,33.8,59.1,39.9,38.8,36.9,38.1,38.0
26200-688,"유진캐슬",영도구,봉래동4가,IDENTITY_HIGH,COORD_HIGH,SCORE_AVAILABLE,1.00,28.6,33.9,45.2,48.2,39.0,38.2,39.9,38.3
26200-745,"에코팰리스",영도구,영선동1가,IDENTITY_UNRESOLVED,COORD_LOW,NOT_ENOUGH_DATA,0.25,,,,80.8,,,,
26200-63,"삼창파크맨션1동",영도구,동삼동,IDENTITY_HIGH,COORD_HIGH,SCORE_AVAILABLE,1.00,30.6,48.2,69.1,25.3,43.3,41.4,40.0,43.3
26200-681,"더페로스",영도구,영선동3가,IDENTITY_UNRESOLVED,COORD_LOW,NOT_ENOUGH_DATA,0.25,,,,69.4,,,,
26200-711,"그린팰리스",영도구,대교동2가,IDENTITY_UNRESOLVED,COORD_LOW,NOT_ENOUGH_DATA,0.25,,,,76.0,,,,
26200-107,"장원",영도구,동삼동,IDENTITY_UNRESOLVED,COORD_LOW,NOT_ENOUGH_DATA,0.25,,,,35.2,,,,
26530-983,"레스틴뷰(restynv)",사상구,괘법동,IDENTITY_LOW,COORD_HIGH,SCORE_AVAILABLE,1.00,85.7,66.3,39.0,76.0,66.8,69.1,69.1,67.3
26530-16,"덕포청구",사상구,덕포동,IDENTITY_HIGH,COORD_HIGH,SCORE_AVAILABLE,1.00,34.4,41.6,31.0,59.2,41.6,41.7,43.9,40.9
26530-76,"주례청구",사상구,주례동,IDENTITY_HIGH,COORD_HIGH,SCORE_AVAILABLE,1.00,51.4,38.6,78.7,63.9,58.2,56.8,58.7,57.4
26530-32,"우성2차",사상구,모라동,IDENTITY_LOW,COORD_LOW,NOT_ENOUGH_DATA,0.25,,,,37.0,,,,
26530-65,"엘지신주례1",사상구,주례동,IDENTITY_HIGH,COORD_HIGH,SCORE_AVAILABLE,1.00,56.5,52.9,74.4,59.2,60.7,59.8,60.3,60.4
26200-90,"남항동썬플라자",영도구,영선동2가,IDENTITY_LOW,COORD_HIGH,SCORE_AVAILABLE,1.00,27.8,70.0,65.0,49.6,53.1,51.3,51.3,52.5
26200-45,"원우",영도구,청학동,IDENTITY_UNRESOLVED,COORD_HIGH,SCORE_AVAILABLE,0.75,,29.6,48.6,46.0,41.4,40.9,42.3,41.0
26200-594,"태림맨션(94-0)",영도구,대평동1가,IDENTITY_UNRESOLVED,COORD_HIGH,SCORE_AVAILABLE,1.00,43.8,46.7,43.0,13.6,36.8,36.8,33.6,37.7
26200-70,"신흥동백2",영도구,동삼동,IDENTITY_UNRESOLVED,COORD_HIGH,SCORE_AVAILABLE,1.00,19.7,39.6,65.8,19.2,36.1,33.8,32.7,35.8
26200-83,"한나라빌6동7동",영도구,동삼동,IDENTITY_UNRESOLVED,COORD_HIGH,SCORE_AVAILABLE,1.00,23.0,28.3,30.6,47.8,32.4,32.1,34.3,31.7
26200-783,"오션라이프에일린의뜰2단지",영도구,동삼동,IDENTITY_UNRESOLVED,COORD_HIGH,SCORE_AVAILABLE,1.00,28.1,49.6,51.8,92.0,55.4,54.2,59.5,53.4
26200-782,"더퍼스트아파트",영도구,대교동2가,IDENTITY_UNRESOLVED,COORD_HIGH,SCORE_AVAILABLE,1.00,26.0,75.0,53.6,92.0,61.6,60.3,64.4,59.9
26200-115,"페로스빌",영도구,청학동,IDENTITY_HIGH,COORD_HIGH,SCORE_AVAILABLE,1.00,27.4,32.3,49.0,37.4,36.5,35.4,36.2,36.0
26200-106,"청학스카이파크",영도구,청학동,IDENTITY_HIGH,COORD_HIGH,SCORE_AVAILABLE,1.00,25.4,23.5,61.3,36.4,36.7,34.9,36.1,36.0
26530-819,"덕포동벽산블루밍",사상구,덕포동,IDENTITY_HIGH,COORD_HIGH,SCORE_AVAILABLE,1.00,63.7,41.3,74.4,60.4,60.0,59.4,60.2,59.7
26530-51,"엄궁2차한신",사상구,엄궁동,IDENTITY_HIGH,COORD_HIGH,SCORE_AVAILABLE,1.00,25.0,36.4,49.6,62.4,43.4,42.1,45.3,42.1
26530-22,"자유",사상구,덕포동,IDENTITY_HIGH,COORD_HIGH,SCORE_AVAILABLE,1.00,67.6,35.2,66.2,35.5,51.1,51.2,49.6,51.8
26530-1043,"사상구남역동원로얄듀크",사상구,모라동,IDENTITY_HIGH,COORD_HIGH,SCORE_AVAILABLE,1.00,58.9,51.6,21.5,78.1,52.5,54.4,56.7,52.3
26530-89,"반도보라타운",사상구,학장동,IDENTITY_MEDIUM,COORD_HIGH,SCORE_AVAILABLE,1.00,22.0,46.0,41.5,33.4,35.7,34.7,34.7,35.4
26530-1142,"사상중흥에스-클래스그랜드센트럴",사상구,덕포동,IDENTITY_HIGH,COORD_HIGH,SCORE_AVAILABLE,1.00,84.9,61.7,60.5,86.7,73.4,74.7,76.0,73.4
26530-60,"반도보라",사상구,주례동,IDENTITY_HIGH,COORD_HIGH,SCORE_AVAILABLE,1.00,56.3,44.3,80.3,62.1,60.7,59.5,60.7,60.2
26530-1137,"주례롯데캐슬골드스마트",사상구,주례동,IDENTITY_HIGH,COORD_HIGH,SCORE_AVAILABLE,1.00,64.6,47.8,66.7,85.7,66.2,66.1,69.1,65.4
26530-29,"부원맨션",사상구,모라동,IDENTITY_HIGH,COORD_HIGH,SCORE_AVAILABLE,1.00,62.7,42.1,67.7,22.5,48.8,48.5,45.5,49.7
26530-26,"모라벽산",사상구,모라동,IDENTITY_HIGH,COORD_HIGH,SCORE_AVAILABLE,1.00,54.7,52.6,29.1,62.6,49.7,51.0,51.9,49.7
26530-809,"쌍용스윗닷홈",사상구,엄궁동,IDENTITY_HIGH,COORD_HIGH,SCORE_AVAILABLE,1.00,27.3,32.2,77.1,64.3,50.2,47.7,51.2,48.6
26530-18,"벽산신익타운",사상구,덕포동,IDENTITY_HIGH,COORD_HIGH,SCORE_AVAILABLE,1.00,53.5,39.7,70.7,46.9,52.7,51.9,51.9,52.6
26530-49,"엄궁대림",사상구,엄궁동,IDENTITY_HIGH,COORD_HIGH,SCORE_AVAILABLE,0.75,,30.5,52.7,60.6,48.0,47.6,50.5,47.1
26530-35,"주공4",사상구,모라동,IDENTITY_HIGH,COORD_HIGH,SCORE_AVAILABLE,1.00,28.4,30.7,51.6,53.4,41.0,39.9,42.3,40.1
26530-56,"대성",사상구,주례동,IDENTITY_HIGH,COORD_HIGH,SCORE_AVAILABLE,1.00,70.9,64.3,63.4,27.3,56.5,56.8,52.8,57.8
26530-903,"덕포경동메르빌",사상구,덕포동,IDENTITY_HIGH,COORD_HIGH,SCORE_AVAILABLE,1.00,51.7,38.8,53.8,71.6,53.9,53.8,56.5,53.2
26530-62,"본동맨션",사상구,주례동,IDENTITY_HIGH,COORD_HIGH,SCORE_AVAILABLE,1.00,57.9,46.6,48.6,19.1,43.1,43.5,40.2,44.2
26530-994,"주례경동리인",사상구,주례동,IDENTITY_HIGH,COORD_HIGH,SCORE_AVAILABLE,1.00,64.5,38.6,42.7,79.4,56.3,57.4,60.2,55.8
26530-75,"주례맨션",사상구,주례동,IDENTITY_HIGH,COORD_HIGH,SCORE_AVAILABLE,1.00,78.2,68.7,66.7,21.2,58.7,59.3,54.1,60.4
26530-130,"한일유엔아이",사상구,주례동,IDENTITY_HIGH,COORD_HIGH,SCORE_AVAILABLE,1.00,59.2,64.2,72.8,71.1,66.8,66.1,67.1,66.4
26530-31,"우성",사상구,모라동,IDENTITY_LOW,COORD_LOW,NOT_ENOUGH_DATA,0.25,,,,24.8,,,,
26530-88,"목화",사상구,학장동,IDENTITY_MEDIUM,COORD_HIGH,SCORE_AVAILABLE,1.00,17.0,47.3,33.9,31.6,32.5,31.6,31.6,32.2
26530-837,"롯데캐슬",사상구,엄궁동,IDENTITY_HIGH,COORD_HIGH,SCORE_AVAILABLE,1.00,22.3,38.2,70.9,78.0,52.3,49.9,54.7,50.4
26530-79,"주례한효",사상구,주례동,IDENTITY_LOW,COORD_LOW,NOT_ENOUGH_DATA,0.25,,,,37.0,,,,
26530-83,"구덕극동",사상구,학장동,IDENTITY_HIGH,COORD_HIGH,SCORE_AVAILABLE,1.00,28.0,14.6,77.1,50.0,42.4,40.0,42.8,41.1
26530-1113,"센트럴스타힐스",사상구,괘법동,IDENTITY_HIGH,COORD_HIGH,SCORE_AVAILABLE,1.00,69.4,76.6,51.9,85.5,70.9,71.7,73.0,70.6
26530-4,"사상강변동원",사상구,괘법동,IDENTITY_HIGH,COORD_HIGH,SCORE_AVAILABLE,1.00,60.1,68.9,78.6,59.3,66.7,65.8,65.3,66.6
26530-58,"럭키주례1",사상구,주례동,IDENTITY_LOW,COORD_LOW,NOT_ENOUGH_DATA,0.25,,,,21.6,,,,
26530-94,"신구덕우성",사상구,학장동,IDENTITY_HIGH,COORD_HIGH,SCORE_AVAILABLE,1.00,15.1,45.1,33.9,61.6,38.9,38.0,41.1,37.6
26530-28,"백양그린",사상구,모라동,IDENTITY_HIGH,COORD_HIGH,SCORE_AVAILABLE,1.00,23.8,45.9,68.9,60.5,49.8,47.5,50.1,48.4
26530-104,"어진빌라",사상구,괘법동,IDENTITY_HIGH,COORD_HIGH,SCORE_AVAILABLE,1.00,78.5,64.7,40.0,34.1,54.3,56.3,52.5,55.9
26530-24,"모라동원타운",사상구,모라동,IDENTITY_HIGH,COORD_HIGH,SCORE_AVAILABLE,1.00,55.1,53.6,68.6,35.5,53.2,52.5,50.7,53.6
26530-926,"학장동삼정그린코아아파트",사상구,학장동,IDENTITY_HIGH,COORD_HIGH,SCORE_AVAILABLE,1.00,19.9,45.1,35.3,71.1,42.8,42.1,45.9,41.4
26530-66,"엘지신주례2",사상구,주례동,IDENTITY_HIGH,COORD_HIGH,SCORE_AVAILABLE,1.00,66.9,55.6,78.3,60.5,65.3,64.7,64.7,65.3
26530-74,"주례2차동일",사상구,주례동,IDENTITY_HIGH,COORD_HIGH,SCORE_AVAILABLE,1.00,59.8,46.0,82.2,50.5,59.6,58.5,58.3,59.5
26530-37,"학산그린타운",사상구,모라동,IDENTITY_HIGH,COORD_HIGH,SCORE_AVAILABLE,1.00,50.6,51.6,77.1,38.8,54.5,53.2,52.0,54.6
26530-41,"동양한신",사상구,삼락동,IDENTITY_HIGH,COORD_HIGH,SCORE_AVAILABLE,1.00,52.4,67.7,68.0,41.8,57.5,56.7,54.9,57.8
26530-2,"괘법한신2",사상구,괘법동,IDENTITY_HIGH,COORD_HIGH,SCORE_AVAILABLE,1.00,49.9,67.7,70.6,61.8,62.5,61.5,61.8,62.1
26530-45,"삼성타워",사상구,엄궁동,IDENTITY_HIGH,COORD_HIGH,SCORE_AVAILABLE,1.00,14.2,49.4,65.9,38.4,42.0,39.4,40.0,41.1
26530-92,"학장동2차삼성",사상구,학장동,IDENTITY_HIGH,COORD_HIGH,SCORE_AVAILABLE,1.00,23.7,46.4,36.2,58.6,41.3,40.6,43.0,40.3
26530-803,"모라리버빌",사상구,모라동,IDENTITY_HIGH,COORD_HIGH,SCORE_AVAILABLE,1.00,89.6,61.3,61.2,53.6,66.4,67.8,65.7,67.5
26530-73,"주례1차동일",사상구,주례동,IDENTITY_HIGH,COORD_HIGH,SCORE_AVAILABLE,1.00,53.3,41.8,79.5,57.8,58.1,56.8,57.8,57.6
26530-84,"학장극동",사상구,학장동,IDENTITY_HIGH,COORD_HIGH,SCORE_AVAILABLE,1.00,13.0,40.9,38.2,31.2,30.8,29.5,30.0,30.3
26530-87,"학장동양",사상구,학장동,IDENTITY_LOW,COORD_LOW,NOT_ENOUGH_DATA,0.25,,,,18.4,,,,
26530-86,"구학마을",사상구,학장동,IDENTITY_HIGH,COORD_HIGH,SCORE_AVAILABLE,1.00,24.7,11.8,81.6,37.3,38.8,36.0,37.9,37.8
26530-91,"1차삼성",사상구,학장동,IDENTITY_HIGH,COORD_HIGH,SCORE_AVAILABLE,1.00,16.4,43.7,25.0,52.1,34.3,33.9,36.1,33.4
26530-95,"정남파크맨션",사상구,학장동,IDENTITY_HIGH,COORD_HIGH,SCORE_AVAILABLE,1.00,17.4,48.2,26.4,26.4,29.6,29.2,28.5,29.6
26530-966,"파밀리아괘법3차",사상구,괘법동,IDENTITY_HIGH,COORD_HIGH,SCORE_AVAILABLE,1.00,66.2,77.4,59.2,60.2,65.7,66.1,64.9,66.1
26530-46,"신엄궁대동",사상구,엄궁동,IDENTITY_HIGH,COORD_HIGH,SCORE_AVAILABLE,0.75,,33.6,74.4,52.6,53.5,52.0,53.3,53.0
26530-30,"삼정그린코아",사상구,모라동,IDENTITY_HIGH,COORD_HIGH,SCORE_AVAILABLE,1.00,67.2,64.6,52.2,47.7,57.9,58.7,56.8,58.6
26530-64,"벽산신화",사상구,주례동,IDENTITY_HIGH,COORD_HIGH,SCORE_AVAILABLE,1.00,67.1,44.7,41.0,45.3,49.5,50.8,49.8,50.2
26530-97,"학장대림",사상구,학장동,IDENTITY_HIGH,COORD_HIGH,SCORE_AVAILABLE,1.00,9.6,11.2,66.3,39.1,31.5,28.7,31.6,30.1
26530-976,"사상샬레",사상구,괘법동,IDENTITY_HIGH,COORD_HIGH,SCORE_AVAILABLE,1.00,61.7,58.5,42.6,65.8,57.1,58.1,58.7,57.2
26530-103,"윈저빌타운",사상구,괘법동,IDENTITY_HIGH,COORD_HIGH,SCORE_AVAILABLE,1.00,74.1,70.7,31.8,36.0,53.1,55.3,51.6,54.7
26530-115,"금오리치",사상구,주례동,IDENTITY_HIGH,COORD_HIGH,SCORE_AVAILABLE,1.00,57.9,45.4,42.2,42.0,46.9,47.6,46.7,47.4
26530-23,"벽산하나로타운",사상구,덕포동,IDENTITY_LOW,COORD_LOW,NOT_ENOUGH_DATA,0.25,,,,33.4,,,,
26530-1036,"팍스타운",사상구,주례동,IDENTITY_LOW,COORD_LOW,NOT_ENOUGH_DATA,0.25,,,,80.8,,,,
26530-980,"은하하우스",사상구,괘법동,IDENTITY_HIGH,COORD_HIGH,SCORE_AVAILABLE,1.00,52.9,46.1,51.2,59.6,52.4,52.5,53.5,52.2
26530-1045,"일루스타",사상구,괘법동,IDENTITY_LOW,COORD_LOW,NOT_ENOUGH_DATA,0.25,,,,83.2,,,,
26530-148,"섬진4차",사상구,엄궁동,IDENTITY_HIGH,COORD_HIGH,SCORE_AVAILABLE,1.00,28.2,53.5,76.5,47.6,51.5,49.0,49.7,50.6
26530-43,"엄궁럭키",사상구,엄궁동,IDENTITY_HIGH,COORD_HIGH,SCORE_AVAILABLE,1.00,15.0,42.4,72.6,46.1,44.0,41.1,42.9,42.8
26530-53,"코오롱",사상구,엄궁동,IDENTITY_HIGH,COORD_HIGH,SCORE_AVAILABLE,1.00,24.9,32.2,53.4,62.7,43.3,41.9,45.3,41.9
26530-90,"학장벽산",사상구,학장동,IDENTITY_HIGH,COORD_HIGH,SCORE_AVAILABLE,1.00,24.1,25.9,57.9,54.8,40.7,39.0,41.9,39.4
26530-20,"오양힐타운",사상구,덕포동,IDENTITY_LOW,COORD_LOW,NOT_ENOUGH_DATA,0.25,,,,29.8,,,,
26530-17,"부원파크타운",사상구,덕포동,IDENTITY_HIGH,COORD_HIGH,SCORE_AVAILABLE,1.00,63.4,35.2,67.4,24.1,47.5,47.3,44.8,48.4
26530-27,"무학",사상구,모라동,IDENTITY_HIGH,COORD_HIGH,SCORE_AVAILABLE,1.00,60.2,47.8,73.3,32.5,53.4,52.8,50.6,54.0
26530-1068,"비룡벨로스텔라",사상구,덕포동,IDENTITY_HIGH,COORD_HIGH,SCORE_AVAILABLE,1.00,91.0,54.1,70.7,67.7,70.9,71.9,71.4,71.4
26530-34,"유진맨션",사상구,모라동,IDENTITY_LOW,COORD_LOW,NOT_ENOUGH_DATA,0.25,,,,17.6,,,,
26530-44,"엄궁로얄화교아파트",사상구,엄궁동,IDENTITY_HIGH,COORD_HIGH,SCORE_AVAILABLE,1.00,20.3,44.7,71.6,22.5,39.8,37.2,36.2,39.4
26530-1054,"모라동비버힐아파트",사상구,모라동,IDENTITY_LOW,COORD_LOW,NOT_ENOUGH_DATA,0.25,,,,83.2,,,,
26530-40,"화인",사상구,모라동,IDENTITY_LOW,COORD_LOW,NOT_ENOUGH_DATA,0.25,,,,35.2,,,,
26530-6,"한신",사상구,괘법동,IDENTITY_LOW,COORD_LOW,NOT_ENOUGH_DATA,0.25,,,,33.4,,,,
26530-98,"학장무학",사상구,학장동,IDENTITY_HIGH,COORD_HIGH,SCORE_AVAILABLE,1.00,25.4,44.9,52.3,61.6,46.0,44.7,47.3,44.9
26530-70,"주례제일타워맨션",사상구,주례동,IDENTITY_HIGH,COORD_HIGH,SCORE_AVAILABLE,1.00,59.8,37.3,48.7,46.0,47.9,48.5,48.2,48.2
26530-119,"무학다솜",사상구,엄궁동,IDENTITY_HIGH,COORD_HIGH,SCORE_AVAILABLE,1.00,17.3,49.4,64.9,53.3,46.2,43.8,45.8,45.0
26530-71,"조양",사상구,주례동,IDENTITY_HIGH,COORD_HIGH,SCORE_AVAILABLE,1.00,66.7,68.2,78.6,24.8,59.6,59.0,54.7,60.7
26530-77,"창조센추리",사상구,주례동,IDENTITY_HIGH,COORD_HIGH,SCORE_AVAILABLE,1.00,87.6,63.4,60.2,31.5,60.7,62.0,57.6,62.4
26530-1025,"올유레스틴뷰",사상구,괘법동,IDENTITY_MEDIUM,COORD_HIGH,SCORE_AVAILABLE,1.00,68.6,68.7,30.5,80.8,62.2,64.1,65.3,62.2
26530-8,"위드한빛",사상구,괘법동,IDENTITY_HIGH,COORD_HIGH,SCORE_AVAILABLE,1.00,50.4,37.3,26.0,35.3,37.3,38.5,37.6,37.8
26530-804,"모라동골든파크",사상구,모라동,IDENTITY_HIGH,COORD_HIGH,SCORE_AVAILABLE,1.00,87.0,62.3,61.5,50.4,65.3,66.6,64.1,66.4
26530-941,"파밀리아2",사상구,괘법동,IDENTITY_LOW,COORD_HIGH,SCORE_AVAILABLE,1.00,54.3,74.2,65.6,71.6,66.4,65.8,66.6,66.0
26530-963,"대성캐슬",사상구,괘법동,IDENTITY_HIGH,COORD_HIGH,SCORE_AVAILABLE,1.00,87.1,65.1,38.8,53.7,61.2,63.6,61.4,62.4
26530-80,"현대",사상구,주례동,IDENTITY_HIGH,COORD_LOW,NOT_ENOUGH_DATA,0.25,,,,31.7,,,,
26530-1083,"파크블루11차",사상구,괘법동,IDENTITY_HIGH,COORD_HIGH,SCORE_AVAILABLE,1.00,62.4,75.6,65.8,68.5,68.1,67.9,67.8,68.0
26530-63,"송림주택",사상구,주례동,IDENTITY_HIGH,COORD_HIGH,SCORE_AVAILABLE,1.00,73.7,64.2,61.9,25.6,56.3,56.9,52.6,57.8
26530-50,"엄궁한신1차",사상구,엄궁동,IDENTITY_HIGH,COORD_HIGH,SCORE_AVAILABLE,1.00,25.1,40.9,45.9,49.1,40.2,39.2,40.8,39.5
26530-1148,"보해썬시티리버파크",사상구,괘법동,IDENTITY_HIGH,COORD_HIGH,SCORE_AVAILABLE,1.00,62.7,75.0,66.2,77.2,70.3,70.1,70.9,69.9
26530-109,"주은타워빌",사상구,괘법동,IDENTITY_HIGH,COORD_HIGH,SCORE_AVAILABLE,1.00,78.8,76.6,47.9,45.9,62.3,63.9,60.7,63.6
26530-1095,"모라B",사상구,모라동,IDENTITY_HIGH,COORD_LOW,NOT_ENOUGH_DATA,0.25,,,,20.7,,,,
26530-25,"모라A",사상구,모라동,IDENTITY_HIGH,COORD_HIGH,SCORE_AVAILABLE,1.00,63.0,54.7,27.4,22.3,41.8,43.6,40.0,43.3
26530-38,"한일",사상구,모라동,IDENTITY_HIGH,COORD_HIGH,SCORE_AVAILABLE,1.00,62.2,51.4,24.0,29.4,41.8,43.7,40.9,43.0
26530-57,"동일",사상구,주례동,IDENTITY_HIGH,COORD_HIGH,SCORE_AVAILABLE,1.00,70.5,55.6,79.9,43.6,62.4,61.9,60.0,63.0
26530-942,"강일프라임빌",사상구,괘법동,IDENTITY_HIGH,COORD_HIGH,SCORE_AVAILABLE,1.00,86.9,64.7,32.9,52.7,59.3,62.0,59.7,60.6
26530-981,"사상역이즈팰리스",사상구,괘법동,IDENTITY_HIGH,COORD_HIGH,SCORE_AVAILABLE,1.00,71.3,70.1,31.2,58.0,57.6,59.6,58.4,58.4
26530-149,"대현빌라",사상구,괘법동,IDENTITY_UNRESOLVED,COORD_LOW,NOT_ENOUGH_DATA,0.25,,,,47.8,,,,
26530-132,"부창스카이빌",사상구,모라동,IDENTITY_UNRESOLVED,COORD_LOW,NOT_ENOUGH_DATA,0.25,,,,51.4,,,,
26530-82,"홍익",사상구,주례동,IDENTITY_UNRESOLVED,COORD_LOW,NOT_ENOUGH_DATA,0.25,,,,23.2,,,,
26530-13,"금잔디",사상구,덕포동,IDENTITY_UNRESOLVED,COORD_LOW,NOT_ENOUGH_DATA,0.25,,,,19.2,,,,
26530-114,"선도아트빌",사상구,주례동,IDENTITY_UNRESOLVED,COORD_LOW,NOT_ENOUGH_DATA,0.25,,,,49.6,,,,
26710-640,"일광대성베르힐",기장군,일광읍 삼성리,IDENTITY_HIGH,COORD_HIGH,SCORE_AVAILABLE,1.00,23.9,33.3,38.0,80.7,44.0,43.3,48.5,42.3
26710-630,"일광자이푸르지오1단지",기장군,일광읍 삼성리,IDENTITY_HIGH,COORD_HIGH,SCORE_AVAILABLE,1.00,34.7,51.0,78.4,79.7,61.0,58.8,62.5,59.3
26710-608,"정관가화만사성더테라스2차",기장군,정관읍 방곡리,IDENTITY_HIGH,COORD_HIGH,SCORE_AVAILABLE,1.00,27.2,38.5,65.1,75.7,51.6,49.7,54.0,49.9
26710-484,"정관동일스위트1차",기장군,정관읍 용수리,IDENTITY_HIGH,COORD_HIGH,SCORE_AVAILABLE,0.75,,49.5,71.9,76.4,66.0,65.5,68.1,65.2
26710-598,"정관가화만사성더테라스1차",기장군,정관읍 방곡리,IDENTITY_HIGH,COORD_HIGH,SCORE_AVAILABLE,1.00,26.7,39.3,67.6,75.3,52.2,50.2,54.4,50.5
26530-1080,"스카이뷰",사상구,감전동,IDENTITY_LOW,COORD_HIGH,SCORE_AVAILABLE,1.00,69.9,17.5,34.8,85.6,52.0,53.7,57.9,51.3
26530-14,"대하덕포(1호동)",사상구,덕포동,IDENTITY_LOW,COORD_HIGH,SCORE_AVAILABLE,1.00,57.8,58.6,57.4,16.8,47.6,47.6,43.5,48.9
26530-123,"삼화그린빌",사상구,괘법동,IDENTITY_LOW,COORD_HIGH,SCORE_AVAILABLE,1.00,60.6,76.0,66.8,51.4,63.7,63.4,61.7,64.1
26530-1669,"엘메르",사상구,감전동,IDENTITY_UNRESOLVED,COORD_HIGH,SCORE_AVAILABLE,1.00,74.6,41.7,76.6,94.0,71.7,71.6,75.2,70.8
26530-147,"삼광(585-77)",사상구,학장동,IDENTITY_UNRESOLVED,COORD_HIGH,SCORE_AVAILABLE,1.00,23.8,44.3,31.5,53.2,38.2,37.8,39.7,37.5
26530-19,"아카페타운",사상구,덕포동,IDENTITY_UNRESOLVED,COORD_HIGH,SCORE_AVAILABLE,1.00,85.4,53.4,75.0,35.2,62.3,62.8,59.4,63.6
26530-131,"삼광(585-78)",사상구,학장동,IDENTITY_UNRESOLVED,COORD_HIGH,SCORE_AVAILABLE,1.00,24.9,43.3,32.2,53.2,38.4,38.0,40.0,37.7
26530-1040,"괘법동포르투나",사상구,괘법동,IDENTITY_LOW,COORD_HIGH,SCORE_AVAILABLE,1.00,68.6,74.4,57.4,83.2,70.9,71.5,72.6,70.6
26530-1081,"사상역포르투나더테라스",사상구,괘법동,IDENTITY_LOW,COORD_HIGH,SCORE_AVAILABLE,1.00,78.6,76.7,48.1,88.0,72.9,74.4,75.4,72.9
26710-418,"이진캐스빌블루1차",기장군,기장읍 교리,IDENTITY_HIGH,COORD_HIGH,SCORE_AVAILABLE,1.00,25.7,35.2,70.9,72.5,51.1,48.8,53.0,49.3
26710-2,"부전타워",기장군,기장읍 교리,IDENTITY_HIGH,COORD_HIGH,SCORE_AVAILABLE,1.00,37.3,48.8,65.1,35.4,46.6,45.2,44.5,46.5
26710-546,"동부산쏠마레",기장군,일광읍 이천리,IDENTITY_HIGH,COORD_HIGH,SCORE_AVAILABLE,1.00,50.8,19.0,9.1,58.0,34.2,36.3,38.6,34.1
26710-398,"정관신도시계룡리슈빌",기장군,정관읍 용수리,IDENTITY_HIGH,COORD_HIGH,SCORE_AVAILABLE,1.00,22.7,58.0,73.3,68.8,55.7,53.2,56.0,54.2
26710-510,"정관동일스위트2차",기장군,정관읍 모전리,IDENTITY_HIGH,COORD_HIGH,SCORE_AVAILABLE,1.00,20.6,34.5,71.3,77.4,50.9,48.4,53.4,48.9
26710-29,"한신",기장군,기장읍 동부리,IDENTITY_HIGH,COORD_HIGH,SCORE_AVAILABLE,1.00,52.8,63.4,59.3,60.9,59.1,58.8,59.1,58.9
26710-637,"일광한신더휴센트럴포레1단지",기장군,일광읍 삼성리,IDENTITY_HIGH,COORD_HIGH,SCORE_AVAILABLE,1.00,25.8,37.9,63.6,80.6,52.0,50.1,55.0,50.1
26710-639,"청강리더스빌",기장군,기장읍 청강리,IDENTITY_HIGH,COORD_HIGH,SCORE_AVAILABLE,1.00,68.1,53.2,24.5,56.6,50.6,52.8,52.4,51.2
26710-555,"이지더원3차",기장군,정관읍 모전리,IDENTITY_HIGH,COORD_HIGH,SCORE_AVAILABLE,1.00,23.0,35.6,54.4,79.9,48.2,46.6,51.7,46.3
26710-503,"정관1차동원로얄듀크",기장군,정관읍 달산리,IDENTITY_HIGH,COORD_HIGH,SCORE_AVAILABLE,1.00,20.8,33.5,68.7,74.7,49.4,47.0,51.8,47.5
26710-635,"일광신도시비스타동원1차",기장군,일광읍 삼성리,IDENTITY_HIGH,COORD_HIGH,SCORE_AVAILABLE,1.00,48.1,55.8,57.4,85.9,61.8,61.3,64.7,60.6
26710-631,"일광자이푸르지오2단지",기장군,일광읍 삼성리,IDENTITY_HIGH,COORD_HIGH,SCORE_AVAILABLE,1.00,39.7,49.9,70.3,84.5,61.1,59.6,63.5,59.5
26710-513,"정관2차동원로얄듀크",기장군,정관읍 매학리,IDENTITY_HIGH,COORD_HIGH,SCORE_AVAILABLE,1.00,15.5,67.3,37.6,75.6,49.0,47.9,51.3,47.5
26710-629,"e편한세상일광",기장군,일광읍 삼성리,IDENTITY_HIGH,COORD_HIGH,SCORE_AVAILABLE,1.00,35.3,49.5,74.6,83.8,60.8,58.8,63.0,59.1
26710-651,"웨이브리즈",기장군,기장읍 청강리,IDENTITY_HIGH,COORD_HIGH,SCORE_AVAILABLE,1.00,15.4,21.3,19.5,84.6,35.2,35.0,41.6,33.1
26710-605,"경보그랜드비치",기장군,기장읍 대변리,IDENTITY_HIGH,COORD_HIGH,SCORE_AVAILABLE,1.00,18.8,6.1,85.6,63.3,43.5,40.1,45.2,41.3
26710-636,"일광한신더휴센트럴포레2단지",기장군,일광읍 삼성리,IDENTITY_HIGH,COORD_HIGH,SCORE_AVAILABLE,1.00,23.4,39.1,74.0,82.8,54.8,52.3,57.4,52.7
26710-35,"현대",기장군,기장읍 청강리,IDENTITY_HIGH,COORD_HIGH,SCORE_AVAILABLE,1.00,90.1,59.1,33.6,52.1,58.7,61.5,59.3,60.1
26710-399,"정관신도시롯데캐슬",기장군,정관읍 용수리,IDENTITY_HIGH,COORD_HIGH,SCORE_AVAILABLE,1.00,25.0,55.9,73.7,73.5,57.0,54.6,57.9,55.4
26710-443,"이지더원",기장군,정관읍 모전리,IDENTITY_HIGH,COORD_HIGH,SCORE_AVAILABLE,1.00,26.3,30.0,77.6,74.2,52.0,49.5,54.1,50.1
26710-504,"정관롯데캐슬2차",기장군,정관읍 모전리,IDENTITY_HIGH,COORD_HIGH,SCORE_AVAILABLE,1.00,24.2,39.5,72.0,79.4,53.8,51.4,56.2,51.8
26710-574,"정관양우내안愛",기장군,정관읍 용수리,IDENTITY_HIGH,COORD_HIGH,SCORE_AVAILABLE,1.00,20.0,39.4,60.0,76.2,48.9,46.9,51.5,47.0
26710-633,"이지더원1차오션포레",기장군,일광읍 삼성리,IDENTITY_HIGH,COORD_HIGH,SCORE_AVAILABLE,1.00,12.8,45.0,79.6,80.6,54.5,51.2,56.3,52.1
26710-1,"문화그린맨션",기장군,기장읍 교리,IDENTITY_HIGH,COORD_HIGH,SCORE_AVAILABLE,1.00,21.9,30.4,76.3,43.7,43.1,40.4,42.1,42.0
26710-520,"정관협성르네상스타운",기장군,정관읍 용수리,IDENTITY_HIGH,COORD_HIGH,SCORE_AVAILABLE,1.00,30.0,52.7,51.5,75.0,52.3,51.2,54.6,51.0
26710-25,"동산그린타워",기장군,기장읍 동부리,IDENTITY_HIGH,COORD_HIGH,SCORE_AVAILABLE,1.00,63.9,58.4,35.9,37.1,48.8,50.2,47.8,49.9
26710-12,"센트럴파크빌라1차",기장군,기장읍 대라리,IDENTITY_LOW,COORD_LOW,NOT_ENOUGH_DATA,0.25,,,,46.0,,,,
26710-549,"가화만사성정관타운",기장군,정관읍 방곡리,IDENTITY_HIGH,COORD_HIGH,SCORE_AVAILABLE,1.00,15.8,19.8,30.1,71.2,34.2,33.5,38.9,32.5
26710-642,"일광신도시비스타동원2차",기장군,일광읍 이천리,IDENTITY_HIGH,COORD_HIGH,SCORE_AVAILABLE,1.00,66.4,50.3,21.3,87.5,56.4,58.6,61.5,56.0
26710-400,"정관신도시한진해모로",기장군,정관읍 용수리,IDENTITY_HIGH,COORD_HIGH,SCORE_AVAILABLE,1.00,23.0,62.9,74.5,74.2,58.7,56.1,59.2,57.0
26710-421,"서희스타힐스",기장군,정관읍 방곡리,IDENTITY_HIGH,COORD_HIGH,SCORE_AVAILABLE,1.00,26.3,27.6,57.4,68.1,44.8,43.3,47.4,43.3
26710-6,"태영",기장군,기장읍 교리,IDENTITY_HIGH,COORD_HIGH,SCORE_AVAILABLE,1.00,25.8,38.7,83.3,54.2,50.5,47.6,49.8,49.2
26710-409,"정관센트럴파크",기장군,정관읍 달산리,IDENTITY_HIGH,COORD_HIGH,SCORE_AVAILABLE,1.00,26.4,58.8,79.4,68.8,58.3,55.7,58.3,56.9
26710-47,"테마파크빌1차",기장군,기장읍 대라리,IDENTITY_LOW,COORD_LOW,NOT_ENOUGH_DATA,0.25,,,,49.6,,,,
26710-79,"이진캐스빌골드",기장군,기장읍 대라리,IDENTITY_HIGH,COORD_HIGH,SCORE_AVAILABLE,1.00,33.1,47.8,62.3,57.4,50.2,48.7,50.4,49.3
26710-9,"금강궁전",기장군,기장읍 대라리,IDENTITY_HIGH,COORD_HIGH,SCORE_AVAILABLE,1.00,39.4,48.8,47.9,38.3,43.6,43.2,42.6,43.6
26710-566,"부산정관지구이지더원5차아파트",기장군,정관읍 방곡리,IDENTITY_HIGH,COORD_HIGH,SCORE_AVAILABLE,1.00,19.9,20.5,34.3,71.6,36.6,35.8,41.0,34.9
26710-32,"서부주공",기장군,기장읍 서부리,IDENTITY_HIGH,COORD_HIGH,SCORE_AVAILABLE,1.00,39.8,47.8,70.9,59.6,54.5,53.0,54.6,53.7
26710-437,"가화일광타워",기장군,일광읍 이천리,IDENTITY_HIGH,COORD_HIGH,SCORE_AVAILABLE,1.00,57.6,36.3,10.3,64.6,42.2,44.5,46.3,42.2
26710-595,"정관이진캐스빌2차",기장군,정관읍 용수리,IDENTITY_HIGH,COORD_HIGH,SCORE_AVAILABLE,1.00,16.3,40.8,62.1,69.9,47.3,45.0,49.1,45.5
26710-61,"가화만사성",기장군,기장읍 교리,IDENTITY_LOW,COORD_LOW,NOT_ENOUGH_DATA,0.25,,,,51.4,,,,
26710-478,"주명아파트B동",기장군,기장읍 대라리,IDENTITY_HIGH,COORD_LOW,NOT_ENOUGH_DATA,0.25,,,,44.8,,,,
26710-593,"동부산관광단지삼정그린코아더베스트",기장군,기장읍 내리,IDENTITY_HIGH,COORD_HIGH,SCORE_AVAILABLE,1.00,34.8,12.2,59.4,76.0,45.6,44.4,49.6,43.9
26710-402,"정관현진에버빌",기장군,정관읍 모전리,IDENTITY_HIGH,COORD_HIGH,SCORE_AVAILABLE,1.00,25.8,47.0,80.9,74.3,57.0,54.3,58.1,55.2
26710-571,"현대프라힐스 동부산",기장군,철마면 고촌리,IDENTITY_HIGH,COORD_HIGH,SCORE_AVAILABLE,1.00,58.9,7.0,56.6,73.8,49.1,49.2,53.3,48.1
26710-97,"대우아파트",기장군,정관읍 달산리,IDENTITY_LOW,COORD_LOW,NOT_ENOUGH_DATA,0.25,,,,33.4,,,,
26710-427,"이진캐스빌블루2차",기장군,기장읍 교리,IDENTITY_HIGH,COORD_HIGH,SCORE_AVAILABLE,1.00,28.0,37.1,72.4,61.3,49.7,47.5,50.4,48.4
26710-36,"선우",기장군,일광읍 삼성리,IDENTITY_LOW,COORD_LOW,NOT_ENOUGH_DATA,0.25,,,,28.0,,,,
26710-408,"동부산동원로얄듀크",기장군,기장읍 내리,IDENTITY_HIGH,COORD_HIGH,SCORE_AVAILABLE,1.00,34.2,10.4,79.1,62.6,46.6,44.3,48.3,45.0
26710-34,"청강주공",기장군,기장읍 청강리,IDENTITY_HIGH,COORD_HIGH,SCORE_AVAILABLE,1.00,17.2,23.7,23.8,51.0,28.9,28.6,31.6,27.9
26710-483,"이지더원2차",기장군,정관읍 모전리,IDENTITY_HIGH,COORD_HIGH,SCORE_AVAILABLE,1.00,20.0,34.1,59.3,73.0,46.6,44.6,49.2,44.7
26710-14,"황중베르빌",기장군,기장읍 대라리,IDENTITY_HIGH,COORD_HIGH,SCORE_AVAILABLE,1.00,35.7,46.7,55.1,35.2,43.2,42.2,41.6,43.1
26710-544,"이진캐스빌",기장군,정관읍 용수리,IDENTITY_HIGH,COORD_HIGH,SCORE_AVAILABLE,1.00,29.8,69.2,62.5,72.3,58.5,56.8,59.1,57.3
26710-646,"기장유림노르웨이숲",기장군,기장읍 교리,IDENTITY_HIGH,COORD_HIGH,SCORE_AVAILABLE,1.00,36.7,49.4,55.4,68.5,52.5,51.6,54.1,51.5
26710-44,"우신네오빌",기장군,기장읍 청강리,IDENTITY_HIGH,COORD_HIGH,SCORE_AVAILABLE,1.00,29.4,28.9,28.1,61.3,36.9,37.0,40.2,36.0
26710-554,"월가아델리스",기장군,기장읍 대라리,IDENTITY_LOW,COORD_LOW,NOT_ENOUGH_DATA,0.25,,,,73.8,,,,
26710-46,"이진캐스빌",기장군,기장읍 대라리,IDENTITY_HIGH,COORD_HIGH,SCORE_AVAILABLE,1.00,14.2,41.2,71.4,57.7,46.2,43.3,46.3,44.5
26710-30,"애경아트빌",기장군,기장읍 동부리,IDENTITY_HIGH,COORD_HIGH,SCORE_AVAILABLE,1.00,58.5,57.2,72.7,35.5,56.0,55.3,53.0,56.5
26710-609,"두산위브더테라스",기장군,정관읍 달산리,IDENTITY_HIGH,COORD_HIGH,SCORE_AVAILABLE,1.00,24.1,18.4,15.9,70.8,32.3,32.7,37.7,30.9
26710-390,"수신",기장군,기장읍 대라리,IDENTITY_HIGH,COORD_HIGH,SCORE_AVAILABLE,1.00,25.9,38.4,57.7,46.6,42.1,40.5,42.0,41.3
26710-528,"고촌센트럴아파트",기장군,철마면 고촌리,IDENTITY_HIGH,COORD_HIGH,SCORE_AVAILABLE,1.00,79.0,7.0,66.3,71.6,56.0,56.6,59.5,55.6
26710-50,"동보시티빌",기장군,기장읍 동부리,IDENTITY_HIGH,COORD_HIGH,SCORE_AVAILABLE,1.00,70.7,60.1,61.1,36.4,57.1,57.6,54.7,58.1
26710-401,"정관신동아파밀리에",기장군,정관읍 용수리,IDENTITY_HIGH,COORD_HIGH,SCORE_AVAILABLE,1.00,23.7,68.3,66.7,73.2,58.0,55.8,58.6,56.5
26710-603,"동부산렉슬",기장군,기장읍 대라리,IDENTITY_HIGH,COORD_HIGH,SCORE_AVAILABLE,1.00,58.8,65.6,33.6,55.0,53.3,54.5,53.8,53.7
26710-45,"이진스카이빌",기장군,기장읍 동부리,IDENTITY_HIGH,COORD_HIGH,SCORE_AVAILABLE,1.00,31.2,50.7,79.1,53.3,53.6,51.2,52.4,52.6
26710-119,"서린에코빌아파트",기장군,기장읍 동부리,IDENTITY_HIGH,COORD_HIGH,SCORE_AVAILABLE,1.00,67.1,59.6,60.7,30.1,54.4,54.7,51.4,55.5
26710-63,"노이하우스2차",기장군,기장읍 서부리,IDENTITY_HIGH,COORD_HIGH,SCORE_AVAILABLE,1.00,23.2,35.9,68.2,37.4,41.2,38.9,39.7,40.4
26710-64,"노이하우스3차",기장군,기장읍 서부리,IDENTITY_HIGH,COORD_HIGH,SCORE_AVAILABLE,1.00,25.2,43.0,74.0,37.2,44.9,42.4,42.7,44.2
26710-7,"가화랜드빌",기장군,기장읍 교리,IDENTITY_HIGH,COORD_HIGH,SCORE_AVAILABLE,1.00,41.3,50.3,62.1,39.4,48.3,47.2,46.6,48.2
26710-76,"가화랜드빌기장1차",기장군,기장읍 대라리,IDENTITY_LOW,COORD_LOW,NOT_ENOUGH_DATA,0.25,,,,46.0,,,,
26710-383,"가화랜드빌5차",기장군,기장읍 대라리,IDENTITY_LOW,COORD_LOW,NOT_ENOUGH_DATA,0.25,,,,57.0,,,,
26710-77,"부강빌라가동",기장군,기장읍 대라리,IDENTITY_LOW,COORD_HIGH,SCORE_AVAILABLE,0.75,,36.7,73.5,47.8,52.7,51.2,51.7,52.4
26710-423,"정도한스빌",기장군,일광읍 이천리,IDENTITY_LOW,COORD_HIGH,SCORE_AVAILABLE,1.00,84.7,43.6,12.2,71.6,53.0,56.7,57.4,53.7
26710-611,"페리II",기장군,기장읍 대라리,IDENTITY_LOW,COORD_HIGH,SCORE_AVAILABLE,1.00,60.0,68.1,37.0,80.8,61.5,62.6,64.3,61.2
26710-37,"세흥비치",기장군,일광읍 삼성리,IDENTITY_HIGH,COORD_HIGH,SCORE_AVAILABLE,1.00,45.7,32.8,12.1,30.1,30.2,31.8,30.9,30.8
26710-497,"동부스위트",기장군,기장읍 동부리,IDENTITY_HIGH,COORD_HIGH,SCORE_AVAILABLE,1.00,61.8,68.1,71.9,49.8,62.9,62.4,60.9,63.2
26710-498,"금광타워",기장군,기장읍 대라리,IDENTITY_HIGH,COORD_HIGH,SCORE_AVAILABLE,1.00,57.6,67.3,50.1,50.1,56.3,56.6,55.4,56.7
26710-512,"동국에버리치",기장군,기장읍 대라리,IDENTITY_HIGH,COORD_HIGH,SCORE_AVAILABLE,1.00,69.8,65.6,35.2,50.2,55.2,56.9,55.2,56.1
26710-501,"남경캐슬",기장군,기장읍 동부리,IDENTITY_HIGH,COORD_LOW,NOT_ENOUGH_DATA,0.25,,,,53.0,,,,
26710-3,"성신목화",기장군,기장읍 교리,IDENTITY_LOW,COORD_LOW,NOT_ENOUGH_DATA,0.25,,,,29.8,,,,
26710-666,"쌍용더플래티넘오시리아",기장군,기장읍 연화리,IDENTITY_HIGH,COORD_HIGH,SCORE_AVAILABLE,1.00,22.5,9.2,10.4,76.3,29.6,30.2,36.3,28.0
26710-384,"씨엘늘채움",기장군,기장읍 대라리,IDENTITY_HIGH,COORD_HIGH,SCORE_AVAILABLE,1.00,16.6,41.2,40.4,54.3,38.1,37.0,39.5,37.0
26710-538,"베로나",기장군,기장읍 대라리,IDENTITY_HIGH,COORD_HIGH,SCORE_AVAILABLE,1.00,22.2,50.6,61.3,48.9,45.7,43.8,45.0,44.8
26710-381,"대라하이츠",기장군,기장읍 대라리,IDENTITY_LOW,COORD_LOW,NOT_ENOUGH_DATA,0.25,,,,37.0,,,,
26710-547,"비룡벨로스텔라",기장군,기장읍 청강리,IDENTITY_HIGH,COORD_HIGH,SCORE_AVAILABLE,1.00,37.1,43.0,21.4,53.3,38.7,39.5,40.8,38.4
26710-558,"노블비치",기장군,일광읍 삼성리,IDENTITY_HIGH,COORD_HIGH,SCORE_AVAILABLE,1.00,34.3,26.2,10.0,36.6,26.8,28.0,28.6,26.9
26710-575,"삼화펠리스힐아파트",기장군,기장읍 동부리,IDENTITY_HIGH,COORD_HIGH,SCORE_AVAILABLE,1.00,33.1,40.4,66.4,52.3,48.0,46.4,47.9,47.2
26710-82,"동양주택",기장군,기장읍 대라리,IDENTITY_LOW,COORD_LOW,NOT_ENOUGH_DATA,0.25,,,,29.8,,,,
26710-41,"재흥",기장군,정관읍 달산리,IDENTITY_HIGH,COORD_HIGH,SCORE_AVAILABLE,1.00,26.9,16.4,14.9,39.4,24.4,25.0,26.8,24.0
26710-78,"테마하이츠빌",기장군,기장읍 대라리,IDENTITY_HIGH,COORD_HIGH,SCORE_AVAILABLE,1.00,19.0,24.8,80.8,36.4,40.2,37.2,38.6,39.2
26710-58,"부산기장포스코더샵",기장군,기장읍 동부리,IDENTITY_HIGH,COORD_HIGH,SCORE_AVAILABLE,1.00,69.8,62.3,38.2,51.3,55.4,57.0,55.5,56.2
26710-444,"남평파크뷰",기장군,일광읍 삼성리,IDENTITY_UNRESOLVED,COORD_LOW,NOT_ENOUGH_DATA,0.25,,,,65.0,,,,
26710-621,"에스디빌라트",기장군,기장읍 대라리,IDENTITY_LOW,COORD_LOW,NOT_ENOUGH_DATA,0.25,,,,83.2,,,,
26710-604,"기장에코하임6차",기장군,기장읍 대라리,IDENTITY_UNRESOLVED,COORD_LOW,NOT_ENOUGH_DATA,0.25,,,,80.8,,,,
26710-40,"성림",기장군,정관읍 달산리,IDENTITY_HIGH,COORD_HIGH,SCORE_AVAILABLE,1.00,26.1,24.8,22.2,27.3,25.1,25.3,25.5,25.1
26710-94,"세진오션파크빌",기장군,일광읍 삼성리,IDENTITY_UNRESOLVED,COORD_LOW,NOT_ENOUGH_DATA,0.25,,,,51.4,,,,
26710-21,"스카이아트빌",기장군,기장읍 대라리,IDENTITY_UNRESOLVED,COORD_LOW,NOT_ENOUGH_DATA,0.25,,,,46.0,,,,
26710-38,"부전비치",기장군,일광읍 이천리,IDENTITY_UNRESOLVED,COORD_LOW,NOT_ENOUGH_DATA,0.25,,,,29.8,,,,
26710-531,"담덕기장센텀",기장군,기장읍 대라리,IDENTITY_UNRESOLVED,COORD_LOW,NOT_ENOUGH_DATA,0.25,,,,71.6,,,,
26710-54,"월드파크A동",기장군,기장읍 동부리,IDENTITY_LOW,COORD_HIGH,SCORE_AVAILABLE,1.00,39.7,52.0,82.6,51.4,56.4,54.3,54.8,55.8
26710-69,"가화만사성4차",기장군,기장읍 대라리,IDENTITY_LOW,COORD_HIGH,SCORE_AVAILABLE,1.00,50.0,60.7,28.0,51.4,47.5,48.6,48.2,47.8
26710-52,"금강센스빌제101동",기장군,기장읍 동부리,IDENTITY_UNRESOLVED,COORD_HIGH,SCORE_AVAILABLE,1.00,34.4,53.3,82.4,49.6,54.9,52.5,53.1,54.2
26350-174,"경동",해운대구,반송동,IDENTITY_LOW,COORD_HIGH,SCORE_AVAILABLE,0.75,,23.3,45.2,35.2,34.6,33.8,34.7,34.2
26710-88,"덕주빌라",기장군,기장읍 청강리,IDENTITY_UNRESOLVED,COORD_LOW,NOT_ENOUGH_DATA,0.25,,,,29.8,,,,
26710-75,"테마파크빌3차",기장군,기장읍 대라리,IDENTITY_UNRESOLVED,COORD_LOW,NOT_ENOUGH_DATA,0.25,,,,51.4,,,,
26710-57,"센텀스위트홈",기장군,기장읍 동부리,IDENTITY_UNRESOLVED,COORD_LOW,NOT_ENOUGH_DATA,0.25,,,,49.6,,,,
26710-582,"대동레미안센트럴시티",기장군,기장읍 청강리,IDENTITY_UNRESOLVED,COORD_LOW,NOT_ENOUGH_DATA,0.25,,,,76.0,,,,
26710-96,"두리아2차",기장군,정관읍 방곡리,IDENTITY_UNRESOLVED,COORD_LOW,NOT_ENOUGH_DATA,0.25,,,,47.8,,,,
26710-559,"해찬솔",기장군,일광읍 삼성리,IDENTITY_UNRESOLVED,COORD_LOW,NOT_ENOUGH_DATA,0.25,,,,73.8,,,,
26710-585,"모드니하이츠",기장군,기장읍 대라리,IDENTITY_UNRESOLVED,COORD_LOW,NOT_ENOUGH_DATA,0.25,,,,76.0,,,,
26710-87,"삼보무궁화",기장군,기장읍 청강리,IDENTITY_UNRESOLVED,COORD_LOW,NOT_ENOUGH_DATA,0.25,,,,31.6,,,,
26710-552,"태윤리더스",기장군,기장읍 대라리,IDENTITY_UNRESOLVED,COORD_LOW,NOT_ENOUGH_DATA,0.25,,,,73.8,,,,
26710-83,"기장마르빌",기장군,기장읍 대라리,IDENTITY_UNRESOLVED,COORD_LOW,NOT_ENOUGH_DATA,0.25,,,,49.6,,,,
26710-43,"전원그린맨션A",기장군,기장읍 교리,IDENTITY_UNRESOLVED,COORD_LOW,NOT_ENOUGH_DATA,0.25,,,,29.8,,,,
26710-10,"대라주공",기장군,기장읍 대라리,IDENTITY_UNRESOLVED,COORD_LOW,NOT_ENOUGH_DATA,0.25,,,,19.2,,,,
26710-493,"남평파크뷰",기장군,기장읍 대라리,IDENTITY_UNRESOLVED,COORD_LOW,NOT_ENOUGH_DATA,0.25,,,,69.4,,,,
26710-24,"동보빌라",기장군,기장읍 동부리,IDENTITY_UNRESOLVED,COORD_LOW,NOT_ENOUGH_DATA,0.25,,,,28.0,,,,
26710-628,"더테라스",기장군,기장읍 대라리,IDENTITY_UNRESOLVED,COORD_LOW,NOT_ENOUGH_DATA,0.25,,,,83.2,,,,
26710-56,"선아베스트빌",기장군,기장읍 동부리,IDENTITY_UNRESOLVED,COORD_LOW,NOT_ENOUGH_DATA,0.25,,,,47.8,,,,
26140-1233,"에코팰리스3",서구,충무동3가,IDENTITY_HIGH,COORD_HIGH,SCORE_AVAILABLE,1.00,56.8,68.8,43.7,59.0,57.1,57.7,57.4,57.3
26440-44,"협성·DS엘리시안",강서구,지사동,IDENTITY_HIGH,COORD_HIGH,SCORE_AVAILABLE,1.00,30.4,24.7,82.2,77.4,53.7,51.1,56.1,51.7
26440-104,"명지더웨스턴",강서구,명지동,IDENTITY_MEDIUM,COORD_HIGH,SCORE_AVAILABLE,1.00,26.0,52.6,64.8,80.8,56.1,54.1,58.3,54.3
26440-118,"명지국제신도시삼정그린코아더베스트",강서구,명지동,IDENTITY_HIGH,COORD_HIGH,SCORE_AVAILABLE,1.00,30.3,48.4,56.2,81.4,54.1,52.8,57.0,52.5
26140-1053,"오션스카이",서구,서대신동1가,IDENTITY_UNRESOLVED,COORD_LOW,NOT_ENOUGH_DATA,0.25,,,,69.4,,,,
26140-1236,"헤리츠아파트3차",서구,충무동1가,IDENTITY_HIGH,COORD_HIGH,SCORE_AVAILABLE,1.00,75.7,74.7,53.6,60.5,66.1,67.2,65.8,66.8
26140-1246,"마린포시즌2차",서구,남부민동,IDENTITY_HIGH,COORD_HIGH,SCORE_AVAILABLE,1.00,47.9,53.1,74.3,58.8,58.5,57.2,58.0,58.0
26140-212,"봄여름가을겨울",서구,토성동1가,IDENTITY_HIGH,COORD_HIGH,SCORE_AVAILABLE,1.00,82.4,77.9,65.6,56.7,70.7,71.5,69.2,71.5
26140-1228,"서대신부백자연애",서구,서대신동3가,IDENTITY_HIGH,COORD_HIGH,SCORE_AVAILABLE,1.00,60.7,67.4,74.3,59.4,65.4,64.8,64.3,65.4
26140-1289,"동대신역비스타동원아파트",서구,동대신동1가,IDENTITY_HIGH,COORD_HIGH,SCORE_AVAILABLE,1.00,55.5,49.9,51.5,80.0,59.2,59.4,62.2,58.5
26140-86,"충무쇼핑맨션",서구,남부민동,IDENTITY_LOW,COORD_LOW,NOT_ENOUGH_DATA,0.25,,,,17.6,,,,
26140-193,"부민e편한세상",서구,부민동3가,IDENTITY_HIGH,COORD_HIGH,SCORE_AVAILABLE,1.00,55.8,68.2,54.8,63.7,60.6,60.7,60.8,60.5
26710-98,"동우그린빌라가동",기장군,기장읍 대라리,IDENTITY_UNRESOLVED,COORD_HIGH,SCORE_AVAILABLE,0.75,,35.2,77.0,44.2,52.1,50.3,50.5,51.9
26710-85,"지우센텀",기장군,기장읍 대라리,IDENTITY_UNRESOLVED,COORD_HIGH,SCORE_AVAILABLE,1.00,33.9,45.6,47.3,49.6,44.1,43.4,44.4,43.6
26710-73,"금강궁전-1",기장군,기장읍 대라리,IDENTITY_UNRESOLVED,COORD_HIGH,SCORE_AVAILABLE,1.00,40.5,48.8,54.9,28.0,43.1,42.3,40.7,43.4
26710-541,"리츠빌리지",기장군,기장읍 교리,IDENTITY_LOW,COORD_HIGH,SCORE_AVAILABLE,1.00,5.9,20.7,54.3,71.6,38.1,35.7,41.5,35.8
26710-540,"리츠빌리지",기장군,기장읍 교리,IDENTITY_UNRESOLVED,COORD_HIGH,SCORE_AVAILABLE,0.75,,19.0,54.3,71.6,48.3,47.9,53.0,46.9
26140-5,"삼익",서구,동대신동2가,IDENTITY_HIGH,COORD_LOW,NOT_ENOUGH_DATA,0.25,,,,21.4,,,,
26140-1129,"대신공원한신휴플러스",서구,서대신동3가,IDENTITY_HIGH,COORD_HIGH,SCORE_AVAILABLE,1.00,36.3,58.6,67.8,69.0,57.9,56.3,58.5,56.8
26140-51,"협성르네상스",서구,서대신동3가,IDENTITY_HIGH,COORD_HIGH,SCORE_AVAILABLE,1.00,72.1,58.4,60.7,64.8,64.0,64.6,64.5,64.2
26140-115,"송도혜성비치타운",서구,암남동,IDENTITY_HIGH,COORD_HIGH,SCORE_AVAILABLE,1.00,26.2,17.8,15.3,41.0,25.1,25.6,27.5,24.7
26140-31,"신우빌라",서구,서대신동2가,IDENTITY_HIGH,COORD_HIGH,SCORE_AVAILABLE,1.00,80.8,73.8,66.0,33.1,63.4,64.2,59.7,64.9
26140-97,"삼경빌라맨션",서구,암남동,IDENTITY_HIGH,COORD_HIGH,SCORE_AVAILABLE,1.00,25.6,55.8,67.8,35.0,46.1,43.9,43.4,45.7
26140-920,"송도봄여름가을겨울",서구,암남동,IDENTITY_HIGH,COORD_HIGH,SCORE_AVAILABLE,1.00,24.9,50.6,48.8,48.5,43.2,42.0,43.1,42.5
26140-1283,"충무대로봄여름가을겨울",서구,남부민동,IDENTITY_HIGH,COORD_HIGH,SCORE_AVAILABLE,1.00,43.6,49.9,77.7,72.4,60.9,59.2,61.8,59.8
26140-1196,"송도서린엘마르",서구,암남동,IDENTITY_HIGH,COORD_HIGH,SCORE_AVAILABLE,1.00,25.5,14.6,14.2,65.1,29.8,30.4,34.9,28.6
26140-40,"남성한빛가든",서구,서대신동3가,IDENTITY_HIGH,COORD_HIGH,SCORE_AVAILABLE,1.00,44.0,36.4,65.4,54.1,50.0,48.9,50.3,49.4
26140-928,"송도동일스위트",서구,암남동,IDENTITY_HIGH,COORD_HIGH,SCORE_AVAILABLE,1.00,15.6,35.6,53.5,53.9,39.6,37.7,40.6,38.3
26140-121,"한성빌라",서구,토성동5가,IDENTITY_HIGH,COORD_HIGH,SCORE_AVAILABLE,1.00,47.7,51.3,77.8,34.5,52.8,51.3,49.8,53.0
26140-18,"정림파크",서구,동대신동3가,IDENTITY_HIGH,COORD_HIGH,SCORE_AVAILABLE,1.00,43.1,64.0,47.7,27.9,45.7,45.4,42.9,46.3
26140-176,"서원스위트홈",서구,토성동5가,IDENTITY_LOW,COORD_LOW,NOT_ENOUGH_DATA,0.25,,,,51.4,,,,
26140-99,"송도삼정비치맨션",서구,암남동,IDENTITY_HIGH,COORD_HIGH,SCORE_AVAILABLE,1.00,22.5,50.0,46.8,33.9,38.3,37.1,36.9,38.0
26140-177,"아크로폴리스",서구,토성동5가,IDENTITY_HIGH,COORD_HIGH,SCORE_AVAILABLE,1.00,60.8,75.1,69.0,45.4,62.6,62.2,59.9,63.1
26140-2,"진흥목화",서구,동대신동1가,IDENTITY_HIGH,COORD_HIGH,SCORE_AVAILABLE,1.00,63.6,69.9,79.7,36.7,62.5,61.7,58.6,63.2
26140-1149,"대신타워펠리스",서구,서대신동1가,IDENTITY_HIGH,COORD_HIGH,SCORE_AVAILABLE,1.00,83.5,71.1,66.4,53.3,68.6,69.4,67.1,69.5
26140-82,"LG마린타워",서구,남부민동,IDENTITY_HIGH,COORD_HIGH,SCORE_AVAILABLE,1.00,26.0,29.2,58.0,43.1,39.1,37.5,39.0,38.3
26140-143,"에메랄드21",서구,서대신동1가,IDENTITY_HIGH,COORD_HIGH,SCORE_AVAILABLE,1.00,77.3,72.0,78.2,34.7,65.5,65.5,61.5,66.7
26140-168,"서대센츄럴타운",서구,서대신동3가,IDENTITY_LOW,COORD_LOW,NOT_ENOUGH_DATA,0.25,,,,49.6,,,,
26140-1040,"서영펠로우",서구,토성동5가,IDENTITY_HIGH,COORD_HIGH,SCORE_AVAILABLE,1.00,66.9,77.5,77.3,45.3,66.8,66.2,63.5,67.4
26140-103,"신익별장",서구,암남동,IDENTITY_HIGH,COORD_HIGH,SCORE_AVAILABLE,1.00,26.7,53.7,64.9,31.3,44.1,42.2,41.3,43.9
26140-1190,"한성그린아파트",서구,토성동2가,IDENTITY_HIGH,COORD_HIGH,SCORE_AVAILABLE,1.00,75.4,77.7,80.7,52.9,71.7,71.4,69.0,72.3
26140-104,"송도자유비치",서구,암남동,IDENTITY_HIGH,COORD_HIGH,SCORE_AVAILABLE,1.00,21.0,49.5,75.0,51.9,49.3,46.7,48.3,48.2
26140-73,"대림비치",서구,남부민동,IDENTITY_HIGH,COORD_HIGH,SCORE_AVAILABLE,1.00,24.3,30.0,38.8,56.3,37.4,36.6,39.6,36.3
26140-26,"대진골든빌리지",서구,서대신동2가,IDENTITY_LOW,COORD_HIGH,SCORE_AVAILABLE,1.00,88.3,69.8,48.9,24.8,58.0,59.9,54.5,60.1
26140-1272,"서대신부백더자연애아파트",서구,서대신동1가,IDENTITY_LOW,COORD_HIGH,SCORE_AVAILABLE,1.00,86.7,70.4,59.7,83.2,75.0,76.3,76.8,75.2
26140-66,"남부",서구,아미동2가,IDENTITY_HIGH,COORD_HIGH,SCORE_AVAILABLE,1.00,76.0,58.0,67.4,20.0,55.3,55.8,51.1,56.9
26140-175,"서원비동",서구,토성동5가,IDENTITY_LOW,COORD_HIGH,SCORE_AVAILABLE,1.00,61.7,77.1,76.4,47.8,65.7,65.0,62.8,66.2
26140-1,"동대맨션",서구,동대신동1가,IDENTITY_LOW,COORD_LOW,NOT_ENOUGH_DATA,0.25,,,,14.4,,,,
26140-142,"영촌아트빌",서구,서대신동1가,IDENTITY_HIGH,COORD_HIGH,SCORE_AVAILABLE,1.00,71.2,71.1,81.0,36.0,64.8,64.3,60.8,65.8
26140-87,"현대타운",서구,남부민동,IDENTITY_HIGH,COORD_HIGH,SCORE_AVAILABLE,1.00,53.7,62.3,59.9,48.5,56.1,55.8,54.8,56.3
26140-209,"구덕하이츠",서구,서대신동3가,IDENTITY_HIGH,COORD_HIGH,SCORE_AVAILABLE,1.00,19.9,34.8,71.2,26.9,38.2,35.7,35.6,37.6
26140-74,"대진타워맨션",서구,남부민동,IDENTITY_HIGH,COORD_HIGH,SCORE_AVAILABLE,1.00,28.4,32.8,61.5,32.3,38.7,37.1,37.2,38.3
26140-59,"향원밸리빌",서구,부민동1가,IDENTITY_LOW,COORD_LOW,NOT_ENOUGH_DATA,0.25,,,,47.8,,,,
26140-167,"대신센츄럴타운",서구,서대신동3가,IDENTITY_HIGH,COORD_HIGH,SCORE_AVAILABLE,1.00,64.0,68.0,70.5,40.7,60.8,60.5,58.0,61.5
26140-1193,"다사랑빌",서구,부민동1가,IDENTITY_HIGH,COORD_HIGH,SCORE_AVAILABLE,1.00,62.8,74.3,66.9,53.1,64.3,64.1,62.5,64.6
26140-208,"(76-0)",서구,서대신동2가,IDENTITY_HIGH,COORD_HIGH,SCORE_AVAILABLE,1.00,87.3,72.6,56.8,33.5,62.5,64.1,59.4,64.3
26140-173,"서원에이동",서구,토성동5가,IDENTITY_LOW,COORD_HIGH,SCORE_AVAILABLE,1.00,61.6,77.6,77.3,47.8,66.1,65.3,63.1,66.5
26140-1207,"태양아르떼",서구,충무동2가,IDENTITY_HIGH,COORD_HIGH,SCORE_AVAILABLE,1.00,61.6,71.1,43.2,51.2,56.8,57.7,56.2,57.4
26140-1221,"충무에코팰리스2차",서구,충무동1가,IDENTITY_HIGH,COORD_HIGH,SCORE_AVAILABLE,1.00,75.3,73.3,41.0,58.8,62.1,63.8,62.2,62.9
26140-1337,"충무6차에코팰리스",서구,충무동1가,IDENTITY_HIGH,COORD_HIGH,SCORE_AVAILABLE,1.00,63.7,70.6,38.3,68.2,60.2,61.5,61.6,60.4
26140-191,"골든캐슬",서구,동대신동2가,IDENTITY_HIGH,COORD_HIGH,SCORE_AVAILABLE,1.00,87.0,70.4,66.8,43.7,67.0,68.0,64.5,68.3
26140-90,"고려빌라맨션",서구,암남동,IDENTITY_HIGH,COORD_HIGH,SCORE_AVAILABLE,1.00,26.1,50.4,65.8,28.9,42.8,40.8,39.9,42.6
26140-1157,"서원블루오션C동",서구,토성동5가,IDENTITY_HIGH,COORD_HIGH,SCORE_AVAILABLE,1.00,60.7,75.0,68.4,51.9,64.0,63.6,62.0,64.4
26140-159,"위너스빌",서구,서대신동2가,IDENTITY_HIGH,COORD_HIGH,SCORE_AVAILABLE,1.00,88.0,69.1,54.4,36.0,61.9,63.5,59.3,63.6
26140-952,"허브센티움",서구,부민동1가,IDENTITY_HIGH,COORD_HIGH,SCORE_AVAILABLE,1.00,82.5,73.0,68.0,46.3,67.4,68.2,65.0,68.6
26140-1261,"세영엘도라도A동",서구,서대신동3가,IDENTITY_LOW,COORD_HIGH,SCORE_AVAILABLE,1.00,66.0,72.3,73.8,80.8,73.2,72.8,74.0,72.8
26140-170,"송천",서구,서대신동3가,IDENTITY_HIGH,COORD_HIGH,SCORE_AVAILABLE,1.00,56.2,65.5,80.1,16.9,54.7,53.5,49.1,55.7
26140-1132,"동양하이츠",서구,부용동1가,IDENTITY_LOW,COORD_LOW,NOT_ENOUGH_DATA,0.25,,,,71.6,,,,
26140-32,"자유",서구,서대신동2가,IDENTITY_HIGH,COORD_HIGH,SCORE_AVAILABLE,1.00,73.6,54.6,30.7,25.8,46.2,48.3,44.5,47.8
26140-35,"향원에이스타운(79)",서구,서대신동2가,IDENTITY_LOW,COORD_HIGH,SCORE_AVAILABLE,1.00,83.8,71.7,53.9,44.2,63.4,64.9,61.5,64.8
26140-1209,"한우리타워4차",서구,서대신동3가,IDENTITY_LOW,COORD_HIGH,SCORE_AVAILABLE,1.00,66.5,71.9,69.4,78.4,71.5,71.4,72.3,71.2
26140-1286,"툇마루家",서구,서대신동2가,IDENTITY_LOW,COORD_HIGH,SCORE_AVAILABLE,1.00,80.5,72.8,69.0,85.6,77.0,77.6,78.4,76.9
26140-1107,"부백자연애",서구,토성동3가,IDENTITY_HIGH,COORD_HIGH,SCORE_AVAILABLE,1.00,87.5,73.5,73.6,48.2,70.7,71.4,68.2,71.9
26140-1294,"남명더라우부용",서구,부용동1가,IDENTITY_LOW,COORD_HIGH,SCORE_AVAILABLE,1.00,57.2,69.1,76.5,88.0,72.7,71.7,74.2,71.7
26140-55,"대근아트",서구,부용동1가,IDENTITY_HIGH,COORD_HIGH,SCORE_AVAILABLE,1.00,59.7,70.7,78.5,32.4,60.3,59.4,56.1,61.1
26140-41,"대림e편한세상",서구,서대신동3가,IDENTITY_HIGH,COORD_HIGH,SCORE_AVAILABLE,1.00,21.7,31.2,70.3,48.2,42.8,40.4,42.6,41.7
26140-1081,"서대신엔스타(278-2)",서구,서대신동2가,IDENTITY_LOW,COORD_HIGH,SCORE_AVAILABLE,1.00,88.6,67.3,38.6,69.4,66.0,68.5,67.6,66.8
26140-996,"파크갤러리아파트",서구,암남동,IDENTITY_LOW,COORD_HIGH,SCORE_AVAILABLE,1.00,23.7,14.6,11.3,65.0,28.6,29.2,33.8,27.4
26140-1050,"헤리츠아파트",서구,토성동5가,IDENTITY_UNRESOLVED,COORD_HIGH,SCORE_AVAILABLE,1.00,70.2,77.5,78.2,67.2,73.3,72.9,72.2,73.4
26140-979,"리치W도시형생활주택",서구,서대신동1가,IDENTITY_HIGH,COORD_HIGH,SCORE_AVAILABLE,1.00,72.7,71.1,81.3,51.8,69.2,68.8,66.8,69.8
26140-37,"희망센츄럴타운",서구,서대신동2가,IDENTITY_HIGH,COORD_HIGH,SCORE_AVAILABLE,1.00,89.4,68.6,58.6,40.1,64.2,65.7,61.8,65.8
26140-38,"구덕",서구,서대신동3가,IDENTITY_HIGH,COORD_HIGH,SCORE_AVAILABLE,1.00,49.8,70.1,71.4,20.8,53.0,51.9,48.0,53.9
26140-1039,"대승스위트",서구,서대신동3가,IDENTITY_HIGH,COORD_HIGH,SCORE_AVAILABLE,1.00,64.4,71.0,73.3,44.9,63.4,63.0,60.7,64.0
26140-7,"영산",서구,동대신동2가,IDENTITY_LOW,COORD_LOW,NOT_ENOUGH_DATA,0.25,,,,15.2,,,,
26140-9,"카멜롯",서구,동대신동2가,IDENTITY_HIGH,COORD_HIGH,SCORE_AVAILABLE,1.00,60.5,55.9,51.8,34.7,50.7,51.1,48.8,51.5
26140-62,"수근에이스타운",서구,토성동1가,IDENTITY_HIGH,COORD_HIGH,SCORE_AVAILABLE,1.00,64.5,78.3,76.2,41.6,65.1,64.5,61.6,65.8
26140-52,"화인",서구,서대신동3가,IDENTITY_HIGH,COORD_HIGH,SCORE_AVAILABLE,1.00,40.1,47.5,68.6,33.9,47.5,46.1,45.1,47.5
26140-45,"대윤스위트",서구,서대신동3가,IDENTITY_HIGH,COORD_HIGH,SCORE_AVAILABLE,1.00,68.3,73.1,68.7,32.6,60.7,60.6,56.8,61.8
26140-100,"송도맨션",서구,암남동,IDENTITY_HIGH,COORD_HIGH,SCORE_AVAILABLE,1.00,20.0,35.3,42.6,17.5,28.8,27.7,26.7,28.8
26140-166,"대신타워빌",서구,서대신동3가,IDENTITY_HIGH,COORD_HIGH,SCORE_AVAILABLE,1.00,60.2,67.7,70.2,39.3,59.3,58.8,56.4,59.9
26140-210,"배서티안타워",서구,서대신동3가,IDENTITY_LOW,COORD_HIGH,SCORE_AVAILABLE,1.00,52.3,67.7,69.3,53.2,60.6,59.8,59.1,60.6
26140-1079,"백리휴먼빌리지",서구,서대신동3가,IDENTITY_LOW,COORD_LOW,NOT_ENOUGH_DATA,0.25,,,,69.4,,,,
26140-25,"경남",서구,서대신동2가,IDENTITY_UNRESOLVED,COORD_LOW,NOT_ENOUGH_DATA,0.25,,,,46.0,,,,
26140-1080,"한우리타워",서구,서대신동3가,IDENTITY_UNRESOLVED,COORD_LOW,NOT_ENOUGH_DATA,0.25,,,,69.4,,,,
26140-1178,"토성동봄여름가을겨울",서구,토성동1가,IDENTITY_UNRESOLVED,COORD_LOW,NOT_ENOUGH_DATA,0.25,,,,73.8,,,,
26140-65,"건한",서구,토성동3가,IDENTITY_UNRESOLVED,COORD_LOW,NOT_ENOUGH_DATA,0.25,,,,47.8,,,,
26140-153,"창조드림빌라",서구,서대신동1가,IDENTITY_UNRESOLVED,COORD_LOW,NOT_ENOUGH_DATA,0.25,,,,47.8,,,,
26140-1005,"대신메트로빌",서구,서대신동2가,IDENTITY_UNRESOLVED,COORD_LOW,NOT_ENOUGH_DATA,0.25,,,,65.0,,,,
26140-145,"용문빌리지",서구,서대신동1가,IDENTITY_LOW,COORD_HIGH,SCORE_AVAILABLE,1.00,79.3,72.0,74.9,49.6,69.0,69.2,66.6,69.8
26140-147,"대호그린빌라",서구,서대신동1가,IDENTITY_UNRESOLVED,COORD_LOW,NOT_ENOUGH_DATA,0.25,,,,49.6,,,,
26140-138,"동신그린빌",서구,동대신동3가,IDENTITY_UNRESOLVED,COORD_LOW,NOT_ENOUGH_DATA,0.25,,,,49.6,,,,
26140-113,"태림맨션",서구,암남동,IDENTITY_UNRESOLVED,COORD_LOW,NOT_ENOUGH_DATA,0.25,,,,14.4,,,,
26140-4,"로얄이스트",서구,동대신동2가,IDENTITY_UNRESOLVED,COORD_LOW,NOT_ENOUGH_DATA,0.25,,,,28.0,,,,
26140-16,"에덴빌리지",서구,동대신동3가,IDENTITY_UNRESOLVED,COORD_LOW,NOT_ENOUGH_DATA,0.25,,,,44.2,,,,
26260-2084,"동래지웰",동래구,온천동,IDENTITY_HIGH,COORD_HIGH,SCORE_AVAILABLE,1.00,52.2,41.2,37.8,67.9,49.8,50.5,52.6,49.4
26260-120,"동원",동래구,사직동,IDENTITY_HIGH,COORD_HIGH,SCORE_AVAILABLE,1.00,54.8,62.4,64.1,31.7,53.3,52.8,50.1,53.9
26350-2400,"해피투모로우",해운대구,송정동,IDENTITY_LOW,COORD_HIGH,SCORE_AVAILABLE,1.00,63.5,27.0,31.1,88.0,52.4,54.0,58.3,51.6
26140-1174,"스타파크아파트",서구,토성동2가,IDENTITY_UNRESOLVED,COORD_LOW,NOT_ENOUGH_DATA,0.25,,,,73.8,,,,
26140-141,"하나로5차",서구,서대신동1가,IDENTITY_UNRESOLVED,COORD_LOW,NOT_ENOUGH_DATA,0.25,,,,49.6,,,,
26140-1358,"선경아파트",서구,부용동1가,IDENTITY_UNRESOLVED,COORD_LOW,NOT_ENOUGH_DATA,0.25,,,,93.0,,,,
26140-44,"대신썬빌리지B",서구,서대신동3가,IDENTITY_UNRESOLVED,COORD_LOW,NOT_ENOUGH_DATA,0.25,,,,46.0,,,,
26140-23,"우주그랜져빌리지",서구,서대신동1가,IDENTITY_UNRESOLVED,COORD_LOW,NOT_ENOUGH_DATA,0.25,,,,46.0,,,,
26140-215,"정림주택",서구,동대신동3가,IDENTITY_UNRESOLVED,COORD_LOW,NOT_ENOUGH_DATA,0.25,,,,17.6,,,,
26140-126,"삼부타워",서구,충무동2가,IDENTITY_UNRESOLVED,COORD_LOW,NOT_ENOUGH_DATA,0.25,,,,33.4,,,,
26140-20,"동대센츄럴타운",서구,동대신동3가,IDENTITY_UNRESOLVED,COORD_LOW,NOT_ENOUGH_DATA,0.25,,,,49.6,,,,
26140-89,"거북맨션",서구,암남동,IDENTITY_UNRESOLVED,COORD_LOW,NOT_ENOUGH_DATA,0.25,,,,15.2,,,,
26140-122,"도경나나빌",서구,토성동5가,IDENTITY_UNRESOLVED,COORD_LOW,NOT_ENOUGH_DATA,0.25,,,,47.8,,,,
26140-96,"삼경맨션",서구,암남동,IDENTITY_UNRESOLVED,COORD_LOW,NOT_ENOUGH_DATA,0.25,,,,21.6,,,,
26140-169,"부산빌라트",서구,서대신동3가,IDENTITY_UNRESOLVED,COORD_LOW,NOT_ENOUGH_DATA,0.25,,,,44.2,,,,
26350-2152,"해운대SKVIEW",해운대구,중동,IDENTITY_HIGH,COORD_HIGH,SCORE_AVAILABLE,1.00,65.3,69.8,54.4,62.8,63.1,63.6,63.1,63.3
26140-1102,"오션펠리체",서구,서대신동1가,IDENTITY_UNRESOLVED,COORD_LOW,NOT_ENOUGH_DATA,0.25,,,,69.4,,,,
26140-964,"크로바D동",서구,서대신동3가,IDENTITY_UNRESOLVED,COORD_LOW,NOT_ENOUGH_DATA,0.25,,,,44.2,,,,
26140-54,"석포로얄캐슬",서구,서대신동3가,IDENTITY_UNRESOLVED,COORD_LOW,NOT_ENOUGH_DATA,0.25,,,,47.8,,,,
26350-218,"장산하이츠빌라",해운대구,재송동,IDENTITY_HIGH,COORD_HIGH,SCORE_AVAILABLE,1.00,56.8,68.2,62.1,32.4,54.9,54.6,51.6,55.7
26350-153,"그린파크",해운대구,반여동,IDENTITY_HIGH,COORD_HIGH,SCORE_AVAILABLE,1.00,28.2,34.4,65.5,25.8,38.4,36.6,36.0,38.2
26350-2321,"해운대파크에비뉴",해운대구,우동,IDENTITY_HIGH,COORD_LOW,NOT_ENOUGH_DATA,0.25,,,,60.2,,,,
26350-2143,"현대아쿠아팰리스해운대",해운대구,중동,IDENTITY_HIGH,COORD_HIGH,SCORE_AVAILABLE,1.00,52.6,65.4,59.0,54.8,57.9,57.6,57.2,57.9
26350-4,"대우동삼",해운대구,우동,IDENTITY_HIGH,COORD_LOW,NOT_ENOUGH_DATA,0.25,,,,36.6,,,,
26350-52,"한보장산",해운대구,재송동,IDENTITY_HIGH,COORD_HIGH,SCORE_AVAILABLE,1.00,22.9,44.1,49.3,32.4,37.2,35.9,35.8,36.9
26350-2137,"해운대엑소디움",해운대구,우동,IDENTITY_HIGH,COORD_LOW,NOT_ENOUGH_DATA,0.25,,,,66.1,,,,
26350-31,"대신맨션",해운대구,재송동,IDENTITY_HIGH,COORD_HIGH,SCORE_AVAILABLE,1.00,52.0,66.1,72.3,36.6,56.8,55.7,53.5,57.2
26350-144,"태원빌리지",해운대구,송정동,IDENTITY_HIGH,COORD_HIGH,SCORE_AVAILABLE,1.00,48.7,25.8,75.9,35.0,46.3,45.0,44.7,46.2
26350-71,"동남하이츠맨션",해운대구,중동,IDENTITY_HIGH,COORD_HIGH,SCORE_AVAILABLE,1.00,38.7,60.7,55.5,34.7,47.4,46.6,45.1,47.6
26350-75,"삼강",해운대구,중동,IDENTITY_LOW,COORD_HIGH,SCORE_AVAILABLE,1.00,40.3,75.2,55.2,17.6,47.1,46.3,42.3,48.0
26140-1116,"서원블루오션B동",서구,토성동5가,IDENTITY_UNRESOLVED,COORD_LOW,NOT_ENOUGH_DATA,0.25,,,,71.6,,,,
26260-2434,"더샵온천헤리티지",동래구,온천동,IDENTITY_HIGH,COORD_HIGH,SCORE_AVAILABLE,1.00,66.4,83.9,26.9,78.8,64.0,66.0,66.3,64.2
26350-2142,"우신골든메르시아",해운대구,우동,IDENTITY_HIGH,COORD_LOW,NOT_ENOUGH_DATA,0.25,,,,54.5,,,,
26350-241,"성우맨션",해운대구,중동,IDENTITY_HIGH,COORD_HIGH,SCORE_AVAILABLE,1.00,50.4,61.9,39.3,22.1,43.4,44.0,40.6,44.5
26350-2096,"해운대신시가지경동메르빌",해운대구,중동,IDENTITY_HIGH,COORD_HIGH,SCORE_AVAILABLE,1.00,52.6,81.2,63.0,58.9,63.9,63.4,62.6,63.9
26350-2113,"뷔센하우스",해운대구,중동,IDENTITY_HIGH,COORD_HIGH,SCORE_AVAILABLE,1.00,17.9,36.0,27.0,39.3,30.1,29.6,30.8,29.5
26350-2338,"센텀더세진",해운대구,반송동,IDENTITY_HIGH,COORD_HIGH,SCORE_AVAILABLE,1.00,53.8,51.4,84.5,54.4,61.0,59.5,59.7,60.7
26350-82,"삼주",해운대구,중동,IDENTITY_HIGH,COORD_HIGH,SCORE_AVAILABLE,1.00,46.0,58.6,53.4,30.5,47.2,46.8,44.6,47.7
26350-2213,"센텀시티더블유",해운대구,재송동,IDENTITY_HIGH,COORD_HIGH,SCORE_AVAILABLE,1.00,78.6,71.4,50.2,46.8,61.7,63.2,60.3,62.9
26350-2151,"해운대엔스타",해운대구,우동,IDENTITY_HIGH,COORD_HIGH,SCORE_AVAILABLE,1.00,65.7,44.0,60.3,50.2,55.1,55.3,54.9,55.4
26350-15,"삼호가든맨션",해운대구,우동,IDENTITY_LOW,COORD_HIGH,SCORE_AVAILABLE,1.00,54.5,44.5,81.3,19.2,49.9,48.5,45.5,50.5
26350-10,"벽산금호",해운대구,우동,IDENTITY_HIGH,COORD_LOW,NOT_ENOUGH_DATA,0.25,,,,42.5,,,,
26350-290,"삼보로얄캐슬",해운대구,송정동,IDENTITY_HIGH,COORD_HIGH,SCORE_AVAILABLE,1.00,68.4,25.0,30.7,40.1,41.0,42.9,42.3,41.8
26350-177,"광하주택3",해운대구,반송동,IDENTITY_LOW,COORD_HIGH,SCORE_AVAILABLE,1.00,42.5,47.5,71.6,26.4,47.0,45.5,43.7,47.2
26350-220,"일번로얄주택",해운대구,재송동,IDENTITY_LOW,COORD_HIGH,SCORE_AVAILABLE,1.00,60.4,72.4,65.8,28.0,56.7,56.4,52.5,57.7
26350-295,"영동써니",해운대구,송정동,IDENTITY_HIGH,COORD_HIGH,SCORE_AVAILABLE,1.00,17.4,18.0,8.9,26.0,17.6,18.0,18.8,17.4
26350-2331,"남평엔시티",해운대구,송정동,IDENTITY_HIGH,COORD_HIGH,SCORE_AVAILABLE,1.00,54.7,27.0,23.8,56.1,40.4,42.0,43.5,40.4
26350-196,"삼한3차301동",해운대구,반송동,IDENTITY_HIGH,COORD_HIGH,SCORE_AVAILABLE,1.00,26.5,19.5,43.1,47.4,34.1,33.3,35.7,33.2
26350-148,"금강비치빌",해운대구,송정동,IDENTITY_HIGH,COORD_HIGH,SCORE_AVAILABLE,1.00,57.8,27.0,27.7,35.3,37.0,38.5,37.8,37.6
26350-168,"현대1차",해운대구,반여동,IDENTITY_LOW,COORD_LOW,NOT_ENOUGH_DATA,0.25,,,,28.0,,,,
26350-169,"현대3",해운대구,반여동,IDENTITY_HIGH,COORD_HIGH,SCORE_AVAILABLE,1.00,19.1,28.2,34.7,49.7,32.9,32.1,34.7,31.9
26350-89,"이진캐스빌",해운대구,중동,IDENTITY_LOW,COORD_LOW,NOT_ENOUGH_DATA,0.25,,,,24.8,,,,
26350-298,"청목마리안",해운대구,중동,IDENTITY_HIGH,COORD_HIGH,SCORE_AVAILABLE,1.00,55.2,83.6,41.9,52.1,58.2,58.9,57.2,58.7
26350-2165,"해운대협성엠파이어",해운대구,우동,IDENTITY_HIGH,COORD_HIGH,SCORE_AVAILABLE,1.00,23.8,28.8,69.3,54.9,44.2,41.9,44.8,42.9
26350-76,"삼성콘도맨션",해운대구,중동,IDENTITY_LOW,COORD_LOW,NOT_ENOUGH_DATA,0.25,,,,19.2,,,,
26350-57,"센텀협성",해운대구,재송동,IDENTITY_LOW,COORD_HIGH,SCORE_AVAILABLE,1.00,47.9,65.1,75.6,21.6,52.6,51.2,47.7,53.2
26350-2115,"해운대한솔솔파크",해운대구,우동,IDENTITY_MEDIUM,COORD_HIGH,SCORE_AVAILABLE,1.00,46.5,56.7,18.0,55.0,44.1,45.5,45.8,44.2
26350-175,"광하주택A동",해운대구,반송동,IDENTITY_HIGH,COORD_HIGH,SCORE_AVAILABLE,1.00,55.5,52.2,83.3,28.9,55.0,53.6,51.1,55.5
26350-45,"센텀이진캐스빌",해운대구,재송동,IDENTITY_LOW,COORD_LOW,NOT_ENOUGH_DATA,0.25,,,,31.6,,,,
26350-181,"삼정그린코아",해운대구,반송동,IDENTITY_HIGH,COORD_HIGH,SCORE_AVAILABLE,1.00,46.2,49.4,73.4,49.2,54.5,53.2,53.3,54.2
26350-293,"대원하이츠2차",해운대구,송정동,IDENTITY_LOW,COORD_LOW,NOT_ENOUGH_DATA,0.25,,,,51.4,,,,
26350-277,"백세해운대빌라1차",해운대구,중동,IDENTITY_LOW,COORD_HIGH,SCORE_AVAILABLE,0.75,,33.6,23.2,35.2,30.7,31.2,31.6,30.6
26350-2296,"센텀에코하임",해운대구,재송동,IDENTITY_HIGH,COORD_HIGH,SCORE_AVAILABLE,1.00,55.1,68.2,60.7,52.4,59.1,58.8,57.9,59.3
26350-217,"남양로얄타운",해운대구,재송동,IDENTITY_LOW,COORD_HIGH,SCORE_AVAILABLE,1.00,47.3,63.4,71.8,31.6,53.5,52.3,49.9,53.9
26350-2230,"디어하임센텀",해운대구,재송동,IDENTITY_HIGH,COORD_HIGH,SCORE_AVAILABLE,1.00,54.8,62.9,76.8,46.9,60.4,59.3,58.1,60.5
26350-2337,"센텀드림힐",해운대구,재송동,IDENTITY_HIGH,COORD_HIGH,SCORE_AVAILABLE,1.00,30.6,55.7,74.4,55.9,54.2,52.0,53.2,53.2
26350-262,"대림엠파이어빌라",해운대구,중동,IDENTITY_HIGH,COORD_HIGH,SCORE_AVAILABLE,1.00,24.1,21.2,23.6,25.8,23.7,23.7,24.0,23.6
26350-179,"동삼초원",해운대구,반송동,IDENTITY_LOW,COORD_HIGH,SCORE_AVAILABLE,1.00,35.7,26.9,62.6,31.6,39.2,37.9,37.9,39.0
26350-354,"장산상가맨션",해운대구,반여동,IDENTITY_LOW,COORD_HIGH,SCORE_AVAILABLE,1.00,27.0,39.6,58.1,28.0,38.2,36.6,36.1,38.0
26350-252,"벨로스",해운대구,중동,IDENTITY_HIGH,COORD_HIGH,SCORE_AVAILABLE,1.00,28.7,50.7,60.7,36.6,44.2,42.6,42.3,43.8
26350-69,"대림비치",해운대구,중동,IDENTITY_HIGH,COORD_HIGH,SCORE_AVAILABLE,1.00,61.0,76.9,47.5,28.0,53.4,54.0,49.9,54.6
26350-44,"유창맨션",해운대구,재송동,IDENTITY_HIGH,COORD_HIGH,SCORE_AVAILABLE,1.00,78.4,51.0,49.8,22.7,50.5,51.9,47.7,52.2
26350-216,"유림빌라",해운대구,재송동,IDENTITY_HIGH,COORD_HIGH,SCORE_AVAILABLE,1.00,51.0,63.7,72.7,27.9,53.8,52.8,49.8,54.4
26350-2346,"럭스빌비치",해운대구,송정동,IDENTITY_HIGH,COORD_HIGH,SCORE_AVAILABLE,1.00,55.6,26.0,18.7,55.0,38.9,40.7,42.1,38.9
26350-36,"서해재송",해운대구,재송동,IDENTITY_HIGH,COORD_HIGH,SCORE_AVAILABLE,1.00,60.3,71.9,55.5,26.8,53.6,53.8,49.9,54.8
26350-46,"이화맨션",해운대구,재송동,IDENTITY_HIGH,COORD_HIGH,SCORE_AVAILABLE,1.00,40.0,61.7,62.5,31.1,48.8,47.7,45.7,49.1
26350-296,"라온힐즈",해운대구,송정동,IDENTITY_LOW,COORD_HIGH,SCORE_AVAILABLE,1.00,13.5,15.3,9.4,31.6,17.5,17.7,19.4,17.0
26350-185,"영화",해운대구,반송동,IDENTITY_LOW,COORD_HIGH,SCORE_AVAILABLE,1.00,67.4,43.6,69.5,19.2,49.9,49.8,46.2,51.1
26350-200,"상림팰리스빌",해운대구,중동,IDENTITY_LOW,COORD_HIGH,SCORE_AVAILABLE,1.00,18.8,19.6,18.6,49.6,26.7,26.7,29.7,25.7
26350-2228,"센텀캐슬",해운대구,재송동,IDENTITY_HIGH,COORD_HIGH,SCORE_AVAILABLE,1.00,61.1,70.6,52.9,48.2,58.2,58.6,56.8,58.7
26350-231,"신춘하나빌",해운대구,우동,IDENTITY_HIGH,COORD_LOW,NOT_ENOUGH_DATA,0.25,,,,37.4,,,,
26350-204,"동서하이빌아파트",해운대구,송정동,IDENTITY_HIGH,COORD_HIGH,SCORE_AVAILABLE,1.00,17.3,15.3,9.2,36.9,19.7,20.1,22.1,19.2
26350-157,"삼익그린맨션",해운대구,반여동,IDENTITY_HIGH,COORD_HIGH,SCORE_AVAILABLE,1.00,59.5,57.5,56.9,32.6,51.6,51.7,49.2,52.4
26350-201,"아시아나비치",해운대구,송정동,IDENTITY_HIGH,COORD_HIGH,SCORE_AVAILABLE,1.00,57.7,27.0,26.2,36.8,36.9,38.5,37.9,37.5
26350-297,"그린빌라",해운대구,송정동,IDENTITY_LOW,COORD_HIGH,SCORE_AVAILABLE,0.75,,12.4,9.8,28.0,16.7,17.2,19.0,16.3
26350-284,"중동맨션",해운대구,중동,IDENTITY_LOW,COORD_HIGH,SCORE_AVAILABLE,1.00,25.4,54.4,67.6,13.6,40.3,38.1,35.5,40.5
26350-77,"삼성타워",해운대구,중동,IDENTITY_LOW,COORD_HIGH,SCORE_AVAILABLE,1.00,43.6,54.1,49.9,33.4,45.2,44.9,43.4,45.6
26350-191,"경원프라우드빌",해운대구,좌동,IDENTITY_UNRESOLVED,COORD_LOW,NOT_ENOUGH_DATA,0.25,,,,49.6,,,,
26290-267,"동성아트A",남구,감만동,IDENTITY_UNRESOLVED,COORD_LOW,NOT_ENOUGH_DATA,0.25,,,,47.8,,,,
26350-73,"마마아파트",해운대구,중동,IDENTITY_UNRESOLVED,COORD_LOW,NOT_ENOUGH_DATA,0.25,,,,26.4,,,,
26350-276,"동부썬빌라",해운대구,중동,IDENTITY_UNRESOLVED,COORD_HIGH,SCORE_AVAILABLE,1.00,15.6,21.7,15.9,31.6,21.2,21.2,22.5,20.8
26350-361,"동부문빌라",해운대구,중동,IDENTITY_LOW,COORD_HIGH,SCORE_AVAILABLE,1.00,17.4,27.5,16.8,38.8,25.1,25.1,26.8,24.6
26350-299,"해운대석포로얄캐슬",해운대구,중동,IDENTITY_HIGH,COORD_HIGH,SCORE_AVAILABLE,1.00,42.0,58.6,46.0,36.9,45.9,45.7,44.4,46.2
26350-292,"신우비치맨션",해운대구,송정동,IDENTITY_UNRESOLVED,COORD_HIGH,SCORE_AVAILABLE,1.00,52.6,25.6,38.1,28.0,36.1,36.8,35.7,36.7
26350-188,"영광그린파크(나)",해운대구,재송동,IDENTITY_UNRESOLVED,COORD_HIGH,SCORE_AVAILABLE,1.00,36.0,55.6,78.9,31.6,50.5,48.4,47.0,50.4
26350-260,"동아해운대빌라",해운대구,중동,IDENTITY_UNRESOLVED,COORD_LOW,NOT_ENOUGH_DATA,0.25,,,,29.8,,,,
26350-61,"센텀대원",해운대구,재송동,IDENTITY_HIGH,COORD_HIGH,SCORE_AVAILABLE,1.00,73.1,49.8,49.7,35.9,52.1,53.3,50.7,53.2
26350-54,"해강소라",해운대구,재송동,IDENTITY_UNRESOLVED,COORD_LOW,NOT_ENOUGH_DATA,0.25,,,,31.6,,,,
26350-263,"대림해운대빌라",해운대구,중동,IDENTITY_UNRESOLVED,COORD_LOW,NOT_ENOUGH_DATA,0.25,,,,29.8,,,,
26350-254,"그린힐1차",해운대구,중동,IDENTITY_UNRESOLVED,COORD_LOW,NOT_ENOUGH_DATA,0.25,,,,51.4,,,,
26350-86,"아남하이츠3차",해운대구,중동,IDENTITY_UNRESOLVED,COORD_LOW,NOT_ENOUGH_DATA,0.25,,,,24.8,,,,
26350-59,"센텀삼흥",해운대구,재송동,IDENTITY_UNRESOLVED,COORD_HIGH,SCORE_AVAILABLE,1.00,75.9,52.2,44.9,20.0,48.3,49.8,45.4,50.0
26350-246,"성완아이렉스원룸",해운대구,중동,IDENTITY_UNRESOLVED,COORD_HIGH,SCORE_AVAILABLE,1.00,56.7,76.9,79.5,46.0,64.8,63.6,61.5,65.1
26350-8,"동부올림픽타운",해운대구,우동,IDENTITY_HIGH,COORD_HIGH,SCORE_AVAILABLE,1.00,75.8,58.2,47.5,65.5,61.8,63.2,63.0,62.2
26350-2336,"서진늘해랑",해운대구,송정동,IDENTITY_UNRESOLVED,COORD_LOW,NOT_ENOUGH_DATA,0.25,,,,80.8,,,,
26350-213,"홍림센텀아파트",해운대구,반여동,IDENTITY_UNRESOLVED,COORD_LOW,NOT_ENOUGH_DATA,0.25,,,,28.0,,,,
26350-253,"라메르빌라",해운대구,중동,IDENTITY_UNRESOLVED,COORD_LOW,NOT_ENOUGH_DATA,0.25,,,,44.2,,,,
26350-245,"토명비치빌",해운대구,중동,IDENTITY_UNRESOLVED,COORD_LOW,NOT_ENOUGH_DATA,0.25,,,,49.6,,,,
26350-268,"스카이파크1차",해운대구,중동,IDENTITY_UNRESOLVED,COORD_LOW,NOT_ENOUGH_DATA,0.25,,,,28.0,,,,
26350-108,"경남",해운대구,좌동,IDENTITY_LOW,COORD_HIGH,SCORE_AVAILABLE,1.00,23.8,43.0,63.8,38.8,42.3,40.3,40.9,41.7
26350-2109,"현대아쿠아팰리스동백섬",해운대구,우동,IDENTITY_HIGH,COORD_LOW,NOT_ENOUGH_DATA,0.25,,,,46.7,,,,
26350-2266,"이담채",해운대구,송정동,IDENTITY_UNRESOLVED,COORD_LOW,NOT_ENOUGH_DATA,0.25,,,,71.6,,,,
26350-285,"엘리트빌라",해운대구,중동,IDENTITY_UNRESOLVED,COORD_LOW,NOT_ENOUGH_DATA,0.25,,,,38.8,,,,
26350-2127,"경동메르빌골드",해운대구,중동,IDENTITY_HIGH,COORD_HIGH,SCORE_AVAILABLE,1.00,25.7,44.2,27.4,51.7,37.2,37.2,38.8,36.6
26350-226,"태석102동",해운대구,우동,IDENTITY_UNRESOLVED,COORD_LOW,NOT_ENOUGH_DATA,0.25,,,,47.8,,,,
26350-357,"진달래",해운대구,재송동,IDENTITY_UNRESOLVED,COORD_LOW,NOT_ENOUGH_DATA,0.25,,,,17.6,,,,
26350-2316,"한영아르미안",해운대구,중동,IDENTITY_UNRESOLVED,COORD_LOW,NOT_ENOUGH_DATA,0.25,,,,76.0,,,,
26350-150,"대산",해운대구,반여동,IDENTITY_UNRESOLVED,COORD_LOW,NOT_ENOUGH_DATA,0.25,,,,18.4,,,,
26350-251,"보현빌라",해운대구,중동,IDENTITY_UNRESOLVED,COORD_LOW,NOT_ENOUGH_DATA,0.25,,,,44.2,,,,
26350-2145,"대우월드마크센텀",해운대구,우동,IDENTITY_HIGH,COORD_HIGH,SCORE_AVAILABLE,1.00,65.0,55.5,40.3,73.7,58.6,59.8,61.2,58.5
26350-43,"영광그린파크(가)",해운대구,재송동,IDENTITY_UNRESOLVED,COORD_HIGH,SCORE_AVAILABLE,1.00,46.3,59.7,73.9,31.6,52.9,51.5,49.3,53.2
26350-362,"민화그린빌라",해운대구,반송동,IDENTITY_UNRESOLVED,COORD_LOW,NOT_ENOUGH_DATA,0.25,,,,29.8,,,,
26320-137,"삼한힐파크",북구,화명동,IDENTITY_HIGH,COORD_HIGH,SCORE_AVAILABLE,1.00,58.6,45.6,76.7,65.6,61.6,60.7,62.1,61.1
26320-1460,"쌍용스윗닷홈",북구,만덕동,IDENTITY_HIGH,COORD_HIGH,SCORE_AVAILABLE,1.00,45.1,56.5,74.6,64.9,60.3,58.8,60.2,59.5
26320-17,"삼정그린코아",북구,구포동,IDENTITY_HIGH,COORD_HIGH,SCORE_AVAILABLE,1.00,80.4,42.4,42.9,60.2,56.5,58.4,58.2,57.1
26320-1542,"화명롯데캐슬카이저",북구,화명동,IDENTITY_HIGH,COORD_HIGH,SCORE_AVAILABLE,1.00,58.6,43.4,71.4,81.7,63.8,63.1,66.2,62.8
26320-110,"동원",북구,만덕동,IDENTITY_HIGH,COORD_HIGH,SCORE_AVAILABLE,1.00,51.7,59.6,67.5,50.9,57.4,56.6,56.2,57.4
26320-1732,"더 래디언트 금정산",북구,만덕동,IDENTITY_HIGH,COORD_HIGH,SCORE_AVAILABLE,1.00,77.5,47.8,55.4,82.7,65.9,67.0,69.0,65.6
26320-15,"부광맨션",북구,구포동,IDENTITY_HIGH,COORD_HIGH,SCORE_AVAILABLE,1.00,49.2,73.1,63.4,28.2,53.5,52.7,49.4,54.2
26320-138,"화명그린힐",북구,화명동,IDENTITY_HIGH,COORD_HIGH,SCORE_AVAILABLE,1.00,48.4,53.0,82.1,56.1,59.9,58.2,58.7,59.4
26320-34,"금곡5단지주공",북구,금곡동,IDENTITY_HIGH,COORD_HIGH,SCORE_AVAILABLE,1.00,55.4,25.6,82.0,50.5,53.4,52.0,53.0,53.0
26320-1785,"포레나부산덕천2차",북구,덕천동,IDENTITY_HIGH,COORD_HIGH,SCORE_AVAILABLE,1.00,87.5,71.1,52.2,85.4,74.0,75.8,76.4,74.3
26320-27,"구포현대",북구,구포동,IDENTITY_HIGH,COORD_HIGH,SCORE_AVAILABLE,1.00,75.6,44.2,56.9,54.5,57.8,58.7,58.2,58.3
26320-153,"수정강변타운",북구,화명동,IDENTITY_HIGH,COORD_HIGH,SCORE_AVAILABLE,1.00,71.6,41.3,47.3,63.3,55.9,57.1,57.8,56.1
26320-1483,"덕천삼정그린코아",북구,덕천동,IDENTITY_HIGH,COORD_HIGH,SCORE_AVAILABLE,1.00,75.3,47.2,39.7,67.4,57.4,59.2,59.8,57.7
26320-33,"금곡3단지주공",북구,금곡동,IDENTITY_HIGH,COORD_HIGH,SCORE_AVAILABLE,1.00,45.3,32.2,74.7,53.7,51.5,50.0,51.5,50.8
26320-1606,"구포동원로얄듀크비스타",북구,구포동,IDENTITY_HIGH,COORD_HIGH,SCORE_AVAILABLE,1.00,66.2,59.7,42.8,77.9,61.7,62.8,64.3,61.5
26320-115,"만덕2주공",북구,만덕동,IDENTITY_HIGH,COORD_HIGH,SCORE_AVAILABLE,1.00,77.1,54.0,66.0,53.8,62.7,63.3,62.1,63.3
26320-1740,"이편한세상금정산",북구,만덕동,IDENTITY_HIGH,COORD_HIGH,SCORE_AVAILABLE,1.00,73.2,43.7,45.4,85.4,61.9,63.3,66.0,61.5
26320-189,"유림노르웨이숲",북구,구포동,IDENTITY_HIGH,COORD_HIGH,SCORE_AVAILABLE,1.00,39.1,38.7,37.2,67.8,45.7,45.8,48.7,44.8
26320-1763,"포레나부산덕천1차",북구,덕천동,IDENTITY_HIGH,COORD_HIGH,SCORE_AVAILABLE,1.00,90.2,68.6,46.4,83.0,72.1,74.3,74.6,72.5
26320-39,"화명한일유앤아이",북구,금곡동,IDENTITY_HIGH,COORD_HIGH,SCORE_AVAILABLE,1.00,49.7,48.3,80.1,64.8,60.8,59.2,60.8,60.0
26320-152,"대림쌍용강변타운",북구,화명동,IDENTITY_HIGH,COORD_HIGH,SCORE_AVAILABLE,1.00,58.3,51.6,70.7,70.6,62.8,62.2,63.7,62.2
26320-1738,"화명푸르지오헤리센트",북구,화명동,IDENTITY_HIGH,COORD_HIGH,SCORE_AVAILABLE,1.00,58.9,46.4,65.1,85.3,63.9,63.6,66.9,62.9
26350-2384,"센텀리슈빌1단지",해운대구,재송동,IDENTITY_HIGH,COORD_HIGH,SCORE_AVAILABLE,1.00,68.7,54.5,59.1,73.4,63.9,64.4,65.6,63.7
26350-302,"협성프라임빌",해운대구,우동,IDENTITY_HIGH,COORD_HIGH,SCORE_AVAILABLE,1.00,22.6,22.3,72.9,59.2,44.2,41.7,45.4,42.6
26320-1599,"엘가",북구,화명동,IDENTITY_HIGH,COORD_HIGH,SCORE_AVAILABLE,1.00,49.5,66.9,53.7,58.3,57.1,56.9,56.9,57.0
26320-61,"롯데낙천대",북구,화명동,IDENTITY_HIGH,COORD_HIGH,SCORE_AVAILABLE,1.00,73.5,71.5,75.6,68.7,72.3,72.2,71.9,72.4
26320-1659,"백양디이스트(1단지)",북구,만덕동,IDENTITY_HIGH,COORD_HIGH,SCORE_AVAILABLE,1.00,33.2,60.1,78.7,83.6,63.9,61.6,65.3,62.2
26320-1755,"백양산베스티움에코포레",북구,만덕동,IDENTITY_HIGH,COORD_HIGH,SCORE_AVAILABLE,1.00,39.9,29.2,26.8,80.5,44.1,44.8,49.4,42.9
26320-1746,"백양디이스트(3단지)",북구,만덕동,IDENTITY_HIGH,COORD_HIGH,SCORE_AVAILABLE,1.00,60.5,65.1,78.3,66.1,67.5,66.6,66.9,67.2
26320-13,"벽산그린필드",북구,구포동,IDENTITY_HIGH,COORD_HIGH,SCORE_AVAILABLE,1.00,23.7,31.6,69.1,42.3,41.7,39.4,40.9,40.7
26320-1489,"만덕3휴먼시아",북구,만덕동,IDENTITY_HIGH,COORD_HIGH,SCORE_AVAILABLE,1.00,64.6,57.4,68.6,64.2,63.7,63.5,63.8,63.6
26320-32,"협진태양·조성아파트",북구,금곡동,IDENTITY_HIGH,COORD_HIGH,SCORE_AVAILABLE,1.00,42.3,33.6,77.4,50.6,51.0,49.2,50.5,50.3
26320-57,"화명유림",북구,화명동,IDENTITY_HIGH,COORD_HIGH,SCORE_AVAILABLE,1.00,43.8,36.6,69.5,55.8,51.4,50.1,51.7,50.7
26320-130,"그린숲속아파트",북구,화명동,IDENTITY_HIGH,COORD_HIGH,SCORE_AVAILABLE,1.00,21.0,20.1,77.6,54.9,43.4,40.6,44.0,41.8
26320-2,"곡산주택",북구,구포동,IDENTITY_HIGH,COORD_HIGH,SCORE_AVAILABLE,1.00,20.6,26.0,48.0,32.1,31.7,30.3,31.2,31.1
26320-46,"대림타운",북구,화명동,IDENTITY_HIGH,COORD_HIGH,SCORE_AVAILABLE,1.00,54.8,62.2,69.8,65.2,63.0,62.2,62.9,62.6
26320-1734,"덕천역이즈카운티",북구,덕천동,IDENTITY_HIGH,COORD_HIGH,SCORE_AVAILABLE,1.00,72.3,75.6,74.0,68.6,72.6,72.5,72.0,72.7
26320-1759,"화명플리체비스타동원",북구,화명동,IDENTITY_HIGH,COORD_HIGH,SCORE_AVAILABLE,1.00,49.2,30.7,74.2,78.6,58.2,56.9,60.8,56.9
26320-107,"대성타워",북구,만덕동,IDENTITY_HIGH,COORD_HIGH,SCORE_AVAILABLE,1.00,74.3,68.4,76.6,55.6,68.7,68.6,67.0,69.2
26320-42,"경남아너스빌",북구,화명동,IDENTITY_HIGH,COORD_HIGH,SCORE_AVAILABLE,1.00,52.4,44.0,77.2,61.7,58.8,57.6,58.9,58.2
26320-54,"코오롱",북구,화명동,IDENTITY_HIGH,COORD_HIGH,SCORE_AVAILABLE,1.00,40.4,19.5,77.7,55.1,48.2,46.3,48.8,47.2
26320-60,"대우이안",북구,화명동,IDENTITY_HIGH,COORD_HIGH,SCORE_AVAILABLE,1.00,50.1,68.8,76.0,65.0,65.0,63.7,64.2,64.4
26320-1653,"e편한세상화명힐스",북구,화명동,IDENTITY_HIGH,COORD_HIGH,SCORE_AVAILABLE,1.00,85.4,71.0,61.4,79.7,74.4,75.6,75.7,74.6
26320-38,"벽산삼협한솔",북구,금곡동,IDENTITY_HIGH,COORD_HIGH,SCORE_AVAILABLE,1.00,75.5,32.2,82.8,56.5,61.7,61.4,61.6,61.8
26320-1668,"태성캐슬",북구,구포동,IDENTITY_HIGH,COORD_HIGH,SCORE_AVAILABLE,1.00,50.9,55.0,56.3,59.8,55.5,55.2,55.9,55.2
26320-65,"대방",북구,덕천동,IDENTITY_HIGH,COORD_HIGH,SCORE_AVAILABLE,1.00,76.7,64.5,50.2,46.1,59.4,60.7,58.3,60.4
26320-55,"화명2차현대",북구,화명동,IDENTITY_HIGH,COORD_HIGH,SCORE_AVAILABLE,1.00,51.0,51.5,78.5,63.7,61.2,59.8,61.1,60.5
26320-48,"벽산강변타운",북구,화명동,IDENTITY_HIGH,COORD_HIGH,SCORE_AVAILABLE,1.00,73.6,36.4,60.4,57.3,56.9,57.6,57.8,57.2
26320-1640,"신화명리버뷰자이",북구,금곡동,IDENTITY_HIGH,COORD_HIGH,SCORE_AVAILABLE,1.00,42.5,22.7,61.4,76.2,50.7,49.8,54.1,49.3
26290-55,"유창1",남구,감만동,IDENTITY_HIGH,COORD_HIGH,SCORE_AVAILABLE,1.00,22.7,14.6,60.7,37.8,34.0,32.1,34.0,33.0
26320-63,"코오롱하늘채1차",북구,화명동,IDENTITY_HIGH,COORD_HIGH,SCORE_AVAILABLE,1.00,46.6,65.9,72.0,68.0,63.1,61.9,63.0,62.4
26320-1684,"어반펠리체",북구,구포동,IDENTITY_HIGH,COORD_HIGH,SCORE_AVAILABLE,1.00,67.4,72.5,57.6,53.3,62.7,63.2,61.5,63.3
26260-2119,"온천삼정그린코아더베스트",동래구,온천동,IDENTITY_HIGH,COORD_HIGH,SCORE_AVAILABLE,1.00,76.5,84.5,23.3,76.8,65.3,67.9,67.6,65.9
26320-176,"동원로얄듀크",북구,화명동,IDENTITY_HIGH,COORD_HIGH,SCORE_AVAILABLE,1.00,33.5,49.9,65.4,69.6,54.6,53.0,55.8,53.4
26320-1621,"동원역삼정그린코아",북구,금곡동,IDENTITY_HIGH,COORD_HIGH,SCORE_AVAILABLE,1.00,84.2,27.0,50.2,71.8,58.3,60.0,61.6,58.4
26320-59,"화명현대",북구,화명동,IDENTITY_HIGH,COORD_HIGH,SCORE_AVAILABLE,1.00,67.2,60.3,81.7,57.0,66.6,65.8,65.2,66.6
26320-62,"코오롱하늘채2차",북구,화명동,IDENTITY_HIGH,COORD_HIGH,SCORE_AVAILABLE,1.00,60.6,70.8,59.7,67.9,64.8,64.8,65.0,64.7
26320-131,"도시화명그린(206)",북구,화명동,IDENTITY_HIGH,COORD_HIGH,SCORE_AVAILABLE,1.00,49.7,35.9,74.3,48.0,52.0,50.7,51.2,51.6
26320-1710,"해피투모로우",북구,구포동,IDENTITY_HIGH,COORD_HIGH,SCORE_AVAILABLE,1.00,70.0,49.6,54.6,66.6,60.2,61.0,61.7,60.3
26320-47,"도시화명그린(295)",북구,화명동,IDENTITY_HIGH,COORD_HIGH,SCORE_AVAILABLE,1.00,38.6,19.5,68.9,53.5,45.2,43.6,46.1,44.2
26320-156,"롯데",북구,덕천동,IDENTITY_HIGH,COORD_HIGH,SCORE_AVAILABLE,1.00,56.1,39.2,76.2,64.4,59.0,58.0,59.6,58.4
26320-40,"금곡화목타운",북구,금곡동,IDENTITY_HIGH,COORD_HIGH,SCORE_AVAILABLE,1.00,43.0,34.9,72.1,52.2,50.6,49.1,50.4,49.9
26320-1742,"리버파크반도유보라",북구,구포동,IDENTITY_HIGH,COORD_HIGH,SCORE_AVAILABLE,1.00,72.5,58.7,80.2,82.3,73.4,73.0,74.7,72.9
26320-30,"유림(1차)",북구,금곡동,IDENTITY_HIGH,COORD_HIGH,SCORE_AVAILABLE,1.00,51.3,22.7,73.2,44.1,47.8,46.7,47.4,47.5
26320-1745,"백양디이스트(2단지)",북구,만덕동,IDENTITY_HIGH,COORD_HIGH,SCORE_AVAILABLE,1.00,43.0,48.0,71.9,72.9,59.0,57.5,60.2,57.8
26320-126,"협성파크",북구,만덕동,IDENTITY_HIGH,COORD_HIGH,SCORE_AVAILABLE,1.00,54.4,40.2,79.6,51.5,56.4,55.2,55.6,56.1
26320-117,"만덕베르빌",북구,만덕동,IDENTITY_HIGH,COORD_HIGH,SCORE_AVAILABLE,1.00,88.5,60.0,47.8,54.9,62.8,64.8,62.9,63.9
26320-106,"그린코아",북구,만덕동,IDENTITY_LOW,COORD_LOW,NOT_ENOUGH_DATA,0.25,,,,28.0,,,,
26320-113,"럭키",북구,만덕동,IDENTITY_HIGH,COORD_HIGH,SCORE_AVAILABLE,1.00,66.8,53.7,69.5,55.9,61.5,61.3,60.9,61.6
26320-29,"유림2차(1)",북구,금곡동,IDENTITY_HIGH,COORD_HIGH,SCORE_AVAILABLE,1.00,56.3,34.9,78.8,47.6,54.4,53.3,53.5,54.2
26320-4,"구포대성아파트",북구,구포동,IDENTITY_HIGH,COORD_HIGH,SCORE_AVAILABLE,1.00,53.2,45.6,80.6,47.3,56.7,55.3,55.1,56.5
26320-70,"덕천주공1",북구,덕천동,IDENTITY_HIGH,COORD_HIGH,SCORE_AVAILABLE,1.00,36.4,41.4,78.6,57.1,53.4,51.3,53.1,52.4
26320-1473,"상록한신휴플러스",북구,만덕동,IDENTITY_HIGH,COORD_HIGH,SCORE_AVAILABLE,0.75,,31.3,78.6,67.1,59.0,57.6,60.6,58.0
26320-119,"만덕현대",북구,만덕동,IDENTITY_HIGH,COORD_HIGH,SCORE_AVAILABLE,1.00,62.6,57.6,67.8,46.0,58.5,58.3,56.8,58.9
26320-151,"화명뜨란채",북구,금곡동,IDENTITY_HIGH,COORD_HIGH,SCORE_AVAILABLE,1.00,45.4,44.1,81.3,64.7,58.9,57.1,59.1,57.9
26320-1729,"구포2차봄여름가을겨울",북구,구포동,IDENTITY_HIGH,COORD_HIGH,SCORE_AVAILABLE,1.00,70.1,56.1,63.7,70.7,65.1,65.5,66.2,65.0
26320-28,"협진태양",북구,구포동,IDENTITY_HIGH,COORD_HIGH,SCORE_AVAILABLE,1.00,85.3,44.0,66.2,53.9,62.4,63.3,62.2,63.1
26320-87,"아남프라자",북구,덕천동,IDENTITY_HIGH,COORD_HIGH,SCORE_AVAILABLE,1.00,81.5,76.9,74.6,53.9,71.7,72.1,69.5,72.6
26320-103,"성훈강변",북구,덕천동,IDENTITY_HIGH,COORD_HIGH,SCORE_AVAILABLE,1.00,50.4,36.4,48.9,49.3,46.3,46.3,46.9,46.2
26320-71,"덕천한라",북구,덕천동,IDENTITY_HIGH,COORD_HIGH,SCORE_AVAILABLE,1.00,50.5,68.9,75.2,35.2,57.5,56.2,53.8,57.9
26320-77,"부국2",북구,덕천동,IDENTITY_HIGH,COORD_HIGH,SCORE_AVAILABLE,1.00,71.3,76.6,77.6,28.0,63.4,63.0,58.5,64.7
26320-6,"대진",북구,구포동,IDENTITY_HIGH,COORD_HIGH,SCORE_AVAILABLE,1.00,61.1,60.3,63.0,33.9,54.6,54.5,51.8,55.4
26320-16,"삼경장미",북구,구포동,IDENTITY_HIGH,COORD_HIGH,SCORE_AVAILABLE,1.00,50.1,54.1,50.9,39.8,48.7,48.7,47.5,49.1
26320-145,"유림노르웨이숲",북구,만덕동,IDENTITY_HIGH,COORD_HIGH,SCORE_AVAILABLE,1.00,53.3,55.4,42.8,53.9,51.3,51.9,51.8,51.4
26320-116,"만덕대진",북구,만덕동,IDENTITY_MEDIUM,COORD_HIGH,SCORE_AVAILABLE,1.00,60.4,43.0,76.9,14.4,48.7,47.9,44.1,49.7
26320-31,"유림2차(2)",북구,금곡동,IDENTITY_HIGH,COORD_HIGH,SCORE_AVAILABLE,1.00,50.9,34.9,72.4,48.3,51.6,50.5,51.1,51.3
26320-123,"삼성",북구,만덕동,IDENTITY_HIGH,COORD_HIGH,SCORE_AVAILABLE,1.00,78.0,63.2,63.1,51.2,63.9,64.6,62.7,64.7
26320-1484,"구포유림노르웨이숲2차",북구,구포동,IDENTITY_HIGH,COORD_HIGH,SCORE_AVAILABLE,1.00,52.4,51.0,42.7,59.0,51.3,51.8,52.5,51.2
26320-136,"화명리버빌2차",북구,금곡동,IDENTITY_HIGH,COORD_HIGH,SCORE_AVAILABLE,1.00,84.0,28.1,46.9,63.8,55.7,57.5,58.3,56.1
26320-25,"태평양그린",북구,구포동,IDENTITY_MEDIUM,COORD_HIGH,SCORE_AVAILABLE,1.00,18.7,31.6,60.9,33.4,36.1,34.0,34.9,35.4
26320-35,"금곡6단지주공",북구,금곡동,IDENTITY_HIGH,COORD_HIGH,SCORE_AVAILABLE,1.00,65.7,30.1,81.6,49.5,56.7,55.9,56.1,56.7
26320-85,"승산벽산",북구,덕천동,IDENTITY_HIGH,COORD_HIGH,SCORE_AVAILABLE,1.00,81.8,43.2,69.0,37.6,57.9,58.5,56.0,59.0
26320-1642,"화명2차동원로얄듀크비스타",북구,화명동,IDENTITY_HIGH,COORD_HIGH,SCORE_AVAILABLE,1.00,81.8,48.2,63.3,72.2,66.4,67.3,68.0,66.5
26320-129,"도시화명그린(313)",북구,화명동,IDENTITY_HIGH,COORD_HIGH,SCORE_AVAILABLE,1.00,26.4,19.5,75.7,47.8,42.3,39.9,42.4,41.1
26320-1600,"율리역벽산블루밍1단지",북구,금곡동,IDENTITY_HIGH,COORD_HIGH,SCORE_AVAILABLE,1.00,72.5,31.7,75.4,71.8,62.8,62.7,64.7,62.4
26320-86,"신도",북구,덕천동,IDENTITY_HIGH,COORD_HIGH,SCORE_AVAILABLE,1.00,72.4,70.4,67.5,30.4,60.2,60.4,56.3,61.5
26320-1,"경원골든",북구,구포동,IDENTITY_HIGH,COORD_HIGH,SCORE_AVAILABLE,1.00,20.7,30.0,57.9,35.8,36.1,34.2,35.3,35.4
26320-94,"한성",북구,덕천동,IDENTITY_HIGH,COORD_HIGH,SCORE_AVAILABLE,1.00,70.8,48.7,61.8,41.9,55.8,56.2,54.4,56.5
26320-171,"삼현",북구,구포동,IDENTITY_LOW,COORD_LOW,NOT_ENOUGH_DATA,0.25,,,,18.4,,,,
26320-1482,"성림누리아라",북구,구포동,IDENTITY_HIGH,COORD_HIGH,SCORE_AVAILABLE,1.00,77.1,44.4,72.3,52.1,61.5,61.7,60.9,62.0
26320-12,"벽산그린타운",북구,구포동,IDENTITY_HIGH,COORD_HIGH,SCORE_AVAILABLE,1.00,20.7,24.2,44.4,38.5,32.0,30.8,32.4,31.2
26320-23,"태경",북구,구포동,IDENTITY_HIGH,COORD_HIGH,SCORE_AVAILABLE,1.00,23.9,37.5,69.5,39.1,42.5,40.3,41.1,41.8
26320-51,"화명그린파크맨션",북구,화명동,IDENTITY_HIGH,COORD_HIGH,SCORE_AVAILABLE,1.00,67.6,68.6,67.0,45.4,62.1,62.2,59.9,62.8
26320-1613,"어반빌리지",북구,구포동,IDENTITY_HIGH,COORD_HIGH,SCORE_AVAILABLE,1.00,60.4,65.5,46.4,52.7,56.3,57.0,55.9,56.7
26320-169,"구포오바드빌",북구,구포동,IDENTITY_HIGH,COORD_HIGH,SCORE_AVAILABLE,1.00,54.1,69.3,65.9,44.0,58.3,57.7,56.0,58.7
26320-1543,"레지던스라움",북구,화명동,IDENTITY_HIGH,COORD_HIGH,SCORE_AVAILABLE,1.00,79.3,71.0,50.2,59.8,65.1,66.5,65.0,65.9
26320-1680,"구포봄여름가을겨울아파트",북구,구포동,IDENTITY_HIGH,COORD_HIGH,SCORE_AVAILABLE,1.00,53.8,69.5,55.1,67.3,61.4,61.4,61.9,61.2
26320-112,"동일",북구,만덕동,IDENTITY_HIGH,COORD_HIGH,SCORE_AVAILABLE,1.00,58.2,39.8,71.1,56.7,56.5,55.8,56.6,56.2
26320-95,"한성맨션1동~3동",북구,덕천동,IDENTITY_HIGH,COORD_HIGH,SCORE_AVAILABLE,1.00,74.8,62.0,56.6,32.5,56.5,57.4,53.8,57.8
26320-93,"청우파크맨션",북구,덕천동,IDENTITY_HIGH,COORD_HIGH,SCORE_AVAILABLE,1.00,69.1,63.3,71.7,39.0,60.8,60.6,57.9,61.6
26320-1509,"금정산센트럴포레",북구,만덕동,IDENTITY_HIGH,COORD_HIGH,SCORE_AVAILABLE,1.00,88.4,56.7,60.1,60.7,66.5,67.9,66.7,67.3
26320-1475,"대우이안",북구,금곡동,IDENTITY_HIGH,COORD_HIGH,SCORE_AVAILABLE,1.00,68.3,21.5,36.0,56.4,45.5,47.1,48.3,45.7
26320-5,"구포대우",북구,구포동,IDENTITY_HIGH,COORD_HIGH,SCORE_AVAILABLE,1.00,19.3,36.0,72.1,39.6,41.7,39.1,40.3,40.8
26320-188,"부영벽산파라빌",북구,덕천동,IDENTITY_HIGH,COORD_HIGH,SCORE_AVAILABLE,1.00,88.3,44.6,45.8,55.4,58.5,60.7,59.6,59.5
26320-52,"우신",북구,화명동,IDENTITY_HIGH,COORD_HIGH,SCORE_AVAILABLE,1.00,68.3,57.1,69.4,44.0,59.7,59.7,57.8,60.3
26320-84,"성우아파트",북구,덕천동,IDENTITY_HIGH,COORD_HIGH,SCORE_AVAILABLE,1.00,62.1,76.1,82.1,30.1,62.6,61.6,57.7,63.5
26320-121,"벽산라인훼미리",북구,만덕동,IDENTITY_HIGH,COORD_HIGH,SCORE_AVAILABLE,1.00,81.5,53.7,62.8,47.3,61.3,62.3,60.2,62.3
26320-24,"태평양",북구,구포동,IDENTITY_HIGH,COORD_HIGH,SCORE_AVAILABLE,1.00,26.0,24.2,49.4,39.7,34.8,33.6,35.1,34.2
26320-20,"에이스타운",북구,구포동,IDENTITY_HIGH,COORD_HIGH,SCORE_AVAILABLE,1.00,89.4,61.5,72.1,42.9,66.5,67.4,64.1,67.8
26320-1719,"파크블루9차",북구,구포동,IDENTITY_LOW,COORD_LOW,NOT_ENOUGH_DATA,0.25,,,,80.8,,,,
26320-2228,"포레나부산덕천3차",북구,덕천동,IDENTITY_LOW,COORD_LOW,NOT_ENOUGH_DATA,0.25,,,,94.0,,,,
26320-1741,"아덴펜트하우스",북구,화명동,IDENTITY_LOW,COORD_LOW,NOT_ENOUGH_DATA,0.25,,,,88.0,,,,
26320-1747,"백양디이스트(4단지)",북구,만덕동,IDENTITY_HIGH,COORD_HIGH,SCORE_AVAILABLE,1.00,59.8,57.8,78.2,53.7,62.4,61.4,60.9,62.3
26320-132,"소호(8동)",북구,덕천동,IDENTITY_LOW,COORD_HIGH,SCORE_AVAILABLE,1.00,67.9,64.5,59.4,18.4,52.6,53.0,48.2,54.1
26320-163,"낙원타워",북구,덕천동,IDENTITY_HIGH,COORD_HIGH,SCORE_AVAILABLE,1.00,72.8,76.1,65.1,36.3,62.6,62.9,59.1,63.8
26320-8,"구포동성가든타워",북구,구포동,IDENTITY_HIGH,COORD_HIGH,SCORE_AVAILABLE,1.00,41.7,49.4,74.1,39.9,51.3,49.6,49.1,51.1
26320-140,"부송빌라",북구,구포동,IDENTITY_HIGH,COORD_HIGH,SCORE_AVAILABLE,1.00,91.0,46.0,52.7,36.4,56.5,58.5,55.2,58.1
26320-1676,"지움포유",북구,구포동,IDENTITY_HIGH,COORD_HIGH,SCORE_AVAILABLE,1.00,51.8,71.6,56.9,56.0,59.1,58.8,58.2,59.1
26320-1722,"구포윤창비에이치타운",북구,구포동,IDENTITY_HIGH,COORD_HIGH,SCORE_AVAILABLE,1.00,50.7,70.5,53.9,67.4,60.6,60.4,61.1,60.3
26320-1666,"홍익빌레트",북구,덕천동,IDENTITY_HIGH,COORD_HIGH,SCORE_AVAILABLE,1.00,86.3,75.5,54.5,52.0,67.1,68.7,65.8,68.3
26320-1633,"비룡벨로스텔라",북구,구포동,IDENTITY_HIGH,COORD_HIGH,SCORE_AVAILABLE,1.00,54.4,71.6,55.0,53.8,58.7,58.7,57.8,58.9
26320-1712,"을숙도아침",북구,구포동,IDENTITY_HIGH,COORD_HIGH,SCORE_AVAILABLE,1.00,72.5,56.1,62.9,56.1,61.9,62.4,61.6,62.3
26320-142,"경일",북구,구포동,IDENTITY_HIGH,COORD_HIGH,SCORE_AVAILABLE,1.00,70.5,58.0,58.2,46.9,58.4,59.0,57.3,59.1
26320-14,"벽산그린필드2차",북구,구포동,IDENTITY_HIGH,COORD_HIGH,SCORE_AVAILABLE,1.00,18.4,28.0,56.7,37.0,35.0,33.1,34.5,34.2
26320-1622,"율리역벽산블루밍2단지",북구,금곡동,IDENTITY_HIGH,COORD_HIGH,SCORE_AVAILABLE,1.00,84.7,28.1,54.8,59.1,56.7,58.2,58.4,57.2
26320-10,"백양",북구,구포동,IDENTITY_HIGH,COORD_HIGH,SCORE_AVAILABLE,1.00,24.8,21.6,35.0,35.2,29.2,28.7,29.9,28.7
26320-104,"신촌맥스빌",북구,만덕동,IDENTITY_HIGH,COORD_HIGH,SCORE_AVAILABLE,1.00,82.6,66.1,72.5,27.8,62.3,62.8,58.1,63.9
26320-1749,"동주광명맨션나동",북구,덕천동,IDENTITY_UNRESOLVED,COORD_LOW,NOT_ENOUGH_DATA,0.25,,,,18.4,,,,
26320-141,"대주하이빌",북구,구포동,IDENTITY_UNRESOLVED,COORD_LOW,NOT_ENOUGH_DATA,0.25,,,,49.6,,,,
26320-58,"화명장원맨션",북구,화명동,IDENTITY_HIGH,COORD_HIGH,SCORE_AVAILABLE,1.00,43.8,35.9,69.9,31.1,45.2,43.9,43.0,45.2
26320-1462,"천양리버빌",북구,구포동,IDENTITY_UNRESOLVED,COORD_LOW,NOT_ENOUGH_DATA,0.25,,,,53.2,,,,
26320-1654,"동남뷰",북구,만덕동,IDENTITY_UNRESOLVED,COORD_LOW,NOT_ENOUGH_DATA,0.25,,,,73.8,,,,
26320-83,"삼화",북구,덕천동,IDENTITY_UNRESOLVED,COORD_LOW,NOT_ENOUGH_DATA,0.25,,,,17.6,,,,
26320-92,"진흥",북구,덕천동,IDENTITY_UNRESOLVED,COORD_LOW,NOT_ENOUGH_DATA,0.25,,,,17.6,,,,
26320-108,"덕화",북구,만덕동,IDENTITY_HIGH,COORD_HIGH,SCORE_AVAILABLE,1.00,84.0,46.3,65.6,24.4,55.1,56.0,51.9,56.7
26320-50,"새진흥맨션",북구,화명동,IDENTITY_UNRESOLVED,COORD_LOW,NOT_ENOUGH_DATA,0.25,,,,21.6,,,,
26320-78,"부국3",북구,덕천동,IDENTITY_HIGH,COORD_HIGH,SCORE_AVAILABLE,1.00,80.0,77.1,71.9,25.8,63.7,64.1,58.8,65.4
26320-1479,"해림아파트에이동",북구,화명동,IDENTITY_UNRESOLVED,COORD_LOW,NOT_ENOUGH_DATA,0.25,,,,57.0,,,,
26320-89,"일동파크맨션",북구,덕천동,IDENTITY_HIGH,COORD_HIGH,SCORE_AVAILABLE,1.00,68.8,38.3,25.9,34.9,42.0,44.1,42.3,43.1
26320-75,"무궁화(337-2)",북구,덕천동,IDENTITY_HIGH,COORD_HIGH,SCORE_AVAILABLE,1.00,66.2,67.5,67.9,28.7,57.5,57.5,53.6,58.7
26320-1744,"이음골든브릿지",북구,구포동,IDENTITY_UNRESOLVED,COORD_LOW,NOT_ENOUGH_DATA,0.25,,,,88.0,,,,
26290-39,"일신프리빌리지",남구,용호동,IDENTITY_HIGH,COORD_HIGH,SCORE_AVAILABLE,1.00,25.3,64.4,61.0,52.6,50.8,49.0,49.8,50.0
26290-1936,"문현동태영데시앙",남구,문현동,IDENTITY_HIGH,COORD_HIGH,SCORE_AVAILABLE,1.00,75.9,71.7,60.8,62.3,67.7,68.4,67.3,68.2
26290-1980,"오륙도에스케이뷰",남구,용호동,IDENTITY_HIGH,COORD_HIGH,SCORE_AVAILABLE,1.00,17.9,14.0,54.3,78.4,41.2,39.3,45.6,38.9
26290-61,"뉴서울",남구,우암동,IDENTITY_HIGH,COORD_HIGH,SCORE_AVAILABLE,0.75,,35.4,54.0,49.9,46.4,45.9,47.1,46.0
26290-2749,"대연양우내안애퍼스트",남구,문현동,IDENTITY_HIGH,COORD_HIGH,SCORE_AVAILABLE,1.00,63.1,38.5,45.2,83.1,57.5,58.4,61.6,56.8
26290-2762,"대연삼정그린코아더베스트",남구,대연동,IDENTITY_HIGH,COORD_HIGH,SCORE_AVAILABLE,1.00,31.3,30.8,58.8,76.7,49.4,48.0,52.6,47.8
26290-279,"부산대연동푸르지오",남구,대연동,IDENTITY_HIGH,COORD_HIGH,SCORE_AVAILABLE,1.00,79.0,79.5,49.5,65.5,68.4,69.8,68.5,69.1
26290-2625,"대연롯데캐슬레전드1단지",남구,대연동,IDENTITY_HIGH,COORD_HIGH,SCORE_AVAILABLE,1.00,61.1,53.4,71.8,84.2,67.6,67.1,69.8,66.7
26290-31,"동산그린",남구,용호동,IDENTITY_HIGH,COORD_HIGH,SCORE_AVAILABLE,0.75,,57.0,70.0,34.3,53.8,52.6,49.9,54.4
26320-182,"화목빌라(776-8)",북구,덕천동,IDENTITY_UNRESOLVED,COORD_HIGH,SCORE_AVAILABLE,1.00,67.1,47.5,68.5,49.6,58.2,58.1,57.3,58.5
26320-26,"한창데파트",북구,구포동,IDENTITY_HIGH,COORD_HIGH,SCORE_AVAILABLE,1.00,42.8,49.8,73.3,32.6,49.6,48.1,46.7,49.7
26320-1651,"프라임시티",북구,화명동,IDENTITY_HIGH,COORD_HIGH,SCORE_AVAILABLE,1.00,53.9,49.4,78.8,48.1,57.6,56.3,56.0,57.4
26290-2646,"베스티움",남구,문현동,IDENTITY_HIGH,COORD_HIGH,SCORE_AVAILABLE,1.00,64.6,76.7,53.3,79.2,68.4,69.0,69.8,68.2
26290-2643,"대연자이",남구,대연동,IDENTITY_HIGH,COORD_HIGH,SCORE_AVAILABLE,1.00,38.3,53.8,61.0,81.7,58.7,57.6,61.2,57.3
26290-238,"오륙도 뜨란채",남구,용호동,IDENTITY_HIGH,COORD_HIGH,SCORE_AVAILABLE,1.00,21.7,50.2,81.7,54.4,52.0,49.0,50.8,50.7
26290-12,"삼성",남구,대연동,IDENTITY_HIGH,COORD_HIGH,SCORE_AVAILABLE,1.00,27.0,58.6,57.0,53.6,49.0,47.5,48.6,48.2
26290-3241,"대연푸르지오클라센트1단지",남구,대연동,IDENTITY_HIGH,COORD_HIGH,SCORE_AVAILABLE,1.00,48.0,39.7,33.0,86.1,51.7,52.5,56.7,50.6
26290-45,"용당대광",남구,용당동,IDENTITY_HIGH,COORD_HIGH,SCORE_AVAILABLE,1.00,28.3,24.8,38.5,46.5,34.5,34.0,36.0,33.8
26290-79,"벽산기린",남구,문현동,IDENTITY_HIGH,COORD_HIGH,SCORE_AVAILABLE,1.00,65.7,68.2,55.1,45.5,58.6,59.2,57.0,59.4
26260-2266,"더샵동래",동래구,온천동,IDENTITY_HIGH,COORD_HIGH,SCORE_AVAILABLE,1.00,71.5,78.9,31.0,84.8,66.5,68.6,69.5,66.6
26290-3238,"더비치푸르지오써밋",남구,대연동,IDENTITY_HIGH,COORD_HIGH,SCORE_AVAILABLE,1.00,57.7,76.5,30.9,90.3,63.9,65.2,67.5,63.3
26290-2572,"문현범양레우스",남구,문현동,IDENTITY_HIGH,COORD_HIGH,SCORE_AVAILABLE,1.00,56.5,58.3,54.8,67.7,59.3,59.4,60.4,59.0
26290-2315,"대연힐스테이트푸르지오",남구,대연동,IDENTITY_HIGH,COORD_HIGH,SCORE_AVAILABLE,1.00,63.2,79.9,49.0,81.6,68.4,69.1,70.2,68.2
26290-89,"장백장미타워1",남구,대연동,IDENTITY_HIGH,COORD_HIGH,SCORE_AVAILABLE,1.00,21.8,10.7,40.6,47.4,30.1,29.2,32.3,29.1
26290-2626,"대연롯데캐슬레전드2단지",남구,대연동,IDENTITY_HIGH,COORD_HIGH,SCORE_AVAILABLE,1.00,63.4,50.7,58.6,70.5,60.8,61.0,62.4,60.5
26290-3227,"데시앙해링턴플레이스파크시티",남구,용호동,IDENTITY_HIGH,COORD_HIGH,SCORE_AVAILABLE,1.00,17.5,60.1,69.2,86.3,58.3,55.7,60.5,56.1
26290-2316,"쌍용예가",남구,용호동,IDENTITY_HIGH,COORD_HIGH,SCORE_AVAILABLE,1.00,20.2,62.1,39.0,72.9,48.5,47.6,50.8,47.2
26290-17,"청구",남구,대연동,IDENTITY_HIGH,COORD_HIGH,SCORE_AVAILABLE,1.00,25.0,9.2,18.9,64.6,29.4,29.7,34.5,28.1
26290-58,"하얏트",남구,감만동,IDENTITY_HIGH,COORD_HIGH,SCORE_AVAILABLE,1.00,22.2,42.7,63.3,40.5,42.2,40.1,40.9,41.4
26290-25,"경동",남구,용호동,IDENTITY_HIGH,COORD_HIGH,SCORE_AVAILABLE,1.00,18.3,42.4,81.7,47.2,47.4,44.2,45.9,46.1
26290-2602,"더블유",남구,용호동,IDENTITY_HIGH,COORD_HIGH,SCORE_AVAILABLE,0.75,,56.4,40.6,87.4,61.5,63.0,66.6,60.6
26290-48,"현대아이파크",남구,용당동,IDENTITY_HIGH,COORD_HIGH,SCORE_AVAILABLE,1.00,20.5,6.1,40.3,63.1,32.5,31.5,36.5,30.9
26290-2637,"대연파크푸르지오",남구,대연동,IDENTITY_HIGH,COORD_HIGH,SCORE_AVAILABLE,1.00,25.7,39.5,70.6,81.2,54.2,52.0,56.9,52.3
26290-60,"현대2",남구,감만동,IDENTITY_HIGH,COORD_HIGH,SCORE_AVAILABLE,1.00,27.8,8.9,62.5,50.6,37.5,35.7,38.9,36.2
26290-29,"동보빌라맨션",남구,용호동,IDENTITY_HIGH,COORD_HIGH,SCORE_AVAILABLE,1.00,20.1,56.1,76.6,28.6,45.3,42.5,41.6,44.9
26290-69,"자유1",남구,우암동,IDENTITY_HIGH,COORD_HIGH,SCORE_AVAILABLE,1.00,40.1,43.4,53.3,46.3,45.8,45.1,45.6,45.5
26290-81,"시티프라자",남구,문현동,IDENTITY_HIGH,COORD_HIGH,SCORE_AVAILABLE,1.00,61.0,72.8,39.4,59.4,58.2,59.3,58.5,58.6
26290-259,"동천맨션",남구,문현동,IDENTITY_HIGH,COORD_HIGH,SCORE_AVAILABLE,1.00,87.1,75.6,33.0,19.6,53.8,56.5,50.3,56.2
26290-1949,"문현이안",남구,문현동,IDENTITY_HIGH,COORD_HIGH,SCORE_AVAILABLE,1.00,85.8,76.1,31.5,59.3,63.2,65.9,63.7,64.4
26290-2777,"오션파라곤아파트",남구,문현동,IDENTITY_HIGH,COORD_HIGH,SCORE_AVAILABLE,1.00,28.3,23.0,49.0,53.5,38.4,37.4,40.2,37.4
26290-1885,"경동메르빌",남구,대연동,IDENTITY_HIGH,COORD_HIGH,SCORE_AVAILABLE,1.00,22.4,12.7,45.3,61.8,35.6,34.4,38.8,34.0
26290-274,"우암중앙하이츠아파트",남구,우암동,IDENTITY_HIGH,COORD_HIGH,SCORE_AVAILABLE,1.00,39.4,43.4,49.5,60.9,48.3,47.8,49.7,47.6
26290-1956,"대연동에스케이뷰",남구,대연동,IDENTITY_HIGH,COORD_HIGH,SCORE_AVAILABLE,1.00,45.1,47.1,41.2,67.1,50.1,50.3,52.4,49.5
26290-248,"금호천지맨션",남구,문현동,IDENTITY_LOW,COORD_LOW,NOT_ENOUGH_DATA,0.25,,,,19.2,,,,
26290-2545,"강진융프라우2차",남구,문현동,IDENTITY_LOW,COORD_LOW,NOT_ENOUGH_DATA,0.25,,,,76.0,,,,
26260-176,"삼성타운",동래구,명장동,IDENTITY_HIGH,COORD_HIGH,SCORE_AVAILABLE,1.00,71.9,56.6,66.3,55.5,62.6,62.9,62.0,63.0
26290-1935,"한화꿈에그린",남구,문현동,IDENTITY_HIGH,COORD_HIGH,SCORE_AVAILABLE,1.00,80.2,76.0,31.3,57.4,61.2,63.7,61.6,62.3
26290-14,"삼익그린",남구,대연동,IDENTITY_HIGH,COORD_HIGH,SCORE_AVAILABLE,1.00,23.8,11.2,21.0,62.9,29.7,29.8,34.4,28.4
26290-73,"대림",남구,문현동,IDENTITY_HIGH,COORD_HIGH,SCORE_AVAILABLE,1.00,78.1,41.3,37.9,31.1,47.1,49.1,46.3,48.6
26290-2429,"대연롯데캐슬",남구,대연동,IDENTITY_HIGH,COORD_HIGH,SCORE_AVAILABLE,1.00,55.4,69.8,77.0,76.7,69.7,68.6,70.0,69.0
26290-2712,"문현경동리인아파트",남구,문현동,IDENTITY_HIGH,COORD_HIGH,SCORE_AVAILABLE,1.00,44.0,70.6,39.8,79.9,58.6,58.8,61.1,57.8
26290-3240,"힐스테이트대연센트럴",남구,대연동,IDENTITY_HIGH,COORD_HIGH,SCORE_AVAILABLE,1.00,62.9,61.6,79.3,82.4,71.6,70.7,72.7,70.8
26290-271,"아침햇살",남구,대연동,IDENTITY_HIGH,COORD_HIGH,SCORE_AVAILABLE,1.00,70.2,83.6,31.9,50.5,59.0,60.9,58.3,60.1
26290-33,"동일타운",남구,용호동,IDENTITY_HIGH,COORD_HIGH,SCORE_AVAILABLE,1.00,5.8,55.0,76.0,50.1,46.7,43.2,45.2,45.2
26290-35,"벽산화이트타워",남구,용호동,IDENTITY_HIGH,COORD_HIGH,SCORE_AVAILABLE,1.00,11.7,39.7,79.8,46.5,44.4,41.0,43.1,43.0
26290-20,"현대(1203-47)",남구,대연동,IDENTITY_HIGH,COORD_HIGH,SCORE_AVAILABLE,1.00,57.4,60.7,28.1,53.8,50.0,51.5,50.9,50.4
26290-53,"우암자유4",남구,감만동,IDENTITY_HIGH,COORD_HIGH,SCORE_AVAILABLE,1.00,26.5,39.5,66.6,47.9,45.1,43.1,44.6,44.2
26290-80,"삼성",남구,문현동,IDENTITY_HIGH,COORD_HIGH,SCORE_AVAILABLE,1.00,84.7,75.2,34.8,67.5,65.6,68.1,66.8,66.5
26290-32,"동원",남구,용호동,IDENTITY_HIGH,COORD_HIGH,SCORE_AVAILABLE,1.00,5.8,58.1,73.3,35.5,43.2,39.8,40.2,42.2
26290-93,"엘지메트로시티4-2(230~238)",남구,용호동,IDENTITY_HIGH,COORD_HIGH,SCORE_AVAILABLE,1.00,27.1,65.8,57.7,73.8,56.1,54.6,57.3,54.8
26290-94,"엘지메트로시티4-1(201-214)",남구,용호동,IDENTITY_HIGH,COORD_HIGH,SCORE_AVAILABLE,1.00,27.1,65.8,57.7,73.8,56.1,54.6,57.3,54.8
26290-96,"마로니에타운",남구,대연동,IDENTITY_HIGH,COORD_HIGH,SCORE_AVAILABLE,1.00,89.0,79.1,46.8,50.9,66.4,68.6,65.2,67.9
26290-2499,"대동레미안7",남구,대연동,IDENTITY_HIGH,COORD_HIGH,SCORE_AVAILABLE,1.00,74.4,76.0,47.1,50.8,62.1,63.5,61.0,63.1
26290-88,"문현삼성힐타워",남구,문현동,IDENTITY_HIGH,COORD_HIGH,SCORE_AVAILABLE,1.00,83.9,76.1,43.6,60.2,66.0,68.0,66.0,67.0
26290-2639,"아이홈대연",남구,대연동,IDENTITY_HIGH,COORD_HIGH,SCORE_AVAILABLE,1.00,83.1,68.9,56.8,58.8,66.9,68.2,66.5,67.7
26290-1926,"보람더하임",남구,문현동,IDENTITY_HIGH,COORD_HIGH,SCORE_AVAILABLE,1.00,87.8,75.6,30.0,57.2,62.6,65.5,63.1,64.0
26290-2632,"대연SKVIEWHills",남구,대연동,IDENTITY_HIGH,COORD_HIGH,SCORE_AVAILABLE,1.00,70.4,81.8,64.1,82.0,74.6,74.9,75.5,74.4
26290-27,"도시타워",남구,용호동,IDENTITY_HIGH,COORD_HIGH,SCORE_AVAILABLE,1.00,13.2,56.8,34.6,40.5,36.3,35.2,35.8,35.7
26290-5,"대우그린1",남구,대연동,IDENTITY_HIGH,COORD_HIGH,SCORE_AVAILABLE,1.00,25.1,11.9,25.6,56.3,29.7,29.7,33.5,28.7
26290-68,"일신보라",남구,우암동,IDENTITY_HIGH,COORD_HIGH,SCORE_AVAILABLE,1.00,27.6,34.7,69.0,59.1,47.6,45.5,48.3,46.3
26290-59,"감만현대1차",남구,감만동,IDENTITY_HIGH,COORD_HIGH,SCORE_AVAILABLE,1.00,26.4,12.4,67.8,60.6,41.8,39.7,43.8,40.2
26290-1916,"용호동일신님(林)Ⅱ",남구,용호동,IDENTITY_MEDIUM,COORD_HIGH,SCORE_AVAILABLE,1.00,13.3,58.8,53.8,55.0,45.2,43.2,45.1,44.0
26290-21,"대연극동StarClass",남구,대연동,IDENTITY_HIGH,COORD_HIGH,SCORE_AVAILABLE,1.00,44.7,46.6,64.4,58.5,53.6,52.6,53.9,53.0
26290-258,"성동",남구,문현동,IDENTITY_MEDIUM,COORD_HIGH,SCORE_AVAILABLE,1.00,66.2,67.8,53.1,11.4,49.7,50.3,44.7,51.4
26290-1947,"신대연코오롱하늘채",남구,용당동,IDENTITY_HIGH,COORD_HIGH,SCORE_AVAILABLE,1.00,17.1,29.3,46.4,70.3,40.8,39.3,44.0,39.0
26290-1942,"일동지에닌",남구,대연동,IDENTITY_HIGH,COORD_HIGH,SCORE_AVAILABLE,1.00,75.1,75.6,56.4,56.9,66.0,66.9,65.1,66.7
26290-47,"한신문화타운",남구,용당동,IDENTITY_HIGH,COORD_HIGH,SCORE_AVAILABLE,1.00,30.0,27.3,27.4,46.3,32.8,32.9,34.6,32.3
26290-1959,"GS하이츠자이",남구,용호동,IDENTITY_HIGH,COORD_HIGH,SCORE_AVAILABLE,1.00,28.5,64.2,56.5,76.5,56.4,55.0,58.1,55.1
26290-84,"한양",남구,문현동,IDENTITY_HIGH,COORD_HIGH,SCORE_AVAILABLE,1.00,47.0,56.5,81.1,35.6,55.0,53.3,51.7,55.1
26290-2563,"스카이빌리지2",남구,문현동,IDENTITY_LOW,COORD_LOW,NOT_ENOUGH_DATA,0.25,,,,78.4,,,,
26290-2423,"벽산e-솔렌스힐",남구,대연동,IDENTITY_HIGH,COORD_HIGH,SCORE_AVAILABLE,1.00,70.5,83.3,51.2,63.5,67.1,68.1,66.8,67.7
26290-6,"대우그린2",남구,대연동,IDENTITY_HIGH,COORD_HIGH,SCORE_AVAILABLE,1.00,27.1,12.7,31.9,49.1,30.2,30.0,32.9,29.4
26290-2757,"이안오션파크W",남구,우암동,IDENTITY_HIGH,COORD_HIGH,SCORE_AVAILABLE,1.00,27.8,35.4,48.8,71.4,45.8,44.8,48.8,44.4
26290-15,"신원",남구,대연동,IDENTITY_HIGH,COORD_HIGH,SCORE_AVAILABLE,1.00,15.2,9.2,53.1,55.0,33.1,31.2,35.5,31.5
26290-1946,"롯데캐슬아인스",남구,용호동,IDENTITY_HIGH,COORD_HIGH,SCORE_AVAILABLE,1.00,10.2,54.4,81.5,62.3,52.1,48.5,51.5,50.3
26290-189,"지산로얄(1724-1)",남구,대연동,IDENTITY_LOW,COORD_HIGH,SCORE_AVAILABLE,1.00,47.0,76.7,41.7,47.8,53.3,53.5,52.1,53.6
26290-97,"베르디하우스",남구,대연동,IDENTITY_HIGH,COORD_HIGH,SCORE_AVAILABLE,1.00,87.4,78.8,70.2,45.6,70.5,71.4,67.6,71.8
26290-211,"남산하이빌",남구,대연동,IDENTITY_HIGH,COORD_HIGH,SCORE_AVAILABLE,1.00,81.0,69.5,50.4,39.4,60.1,61.6,58.1,61.5
26290-2209,"더샵월드타워",남구,대연동,IDENTITY_HIGH,COORD_HIGH,SCORE_AVAILABLE,1.00,67.9,68.5,69.0,45.3,62.7,62.6,60.3,63.3
26290-213,"일신",남구,대연동,IDENTITY_HIGH,COORD_LOW,NOT_ENOUGH_DATA,0.25,,,,23.2,,,,
26290-2363,"더샵골드",남구,대연동,IDENTITY_HIGH,COORD_HIGH,SCORE_AVAILABLE,1.00,65.2,75.8,45.0,51.4,59.4,60.4,58.5,60.1
26290-86,"현대",남구,문현동,IDENTITY_HIGH,COORD_HIGH,SCORE_AVAILABLE,1.00,18.2,27.3,46.2,60.9,38.1,36.7,40.6,36.7
26290-1955,"삼한사랑채",남구,문현동,IDENTITY_HIGH,COORD_HIGH,SCORE_AVAILABLE,1.00,70.1,74.1,35.1,50.4,57.4,59.2,57.0,58.4
26290-278,"동원로얄듀크",남구,대연동,IDENTITY_HIGH,COORD_HIGH,SCORE_AVAILABLE,1.00,74.8,69.3,72.1,66.6,70.7,70.9,70.3,70.9
26290-1953,"유창그린2차",남구,감만동,IDENTITY_HIGH,COORD_HIGH,SCORE_AVAILABLE,1.00,26.8,14.6,53.1,61.8,39.1,37.8,41.9,37.6
26290-54,"우암자유5",남구,감만동,IDENTITY_HIGH,COORD_HIGH,SCORE_AVAILABLE,1.00,29.5,38.5,66.2,48.9,45.8,43.9,45.4,44.9
26290-72,"대도라이프타운",남구,문현동,IDENTITY_HIGH,COORD_HIGH,SCORE_AVAILABLE,1.00,54.4,59.6,30.1,42.0,46.5,47.7,46.2,47.2
26290-50,"국제",남구,감만동,IDENTITY_HIGH,COORD_HIGH,SCORE_AVAILABLE,1.00,28.9,44.0,69.5,55.1,49.4,47.3,49.2,48.3
26290-42,"협진태양",남구,용호동,IDENTITY_HIGH,COORD_HIGH,SCORE_AVAILABLE,1.00,13.9,59.3,35.2,44.2,38.2,37.1,37.9,37.5
26290-82,"우성맨션",남구,문현동,IDENTITY_HIGH,COORD_HIGH,SCORE_AVAILABLE,1.00,52.5,30.6,59.0,29.2,42.8,42.5,41.3,43.2
26290-70,"자유2",남구,우암동,IDENTITY_HIGH,COORD_HIGH,SCORE_AVAILABLE,1.00,27.0,35.4,51.8,49.2,40.8,39.6,41.4,40.0
26290-52,"우암자유3",남구,우암동,IDENTITY_HIGH,COORD_HIGH,SCORE_AVAILABLE,1.00,27.4,38.6,59.7,45.7,42.9,41.2,42.5,42.1
26290-26,"대광타워맨션",남구,용호동,IDENTITY_HIGH,COORD_HIGH,SCORE_AVAILABLE,0.75,,55.2,40.6,51.6,49.1,49.7,49.6,49.2
26290-65,"석천",남구,우암동,IDENTITY_HIGH,COORD_HIGH,SCORE_AVAILABLE,1.00,23.0,21.7,79.3,37.3,40.4,37.5,39.0,39.4
26290-74,"대진",남구,문현동,IDENTITY_HIGH,COORD_HIGH,SCORE_AVAILABLE,1.00,77.6,70.2,45.1,27.8,55.2,56.8,52.2,56.9
26290-239,"신선맨션",남구,용당동,IDENTITY_HIGH,COORD_HIGH,SCORE_AVAILABLE,1.00,12.1,12.2,45.3,29.1,24.7,23.0,24.7,23.8
26290-2692,"푸르미르",남구,용호동,IDENTITY_LOW,COORD_LOW,NOT_ENOUGH_DATA,0.25,,,,85.6,,,,
26290-57,"정원",남구,감만동,IDENTITY_HIGH,COORD_HIGH,SCORE_AVAILABLE,1.00,27.3,21.0,51.6,30.9,32.7,31.5,32.2,32.3
26290-1905,"동일스위트",남구,감만동,IDENTITY_HIGH,COORD_HIGH,SCORE_AVAILABLE,1.00,22.2,24.5,54.8,62.4,41.0,39.3,43.2,39.4
26290-3225,"감만우성스마트시티뷰",남구,감만동,IDENTITY_HIGH,COORD_HIGH,SCORE_AVAILABLE,0.75,,22.6,50.1,74.4,49.0,49.0,54.1,47.6
26290-4,"대우",남구,대연동,IDENTITY_HIGH,COORD_HIGH,SCORE_AVAILABLE,1.00,20.2,36.7,44.7,51.2,38.2,37.0,39.2,37.2
26290-3234,"국제금융센터퀸즈W",남구,문현동,IDENTITY_HIGH,COORD_HIGH,SCORE_AVAILABLE,1.00,73.4,62.1,79.3,80.3,73.8,73.5,74.7,73.4
26290-83,"한맥현대",남구,문현동,IDENTITY_HIGH,COORD_HIGH,SCORE_AVAILABLE,1.00,40.1,53.5,53.6,43.5,47.7,47.0,46.7,47.6
26290-46,"용당창조",남구,용당동,IDENTITY_LOW,COORD_HIGH,SCORE_AVAILABLE,1.00,28.7,26.6,39.3,33.4,32.0,31.5,32.0,31.7
26290-19,"한우맨션1동",남구,대연동,IDENTITY_HIGH,COORD_HIGH,SCORE_AVAILABLE,1.00,54.3,56.6,69.4,19.9,50.1,49.3,45.8,51.0
26290-247,"대원맨션",남구,문현동,IDENTITY_HIGH,COORD_HIGH,SCORE_AVAILABLE,1.00,47.9,72.0,37.4,22.4,44.9,45.4,41.7,46.0
26290-41,"현대비치",남구,용호동,IDENTITY_HIGH,COORD_HIGH,SCORE_AVAILABLE,1.00,21.6,65.8,65.9,59.3,53.2,51.0,52.5,52.0
26290-237,"(용호맨션)",남구,용호동,IDENTITY_HIGH,COORD_HIGH,SCORE_AVAILABLE,1.00,22.7,59.5,53.0,22.5,39.4,37.9,36.1,39.5
26290-1939,"세종그랑시아",남구,문현동,IDENTITY_HIGH,COORD_HIGH,SCORE_AVAILABLE,1.00,69.0,74.1,34.5,59.2,59.2,60.9,59.7,59.9
26290-2494,"스카이빌리지",남구,문현동,IDENTITY_HIGH,COORD_HIGH,SCORE_AVAILABLE,1.00,66.7,65.5,71.4,52.4,64.0,63.8,62.4,64.4
26290-67,"우암대진",남구,우암동,IDENTITY_HIGH,COORD_HIGH,SCORE_AVAILABLE,1.00,29.1,37.2,54.9,32.3,38.3,37.1,37.0,38.1
26290-2546,"한울시너스아파트",남구,감만동,IDENTITY_HIGH,COORD_HIGH,SCORE_AVAILABLE,1.00,22.7,31.9,71.4,59.2,46.3,43.8,47.0,44.8
26290-2503,"보해이브아파트",남구,대연동,IDENTITY_HIGH,COORD_HIGH,SCORE_AVAILABLE,1.00,69.2,81.2,59.6,58.6,67.1,67.6,66.0,67.7
26290-9,"마마(1781-66)",남구,대연동,IDENTITY_HIGH,COORD_HIGH,SCORE_AVAILABLE,1.00,63.9,54.2,35.8,39.3,48.3,49.7,47.7,49.2
26290-51,"삼일",남구,감만동,IDENTITY_HIGH,COORD_HIGH,SCORE_AVAILABLE,1.00,22.0,13.5,71.8,33.2,35.1,32.6,34.2,34.2
26290-28,"동방파크",남구,용호동,IDENTITY_HIGH,COORD_HIGH,SCORE_AVAILABLE,1.00,14.6,59.0,52.8,44.2,42.7,40.8,41.5,41.8
26290-134,"주원",남구,대연동,IDENTITY_LOW,COORD_LOW,NOT_ENOUGH_DATA,0.25,,,,31.6,,,,
26290-75,"동양(302)",남구,문현동,IDENTITY_HIGH,COORD_HIGH,SCORE_AVAILABLE,1.00,72.9,59.0,58.1,27.2,54.3,55.0,51.2,55.7
26290-85,"문현해운맨션",남구,문현동,IDENTITY_HIGH,COORD_HIGH,SCORE_AVAILABLE,1.00,35.8,43.3,53.8,35.1,42.0,41.1,40.6,41.9
26290-253,"세영맨션",남구,문현동,IDENTITY_HIGH,COORD_HIGH,SCORE_AVAILABLE,1.00,62.7,71.6,46.2,34.4,53.7,54.6,51.3,54.8
26290-78,"문현파크",남구,문현동,IDENTITY_HIGH,COORD_HIGH,SCORE_AVAILABLE,1.00,40.6,43.1,36.7,30.1,37.6,37.8,36.7,38.0
26290-34,"미주",남구,용호동,IDENTITY_HIGH,COORD_HIGH,SCORE_AVAILABLE,0.75,,64.5,65.7,45.0,58.4,57.9,55.7,58.9
26290-37,"신익타워",남구,용호동,IDENTITY_HIGH,COORD_HIGH,SCORE_AVAILABLE,1.00,13.5,30.8,64.1,40.4,37.2,34.7,36.5,36.1
26290-49,"감만현대3",남구,감만동,IDENTITY_HIGH,COORD_HIGH,SCORE_AVAILABLE,1.00,24.2,12.4,65.2,49.7,37.9,35.8,39.0,36.6
26290-309,"신일맨션",남구,용호동,IDENTITY_HIGH,COORD_HIGH,SCORE_AVAILABLE,1.00,14.8,58.4,44.3,22.1,34.9,33.4,32.0,34.8
26290-77,"문현",남구,문현동,IDENTITY_HIGH,COORD_HIGH,SCORE_AVAILABLE,1.00,71.3,47.4,58.0,28.0,51.2,51.8,48.7,52.4
26290-36,"삼성",남구,용호동,IDENTITY_HIGH,COORD_HIGH,SCORE_AVAILABLE,1.00,13.8,56.2,31.7,37.4,34.8,33.9,34.1,34.3
26290-62,"대승하이아트",남구,우암동,IDENTITY_HIGH,COORD_HIGH,SCORE_AVAILABLE,1.00,45.0,38.4,45.3,50.5,44.8,44.8,45.7,44.6
26290-105,"대연로얄",남구,대연동,IDENTITY_LOW,COORD_LOW,NOT_ENOUGH_DATA,0.25,,,,46.0,,,,
26290-150,"도남하이츠",남구,대연동,IDENTITY_LOW,COORD_HIGH,SCORE_AVAILABLE,1.00,57.1,68.6,41.6,46.0,53.4,54.1,52.4,54.0
26290-197,"삼원그린(1733-10)",남구,대연동,IDENTITY_LOW,COORD_HIGH,SCORE_AVAILABLE,1.00,65.1,78.4,45.5,47.8,59.2,60.2,57.8,60.0
26290-218,"분포맨션",남구,용호동,IDENTITY_LOW,COORD_HIGH,SCORE_AVAILABLE,1.00,24.9,65.1,61.1,16.8,42.0,40.1,37.3,42.2
26290-2261,"디어하임B",남구,대연동,IDENTITY_LOW,COORD_HIGH,SCORE_AVAILABLE,1.00,57.5,52.4,76.8,67.2,63.5,62.5,63.8,63.0
26290-2685,"더샵시티",남구,대연동,IDENTITY_HIGH,COORD_HIGH,SCORE_AVAILABLE,1.00,58.9,68.1,67.5,61.6,64.0,63.6,63.4,63.9
26290-216,"부림1차",남구,대연동,IDENTITY_HIGH,COORD_LOW,NOT_ENOUGH_DATA,0.25,,,,36.4,,,,
26290-313,"태창맨션",남구,용호동,IDENTITY_HIGH,COORD_HIGH,SCORE_AVAILABLE,1.00,22.6,62.6,70.6,21.2,44.3,41.9,39.7,44.2
26290-275,"리버빌",남구,문현동,IDENTITY_HIGH,COORD_HIGH,SCORE_AVAILABLE,1.00,67.3,64.4,62.7,37.4,58.0,58.2,55.4,58.9
26290-2786,"정상리치스",남구,용호동,IDENTITY_HIGH,COORD_HIGH,SCORE_AVAILABLE,1.00,27.9,66.9,60.1,66.6,55.4,53.8,55.7,54.3
26290-265,"한림맨션",남구,감만동,IDENTITY_HIGH,COORD_HIGH,SCORE_AVAILABLE,1.00,28.6,24.8,58.4,23.1,33.7,32.2,31.9,33.6
26290-229,"목련5차",남구,용호동,IDENTITY_HIGH,COORD_HIGH,SCORE_AVAILABLE,1.00,18.6,67.0,56.3,24.4,41.6,39.7,37.9,41.5
26290-2,"대연그린(281-52)",남구,대연동,IDENTITY_HIGH,COORD_HIGH,SCORE_AVAILABLE,1.00,26.4,37.3,51.3,38.3,38.3,37.1,37.7,37.8
26290-71,"광원문현맨션",남구,문현동,IDENTITY_LOW,COORD_LOW,NOT_ENOUGH_DATA,0.25,,,,28.0,,,,
26290-270,"삼화",남구,감만동,IDENTITY_HIGH,COORD_HIGH,SCORE_AVAILABLE,1.00,26.5,11.4,63.4,19.7,30.3,28.4,28.5,30.0
26290-87,"문현2차현대",남구,문현동,IDENTITY_HIGH,COORD_HIGH,SCORE_AVAILABLE,1.00,43.9,27.5,63.1,56.9,47.8,46.9,49.0,47.1
26290-43,"화신골든맨션",남구,용호동,IDENTITY_HIGH,COORD_HIGH,SCORE_AVAILABLE,0.75,,48.2,36.8,38.4,41.1,41.4,40.6,41.4
26290-199,"보람빌라2차",남구,대연동,IDENTITY_LOW,COORD_LOW,NOT_ENOUGH_DATA,0.25,,,,46.0,,,,
26290-1954,"대연동에스케이뷰201동",남구,대연동,IDENTITY_LOW,COORD_LOW,NOT_ENOUGH_DATA,0.25,,,,57.0,,,,
26290-260,"보광맨션",남구,문현동,IDENTITY_HIGH,COORD_HIGH,SCORE_AVAILABLE,1.00,58.9,73.0,41.6,23.7,49.3,50.1,45.9,50.6
26290-64,"상경전원",남구,우암동,IDENTITY_HIGH,COORD_HIGH,SCORE_AVAILABLE,1.00,48.9,32.3,70.2,36.8,47.0,46.0,45.6,47.0
26290-202,"뉴금양타워빌",남구,대연동,IDENTITY_UNRESOLVED,COORD_LOW,NOT_ENOUGH_DATA,0.25,,,,51.4,,,,
26290-160,"대영(967-1)",남구,대연동,IDENTITY_LOW,COORD_HIGH,SCORE_AVAILABLE,1.00,29.3,50.5,72.7,12.0,41.1,38.9,36.2,41.4
26290-192,"광이하이빌B동",남구,대연동,IDENTITY_LOW,COORD_HIGH,SCORE_AVAILABLE,1.00,62.4,76.5,44.5,47.8,57.8,58.7,56.5,58.6
26290-191,"광이하이빌A동",남구,대연동,IDENTITY_LOW,COORD_HIGH,SCORE_AVAILABLE,1.00,52.7,76.8,43.8,47.8,55.3,55.7,54.0,55.7
26290-272,"동경리치타운(1797-8)",남구,대연동,IDENTITY_LOW,COORD_HIGH,SCORE_AVAILABLE,1.00,62.2,53.8,77.6,53.2,61.7,60.9,60.5,61.7
26290-215,"부림(1802-8)",남구,대연동,IDENTITY_LOW,COORD_HIGH,SCORE_AVAILABLE,1.00,57.7,53.7,81.3,49.6,60.6,59.4,58.8,60.5
26290-114,"아침마을에이동",남구,대연동,IDENTITY_LOW,COORD_HIGH,SCORE_AVAILABLE,1.00,41.6,63.4,59.6,49.6,53.5,52.6,52.3,53.3
26290-223,"동림빌라(B)",남구,용호동,IDENTITY_LOW,COORD_HIGH,SCORE_AVAILABLE,0.75,,67.8,60.4,31.6,53.3,52.8,48.9,54.3
26290-135,"대호(877-6)",남구,대연동,IDENTITY_LOW,COORD_HIGH,SCORE_AVAILABLE,1.00,56.5,76.3,37.3,46.0,54.0,55.0,52.9,54.7
26290-227,"목련6차",남구,용호동,IDENTITY_HIGH,COORD_HIGH,SCORE_AVAILABLE,1.00,15.0,61.1,63.1,25.2,41.1,38.7,37.4,40.8
26290-2343,"대성문문현퀸즈더블유101",남구,문현동,IDENTITY_HIGH,COORD_HIGH,SCORE_AVAILABLE,1.00,65.9,70.5,68.8,48.3,63.4,63.3,61.3,63.9
26290-2682,"정상네이처빌5차",남구,용호동,IDENTITY_HIGH,COORD_HIGH,SCORE_AVAILABLE,1.00,25.1,70.1,52.0,57.9,51.3,49.9,50.9,50.5
26290-13,"삼성맨션",남구,대연동,IDENTITY_HIGH,COORD_LOW,NOT_ENOUGH_DATA,0.25,,,,22.1,,,,
26290-2399,"대성문문현2차퀸즈w",남구,문현동,IDENTITY_HIGH,COORD_HIGH,SCORE_AVAILABLE,1.00,71.6,76.4,31.7,49.7,57.4,59.4,56.9,58.5
26290-251,"양산맨션",남구,문현동,IDENTITY_HIGH,COORD_HIGH,SCORE_AVAILABLE,1.00,84.6,52.9,44.8,17.6,50.0,52.0,46.8,52.1
26290-156,"썬그린타워빌",남구,대연동,IDENTITY_HIGH,COORD_HIGH,SCORE_AVAILABLE,1.00,59.3,71.1,29.7,35.5,48.9,50.4,47.4,50.0
26290-2408,"대성문문현3차퀸즈W",남구,문현동,IDENTITY_HIGH,COORD_HIGH,SCORE_AVAILABLE,1.00,76.1,70.8,58.7,51.4,64.3,65.1,62.9,65.1
26290-196,"대륙빌라",남구,대연동,IDENTITY_HIGH,COORD_HIGH,SCORE_AVAILABLE,1.00,64.7,77.9,46.5,24.6,53.4,54.4,49.7,55.0
26290-168,"명성빌리지",남구,대연동,IDENTITY_HIGH,COORD_HIGH,SCORE_AVAILABLE,1.00,68.0,72.5,64.4,36.3,60.3,60.5,57.1,61.3
26290-152,"명성금강",남구,대연동,IDENTITY_HIGH,COORD_HIGH,SCORE_AVAILABLE,1.00,60.8,71.6,36.6,34.2,50.8,52.0,48.8,51.9
26290-63,"동일",남구,우암동,IDENTITY_HIGH,COORD_HIGH,SCORE_AVAILABLE,1.00,29.6,34.7,68.0,44.1,44.1,42.2,43.4,43.3
26290-181,"대동하이츠빌",남구,대연동,IDENTITY_UNRESOLVED,COORD_LOW,NOT_ENOUGH_DATA,0.25,,,,49.6,,,,
26290-208,"송원아트빌",남구,대연동,IDENTITY_UNRESOLVED,COORD_LOW,NOT_ENOUGH_DATA,0.25,,,,47.8,,,,
26290-323,"로얄맨션",남구,용호동,IDENTITY_UNRESOLVED,COORD_LOW,NOT_ENOUGH_DATA,0.25,,,,20.0,,,,
26290-2573,"엘리움",남구,용호동,IDENTITY_UNRESOLVED,COORD_LOW,NOT_ENOUGH_DATA,0.25,,,,78.4,,,,
26290-133,"동경에이스",남구,대연동,IDENTITY_UNRESOLVED,COORD_LOW,NOT_ENOUGH_DATA,0.25,,,,44.2,,,,
26290-2755,"대연백리명가에덴",남구,대연동,IDENTITY_UNRESOLVED,COORD_LOW,NOT_ENOUGH_DATA,0.25,,,,90.0,,,,
26290-30,"동부타워",남구,용호동,IDENTITY_HIGH,COORD_HIGH,SCORE_AVAILABLE,1.00,19.8,36.6,75.4,40.8,43.2,40.4,41.6,42.1
26290-2500,"오름캐슬",남구,대연동,IDENTITY_UNRESOLVED,COORD_LOW,NOT_ENOUGH_DATA,0.25,,,,73.8,,,,
26290-228,"동부맨션",남구,용호동,IDENTITY_UNRESOLVED,COORD_LOW,NOT_ENOUGH_DATA,0.25,,,,24.8,,,,
26290-193,"삼원파크",남구,대연동,IDENTITY_UNRESOLVED,COORD_LOW,NOT_ENOUGH_DATA,0.25,,,,47.8,,,,
26290-184,"대연힐타운",남구,대연동,IDENTITY_UNRESOLVED,COORD_LOW,NOT_ENOUGH_DATA,0.25,,,,38.8,,,,
26290-148,"대성아파트",남구,대연동,IDENTITY_UNRESOLVED,COORD_LOW,NOT_ENOUGH_DATA,0.25,,,,13.6,,,,
26290-164,"부마힐타워",남구,대연동,IDENTITY_UNRESOLVED,COORD_LOW,NOT_ENOUGH_DATA,0.25,,,,49.6,,,,
26290-130,"삼정그린타운",남구,대연동,IDENTITY_UNRESOLVED,COORD_LOW,NOT_ENOUGH_DATA,0.25,,,,51.4,,,,
26290-232,"동림상가타운",남구,용호동,IDENTITY_UNRESOLVED,COORD_LOW,NOT_ENOUGH_DATA,0.25,,,,33.4,,,,
26290-110,"새한빌리지",남구,대연동,IDENTITY_UNRESOLVED,COORD_LOW,NOT_ENOUGH_DATA,0.25,,,,49.6,,,,
26290-7,"동남",남구,대연동,IDENTITY_HIGH,COORD_HIGH,SCORE_AVAILABLE,1.00,24.4,35.9,47.2,38.4,36.5,35.4,36.2,36.0
26290-2522,"린다비스타",남구,대연동,IDENTITY_UNRESOLVED,COORD_LOW,NOT_ENOUGH_DATA,0.25,,,,76.0,,,,
26290-167,"광이골드타워",남구,대연동,IDENTITY_UNRESOLVED,COORD_LOW,NOT_ENOUGH_DATA,0.25,,,,46.0,,,,
26290-318,"가람빌리지",남구,용호동,IDENTITY_UNRESOLVED,COORD_LOW,NOT_ENOUGH_DATA,0.25,,,,29.8,,,,
26290-212,"중앙(1781-80)",남구,대연동,IDENTITY_HIGH,COORD_HIGH,SCORE_AVAILABLE,1.00,62.8,59.6,32.1,26.8,45.3,46.9,43.4,46.7
26290-155,"대왕골든빌리지",남구,대연동,IDENTITY_MEDIUM,COORD_HIGH,SCORE_AVAILABLE,1.00,59.4,71.1,27.4,31.6,47.4,49.0,45.6,48.6
26290-120,"남경힐타운",남구,대연동,IDENTITY_UNRESOLVED,COORD_LOW,NOT_ENOUGH_DATA,0.25,,,,49.6,,,,
26290-326,"동산로즈맨션",남구,용호동,IDENTITY_UNRESOLVED,COORD_LOW,NOT_ENOUGH_DATA,0.25,,,,21.6,,,,
26260-14,"새동래3",동래구,수안동,IDENTITY_HIGH,COORD_HIGH,SCORE_AVAILABLE,1.00,55.6,47.9,50.2,35.8,47.4,47.6,46.0,48.0
26260-61,"동래럭키",동래구,온천동,IDENTITY_HIGH,COORD_HIGH,SCORE_AVAILABLE,1.00,59.7,73.2,68.3,52.7,63.5,63.0,61.7,63.7
26260-1932,"동래퀸즈W",동래구,온천동,IDENTITY_HIGH,COORD_HIGH,SCORE_AVAILABLE,1.00,78.9,72.2,56.9,61.4,67.3,68.4,67.0,68.0
26260-2234,"동래래미안아이파크",동래구,온천동,IDENTITY_HIGH,COORD_HIGH,SCORE_AVAILABLE,1.00,61.6,73.9,67.6,87.6,72.7,72.4,74.4,72.0
26290-194,"장산파크빌",남구,대연동,IDENTITY_UNRESOLVED,COORD_HIGH,SCORE_AVAILABLE,1.00,63.2,81.0,52.2,47.8,61.0,61.6,59.2,61.8
26290-269,"성도맨션",남구,감만동,IDENTITY_UNRESOLVED,COORD_HIGH,SCORE_AVAILABLE,1.00,26.7,10.7,61.8,16.0,28.8,27.1,26.8,28.6
26290-236,"금호천지",남구,용호동,IDENTITY_UNRESOLVED,COORD_HIGH,SCORE_AVAILABLE,1.00,5.8,47.0,70.5,26.4,37.4,34.2,34.2,36.6
26290-2640,"이정팰리스",남구,용호동,IDENTITY_UNRESOLVED,COORD_HIGH,SCORE_AVAILABLE,1.00,25.2,70.1,59.8,83.2,59.6,57.8,61.4,57.9
26290-38,"엘지메트로시티1",남구,용호동,IDENTITY_HIGH,COORD_HIGH,SCORE_AVAILABLE,1.00,27.1,65.8,57.7,72.2,55.7,54.2,56.8,54.4
26290-2724,"엘지메트로시티4-2(215~220동)",남구,용호동,IDENTITY_HIGH,COORD_HIGH,SCORE_AVAILABLE,1.00,27.1,65.8,57.7,73.8,56.1,54.6,57.3,54.8
26260-2127,"충렬지음",동래구,안락동,IDENTITY_HIGH,COORD_HIGH,SCORE_AVAILABLE,1.00,77.8,59.8,64.9,65.1,66.9,67.5,67.2,67.2
26470-1040,"연산동한솔솔파크",연제구,연산동,IDENTITY_HIGH,COORD_HIGH,SCORE_AVAILABLE,1.00,21.9,61.9,58.7,55.3,49.4,47.6,48.9,48.5
26470-278,"삼익퓨쳐타워",연제구,거제동,IDENTITY_HIGH,COORD_HIGH,SCORE_AVAILABLE,1.00,82.4,51.8,47.1,61.0,60.6,62.3,61.7,61.3
26470-1410,"부산더샵시티애비뉴",연제구,연산동,IDENTITY_HIGH,COORD_HIGH,SCORE_AVAILABLE,1.00,82.3,76.6,48.1,71.8,69.7,71.4,70.7,70.3
26470-40,"쌍용",연제구,거제동,IDENTITY_HIGH,COORD_HIGH,SCORE_AVAILABLE,1.00,74.3,69.5,80.5,62.0,71.6,71.2,70.3,71.8
26470-1712,"e편한세상연산더퍼스트",연제구,연산동,IDENTITY_HIGH,COORD_HIGH,SCORE_AVAILABLE,1.00,60.8,78.1,57.5,81.0,69.4,69.5,70.7,69.0
26470-1908,"힐스테이트연산",연제구,연산동,IDENTITY_HIGH,COORD_HIGH,SCORE_AVAILABLE,1.00,40.7,28.9,34.7,85.8,47.5,47.8,52.9,46.1
26470-1920,"연산포레서희스타힐스",연제구,연산동,IDENTITY_HIGH,COORD_HIGH,SCORE_AVAILABLE,1.00,39.2,44.3,71.1,84.3,59.7,58.1,62.4,58.1
26470-1587,"시청역비스타동원",연제구,연산동,IDENTITY_HIGH,COORD_HIGH,SCORE_AVAILABLE,1.00,82.4,78.3,38.2,83.9,70.7,72.9,73.3,71.0
26470-1551,"연제롯데캐슬데시앙",연제구,연산동,IDENTITY_HIGH,COORD_HIGH,SCORE_AVAILABLE,1.00,62.9,71.1,76.0,81.6,72.9,72.3,73.7,72.3
26470-996,"벽산이-메타폴리스",연제구,거제동,IDENTITY_HIGH,COORD_HIGH,SCORE_AVAILABLE,1.00,74.7,55.6,41.9,60.0,58.1,59.7,59.2,58.6
26470-107,"한양(2차)",연제구,연산동,IDENTITY_HIGH,COORD_HIGH,SCORE_AVAILABLE,1.00,31.1,60.4,53.2,35.1,44.9,43.8,42.8,44.9
26470-1017,"온천천쌍용예가",연제구,거제동,IDENTITY_HIGH,COORD_HIGH,SCORE_AVAILABLE,1.00,45.7,53.8,45.0,61.3,51.5,51.5,52.6,51.1
26470-1501,"노블파크",연제구,거제동,IDENTITY_LOW,COORD_LOW,NOT_ENOUGH_DATA,0.25,,,,78.4,,,,
26470-1550,"거제센트럴자이",연제구,거제동,IDENTITY_HIGH,COORD_HIGH,SCORE_AVAILABLE,1.00,60.1,53.3,55.1,79.3,62.0,62.2,64.5,61.4
26470-1763,"쌍용더플래티넘거제아시아드",연제구,거제동,IDENTITY_HIGH,COORD_HIGH,SCORE_AVAILABLE,1.00,47.6,58.3,20.0,82.5,52.1,53.5,56.4,51.5
26470-251,"유림아시아드타워",연제구,거제동,IDENTITY_HIGH,COORD_HIGH,SCORE_AVAILABLE,1.00,70.3,37.8,43.4,57.6,52.3,53.6,54.0,52.6
26470-1914,"연제SKVIEWCentral",연제구,연산동,IDENTITY_HIGH,COORD_HIGH,SCORE_AVAILABLE,1.00,74.7,78.0,60.5,80.8,73.5,74.2,74.6,73.5
26470-1552,"연산더샵",연제구,연산동,IDENTITY_HIGH,COORD_HIGH,SCORE_AVAILABLE,1.00,63.2,66.3,52.5,81.7,65.9,66.4,68.1,65.5
26260-282,"현대그랜드빌라",동래구,온천동,IDENTITY_HIGH,COORD_HIGH,SCORE_AVAILABLE,1.00,60.8,64.9,53.6,25.4,51.2,51.5,47.8,52.3
26470-1481,"연산동일동미라주더스타",연제구,연산동,IDENTITY_HIGH,COORD_HIGH,SCORE_AVAILABLE,1.00,40.4,60.4,73.3,76.1,62.6,60.9,63.5,61.4
26470-242,"건용베르빌",연제구,연산동,IDENTITY_UNRESOLVED,COORD_LOW,NOT_ENOUGH_DATA,0.25,,,,47.8,,,,
26470-1005,"연산동현대홈타운",연제구,연산동,IDENTITY_HIGH,COORD_HIGH,SCORE_AVAILABLE,1.00,41.6,32.8,31.7,60.7,41.7,42.2,44.6,41.1
26470-1383,"더샵파크시티",연제구,연산동,IDENTITY_HIGH,COORD_HIGH,SCORE_AVAILABLE,1.00,33.8,56.6,55.6,81.5,56.9,55.8,59.4,55.4
26470-63,"동양(706-2)",연제구,연산동,IDENTITY_LOW,COORD_HIGH,SCORE_AVAILABLE,1.00,71.3,81.4,70.1,17.6,60.1,60.2,54.3,61.8
26470-1296,"연산경동메르빌",연제구,연산동,IDENTITY_HIGH,COORD_HIGH,SCORE_AVAILABLE,1.00,64.0,64.3,54.2,72.7,63.8,64.3,65.2,63.7
26470-1438,"태광리치뷰",연제구,거제동,IDENTITY_HIGH,COORD_HIGH,SCORE_AVAILABLE,1.00,82.5,66.3,45.4,53.1,61.8,63.7,61.5,62.9
26470-1447,"성일이안시티",연제구,연산동,IDENTITY_HIGH,COORD_HIGH,SCORE_AVAILABLE,1.00,73.4,74.9,41.4,61.7,62.8,64.4,63.2,63.5
26470-1545,"어반힐즈",연제구,연산동,IDENTITY_HIGH,COORD_HIGH,SCORE_AVAILABLE,1.00,89.1,69.3,77.5,59.5,73.9,74.4,72.5,74.7
26260-1472,"명륜동SK-VIEW",동래구,명륜동,IDENTITY_HIGH,COORD_HIGH,SCORE_AVAILABLE,1.00,53.1,67.6,38.6,60.8,55.0,55.8,55.8,55.1
26470-170,"청마",연제구,연산동,IDENTITY_HIGH,COORD_HIGH,SCORE_AVAILABLE,1.00,19.6,43.5,74.1,19.2,39.1,36.4,35.1,38.8
26470-279,"우성로얄",연제구,거제동,IDENTITY_HIGH,COORD_HIGH,SCORE_AVAILABLE,1.00,78.5,48.4,74.2,17.4,54.6,54.8,50.2,56.2
26470-1484,"웰메이드홈",연제구,연산동,IDENTITY_HIGH,COORD_HIGH,SCORE_AVAILABLE,1.00,62.1,65.1,69.3,59.6,64.0,63.7,63.2,64.0
26470-20,"부원",연제구,거제동,IDENTITY_HIGH,COORD_HIGH,SCORE_AVAILABLE,1.00,83.8,54.9,32.8,26.3,49.4,52.0,47.7,51.4
26470-1084,"아시아드푸르지오",연제구,거제동,IDENTITY_HIGH,COORD_HIGH,SCORE_AVAILABLE,1.00,79.4,57.4,26.5,72.1,58.8,61.5,61.9,59.4
26470-1460,"센텀리버SKVIEW",연제구,연산동,IDENTITY_HIGH,COORD_HIGH,SCORE_AVAILABLE,1.00,43.6,49.2,68.9,76.7,59.6,58.3,61.4,58.4
26470-26,"유림아시아드",연제구,거제동,IDENTITY_HIGH,COORD_HIGH,SCORE_AVAILABLE,1.00,54.3,55.2,79.0,69.8,64.6,63.4,64.9,63.9
26470-1032,"거제유림노르웨이숲",연제구,거제동,IDENTITY_HIGH,COORD_HIGH,SCORE_AVAILABLE,1.00,77.4,70.3,52.7,63.2,65.9,67.1,66.1,66.5
26470-41,"거제2차현대홈타운",연제구,거제동,IDENTITY_HIGH,COORD_HIGH,SCORE_AVAILABLE,1.00,77.7,70.6,76.1,66.8,72.8,72.9,72.2,73.1
26470-25,"우성",연제구,거제동,IDENTITY_HIGH,COORD_HIGH,SCORE_AVAILABLE,1.00,40.3,54.6,64.9,45.2,51.3,50.0,49.8,51.0
26470-1538,"시청역SKVIEW",연제구,연산동,IDENTITY_HIGH,COORD_HIGH,SCORE_AVAILABLE,1.00,61.7,77.2,62.3,76.5,69.4,69.4,70.1,69.1
26470-112,"현대(983-9)",연제구,연산동,IDENTITY_HIGH,COORD_HIGH,SCORE_AVAILABLE,1.00,10.8,29.3,73.3,54.5,41.9,38.8,42.3,40.2
26470-3048,"레이카운티(2단지)",연제구,거제동,IDENTITY_HIGH,COORD_HIGH,SCORE_AVAILABLE,1.00,78.9,60.3,66.6,89.8,73.9,74.5,76.5,73.5
26470-4,"거제동롯데캐슬",연제구,거제동,IDENTITY_HIGH,COORD_HIGH,SCORE_AVAILABLE,1.00,54.5,53.7,55.9,60.2,56.1,56.0,56.6,55.9
26470-86,"연산엘지",연제구,연산동,IDENTITY_HIGH,COORD_HIGH,SCORE_AVAILABLE,1.00,27.0,62.0,60.3,66.7,54.0,52.3,54.6,52.8
26470-1066,"연산자이",연제구,연산동,IDENTITY_HIGH,COORD_HIGH,SCORE_AVAILABLE,1.00,31.1,54.6,59.8,78.8,56.1,54.6,58.2,54.6
26470-1258,"온천천2차동원로얄듀크",연제구,거제동,IDENTITY_HIGH,COORD_HIGH,SCORE_AVAILABLE,1.00,41.4,52.6,54.2,57.7,51.5,50.8,51.9,51.0
26470-1374,"부산센텀푸르지오",연제구,연산동,IDENTITY_HIGH,COORD_HIGH,SCORE_AVAILABLE,1.00,36.9,47.6,71.1,73.7,57.4,55.6,58.8,56.0
26470-16,"동원타워",연제구,거제동,IDENTITY_HIGH,COORD_HIGH,SCORE_AVAILABLE,1.00,63.9,61.2,36.8,53.0,53.7,55.1,54.1,54.3
26470-9,"대우",연제구,거제동,IDENTITY_HIGH,COORD_HIGH,SCORE_AVAILABLE,1.00,62.9,55.9,32.5,46.2,49.4,50.9,49.6,50.1
26470-1013,"동원베네스트",연제구,연산동,IDENTITY_HIGH,COORD_HIGH,SCORE_AVAILABLE,1.00,33.7,55.2,53.4,53.8,49.0,48.0,49.0,48.4
26470-1014,"에스케이뷰",연제구,연산동,IDENTITY_LOW,COORD_HIGH,SCORE_AVAILABLE,1.00,68.2,81.4,44.3,55.0,62.2,63.4,61.4,63.0
26470-1490,"월드파크4",연제구,연산동,IDENTITY_HIGH,COORD_HIGH,SCORE_AVAILABLE,1.00,38.0,54.3,66.5,63.2,55.5,54.1,55.8,54.6
26470-1503,"엘리시움",연제구,연산동,IDENTITY_HIGH,COORD_HIGH,SCORE_AVAILABLE,1.00,74.6,81.7,42.5,53.6,63.1,64.7,62.2,64.1
26470-1521,"태영아너스",연제구,연산동,IDENTITY_HIGH,COORD_HIGH,SCORE_AVAILABLE,1.00,71.4,50.7,61.0,56.6,59.9,60.4,60.0,60.3
26470-156,"청마마이우스",연제구,거제동,IDENTITY_HIGH,COORD_HIGH,SCORE_AVAILABLE,1.00,74.3,50.6,43.6,51.7,55.0,56.6,55.5,55.8
26470-180,"영일아트빌",연제구,연산동,IDENTITY_HIGH,COORD_HIGH,SCORE_AVAILABLE,1.00,26.5,63.3,71.1,33.4,48.6,46.3,45.2,48.3
26470-199,"삼원",연제구,연산동,IDENTITY_HIGH,COORD_HIGH,SCORE_AVAILABLE,1.00,57.7,80.9,43.2,23.2,51.2,52.0,47.4,52.7
26260-183,"명장일양타운",동래구,명장동,IDENTITY_HIGH,COORD_HIGH,SCORE_AVAILABLE,1.00,44.4,42.8,83.1,40.0,52.5,50.6,50.2,52.3
26470-1027,"센텀수영강푸르지오",연제구,연산동,IDENTITY_HIGH,COORD_HIGH,SCORE_AVAILABLE,1.00,32.7,58.5,75.0,63.5,57.4,55.3,57.1,56.3
26470-77,"연산삼성타워맨션",연제구,연산동,IDENTITY_HIGH,COORD_HIGH,SCORE_AVAILABLE,1.00,56.9,54.5,74.3,38.2,55.9,55.1,53.3,56.3
26470-81,"선경",연제구,연산동,IDENTITY_HIGH,COORD_HIGH,SCORE_AVAILABLE,1.00,37.9,58.3,52.7,56.4,51.3,50.6,51.4,50.8
26470-1000,"거제동월드메르디앙",연제구,거제동,IDENTITY_HIGH,COORD_HIGH,SCORE_AVAILABLE,1.00,64.4,54.9,40.5,73.2,58.3,59.4,60.8,58.1
26470-105,"한성기린",연제구,연산동,IDENTITY_HIGH,COORD_HIGH,SCORE_AVAILABLE,1.00,46.5,76.9,66.2,52.1,60.4,59.5,58.5,60.4
26470-1476,"브라운스톤연제2단지",연제구,연산동,IDENTITY_HIGH,COORD_HIGH,SCORE_AVAILABLE,1.00,58.4,69.4,51.9,66.8,61.6,61.9,62.2,61.5
26470-96,"주공",연제구,연산동,IDENTITY_HIGH,COORD_HIGH,SCORE_AVAILABLE,1.00,22.9,58.8,55.0,48.8,46.4,44.8,45.6,45.6
26470-10,"대우그린",연제구,거제동,IDENTITY_HIGH,COORD_HIGH,SCORE_AVAILABLE,1.00,47.9,38.5,29.4,45.0,40.2,41.1,41.3,40.4
26470-42,"경남",연제구,연산동,IDENTITY_HIGH,COORD_HIGH,SCORE_AVAILABLE,1.00,31.7,64.7,69.1,49.1,53.7,51.8,51.9,53.1
26470-1507,"아이유파크(IU-PARK)",연제구,연산동,IDENTITY_HIGH,COORD_HIGH,SCORE_AVAILABLE,1.00,60.2,61.8,53.3,66.4,60.4,60.8,61.3,60.3
26470-56,"동덕현대",연제구,연산동,IDENTITY_HIGH,COORD_HIGH,SCORE_AVAILABLE,1.00,57.4,50.7,70.4,53.8,58.1,57.4,57.4,58.0
26470-106,"한양(1차)",연제구,연산동,IDENTITY_HIGH,COORD_HIGH,SCORE_AVAILABLE,1.00,34.5,61.2,55.8,45.2,49.2,48.1,47.8,48.9
26260-2095,"동백그린숲",동래구,온천동,IDENTITY_HIGH,COORD_HIGH,SCORE_AVAILABLE,1.00,64.0,76.2,39.6,58.3,59.5,60.7,59.6,60.1
26470-999,"거제동2차동원로얄듀크",연제구,거제동,IDENTITY_HIGH,COORD_HIGH,SCORE_AVAILABLE,1.00,41.4,50.9,62.4,61.2,54.0,52.9,54.4,53.3
26470-22,"거제아시아드삼정그린코아",연제구,거제동,IDENTITY_HIGH,COORD_HIGH,SCORE_AVAILABLE,1.00,53.0,48.5,41.9,58.3,50.4,51.0,51.7,50.3
26470-1535,"시청스마트더블유",연제구,연산동,IDENTITY_HIGH,COORD_HIGH,SCORE_AVAILABLE,1.00,69.2,64.9,59.2,67.6,65.2,65.7,65.8,65.3
26470-250,"거제동3차동원로얄듀크",연제구,거제동,IDENTITY_HIGH,COORD_HIGH,SCORE_AVAILABLE,1.00,61.7,62.3,78.3,47.2,62.4,61.5,60.1,62.6
26470-51,"대우",연제구,연산동,IDENTITY_HIGH,COORD_HIGH,SCORE_AVAILABLE,1.00,21.5,54.0,52.5,55.5,45.9,44.4,46.1,44.9
26470-1385,"드리머스",연제구,연산동,IDENTITY_HIGH,COORD_HIGH,SCORE_AVAILABLE,1.00,56.7,83.6,83.1,53.8,69.3,68.0,66.4,69.4
26470-1454,"시청역퀸즈W",연제구,연산동,IDENTITY_HIGH,COORD_HIGH,SCORE_AVAILABLE,1.00,63.5,71.2,38.1,65.8,59.7,60.9,60.8,59.9
26470-1536,"시청역더리체",연제구,연산동,IDENTITY_HIGH,COORD_HIGH,SCORE_AVAILABLE,1.00,49.3,79.0,62.7,59.8,62.7,62.0,61.6,62.5
26470-1542,"연산역이즈",연제구,연산동,IDENTITY_HIGH,COORD_HIGH,SCORE_AVAILABLE,1.00,61.0,80.9,66.5,64.1,68.1,67.9,67.2,68.2
26470-1573,"연산스카이힐",연제구,연산동,IDENTITY_HIGH,COORD_HIGH,SCORE_AVAILABLE,1.00,65.6,79.2,47.9,54.6,61.8,62.7,60.9,62.4
26470-200,"해운하이츠",연제구,연산동,IDENTITY_HIGH,COORD_HIGH,SCORE_AVAILABLE,1.00,52.5,53.4,60.9,23.5,47.6,47.2,44.2,48.4
26470-5,"경남",연제구,거제동,IDENTITY_HIGH,COORD_HIGH,SCORE_AVAILABLE,1.00,76.2,63.1,42.8,43.4,56.4,58.0,55.4,57.5
26470-46,"금호천지",연제구,연산동,IDENTITY_HIGH,COORD_HIGH,SCORE_AVAILABLE,1.00,69.0,50.7,65.0,24.2,52.2,52.4,48.9,53.4
26470-1508,"브라운스톤연제1단지",연제구,연산동,IDENTITY_HIGH,COORD_HIGH,SCORE_AVAILABLE,1.00,71.6,76.6,40.1,69.8,64.5,66.1,65.7,64.9
26470-1345,"일동미라주리버",연제구,거제동,IDENTITY_HIGH,COORD_HIGH,SCORE_AVAILABLE,1.00,54.3,52.6,35.6,65.0,51.9,52.8,54.0,51.7
26470-66,"로얄",연제구,연산동,IDENTITY_HIGH,COORD_HIGH,SCORE_AVAILABLE,1.00,35.6,79.5,62.8,22.9,50.2,48.8,45.4,50.7
26470-80,"서전기아타운",연제구,연산동,IDENTITY_MEDIUM,COORD_HIGH,SCORE_AVAILABLE,1.00,57.8,55.9,62.3,33.4,52.3,52.1,49.8,53.0
26470-8,"다뉴브",연제구,거제동,IDENTITY_MEDIUM,COORD_HIGH,SCORE_AVAILABLE,1.00,77.8,66.4,61.9,31.6,59.4,60.2,56.1,60.8
26470-1442,"시청역이즈팰리스1차",연제구,연산동,IDENTITY_HIGH,COORD_HIGH,SCORE_AVAILABLE,1.00,58.8,78.4,67.5,61.7,66.6,66.2,65.5,66.6
26470-115,"효성",연제구,연산동,IDENTITY_MEDIUM,COORD_HIGH,SCORE_AVAILABLE,1.00,63.3,74.3,57.0,17.6,53.1,53.4,48.3,54.6
26470-69,"반도보라",연제구,연산동,IDENTITY_HIGH,COORD_HIGH,SCORE_AVAILABLE,1.00,81.1,83.6,50.8,56.0,67.9,69.4,66.8,69.0
26470-33,"현대타운",연제구,거제동,IDENTITY_HIGH,COORD_HIGH,SCORE_AVAILABLE,1.00,69.8,61.2,44.6,49.0,56.1,57.4,55.8,56.9
26470-38,"화인상아",연제구,거제동,IDENTITY_HIGH,COORD_HIGH,SCORE_AVAILABLE,1.00,63.2,57.4,29.6,27.7,44.5,46.1,42.9,45.8
26470-43,"경동",연제구,연산동,IDENTITY_HIGH,COORD_HIGH,SCORE_AVAILABLE,1.00,37.6,50.9,78.3,49.7,54.1,52.1,52.6,53.5
26470-1469,"성우로하스캐슬",연제구,연산동,IDENTITY_LOW,COORD_LOW,NOT_ENOUGH_DATA,0.25,,,,78.4,,,,
26470-1466,"연산지음",연제구,연산동,IDENTITY_LOW,COORD_LOW,NOT_ENOUGH_DATA,0.25,,,,78.4,,,,
26470-111,"한양타워",연제구,연산동,IDENTITY_HIGH,COORD_HIGH,SCORE_AVAILABLE,1.00,37.9,46.7,73.3,47.4,51.3,49.5,50.0,50.7
26470-108,"한양(3차)",연제구,연산동,IDENTITY_HIGH,COORD_HIGH,SCORE_AVAILABLE,1.00,35.4,62.2,50.1,38.1,46.5,45.7,44.7,46.5
26470-1039,"연산맨션(325-7)",연제구,연산동,IDENTITY_LOW,COORD_HIGH,SCORE_AVAILABLE,1.00,49.3,65.1,68.8,15.2,49.6,48.6,44.4,50.6
26470-1456,"부산더샵시티애비뉴2차",연제구,연산동,IDENTITY_HIGH,COORD_HIGH,SCORE_AVAILABLE,1.00,74.3,74.7,46.9,71.8,66.9,68.3,68.0,67.3
26470-110,"한양(5차)",연제구,연산동,IDENTITY_HIGH,COORD_HIGH,SCORE_AVAILABLE,1.00,36.9,60.4,51.4,43.0,47.9,47.2,46.6,47.8
26470-120,"협성센트로",연제구,연산동,IDENTITY_HIGH,COORD_HIGH,SCORE_AVAILABLE,1.00,57.1,74.6,55.8,43.4,57.7,57.8,55.6,58.3
26470-1415,"마이네하임",연제구,연산동,IDENTITY_HIGH,COORD_HIGH,SCORE_AVAILABLE,1.00,39.2,63.3,74.0,63.4,60.0,58.2,59.5,59.1
26470-1448,"연산역휴그린",연제구,연산동,IDENTITY_HIGH,COORD_HIGH,SCORE_AVAILABLE,1.00,56.6,83.5,76.8,52.8,67.4,66.4,64.7,67.6
26470-1453,"연산아이브",연제구,연산동,IDENTITY_HIGH,COORD_HIGH,SCORE_AVAILABLE,1.00,57.8,77.9,56.8,52.2,61.2,61.2,59.6,61.5
26470-1471,"거제센텀",연제구,거제동,IDENTITY_HIGH,COORD_HIGH,SCORE_AVAILABLE,1.00,71.8,66.4,62.1,55.8,64.0,64.5,63.2,64.5
26470-1537,"배산프라임타워",연제구,연산동,IDENTITY_HIGH,COORD_HIGH,SCORE_AVAILABLE,1.00,89.1,49.3,52.5,55.6,61.6,63.5,62.1,62.6
26470-1564,"더라임시티뷰",연제구,연산동,IDENTITY_HIGH,COORD_HIGH,SCORE_AVAILABLE,1.00,59.1,81.1,72.6,63.6,69.1,68.4,67.8,69.1
26470-212,"전원에스빌",연제구,연산동,IDENTITY_HIGH,COORD_HIGH,SCORE_AVAILABLE,1.00,60.8,81.8,84.4,36.8,65.9,64.8,61.3,66.6
26470-223,"해오름아트빌",연제구,연산동,IDENTITY_HIGH,COORD_HIGH,SCORE_AVAILABLE,1.00,53.9,83.5,83.5,40.7,65.4,63.9,61.1,65.8
26470-292,"동우",연제구,연산동,IDENTITY_HIGH,COORD_HIGH,SCORE_AVAILABLE,1.00,54.6,54.1,72.2,23.2,51.0,50.1,47.0,51.8
26470-87,"연산재건",연제구,연산동,IDENTITY_HIGH,COORD_HIGH,SCORE_AVAILABLE,1.00,60.4,73.3,65.9,31.8,57.9,57.6,54.1,58.8
26470-12,"동래화신타운",연제구,거제동,IDENTITY_HIGH,COORD_HIGH,SCORE_AVAILABLE,1.00,47.2,48.7,55.2,40.3,47.8,47.4,46.7,48.0
26470-1037,"월드마크아시아드",연제구,거제동,IDENTITY_HIGH,COORD_HIGH,SCORE_AVAILABLE,1.00,84.5,65.0,80.3,67.3,74.3,74.5,73.8,74.7
26470-98,"진일",연제구,연산동,IDENTITY_HIGH,COORD_HIGH,SCORE_AVAILABLE,1.00,20.2,46.7,78.3,32.1,44.3,41.4,41.3,43.6
26470-3046,"시청역삼정그린코아포레스트",연제구,연산동,IDENTITY_HIGH,COORD_HIGH,SCORE_AVAILABLE,1.00,67.6,78.4,37.7,73.6,64.3,65.8,65.9,64.5
26470-78,"삼익",연제구,연산동,IDENTITY_HIGH,COORD_HIGH,SCORE_AVAILABLE,1.00,65.4,67.7,41.3,39.3,53.4,54.6,51.9,54.5
26470-49,"남일",연제구,연산동,IDENTITY_HIGH,COORD_HIGH,SCORE_AVAILABLE,1.00,59.3,70.7,33.2,30.1,48.3,49.6,46.1,49.6
26470-228,"전원금강빌",연제구,연산동,IDENTITY_LOW,COORD_HIGH,SCORE_AVAILABLE,1.00,56.5,83.1,81.1,47.8,67.1,65.9,63.7,67.4
26470-101,"청마파크",연제구,연산동,IDENTITY_HIGH,COORD_HIGH,SCORE_AVAILABLE,1.00,28.9,54.4,81.3,30.7,48.8,46.2,45.1,48.5
26470-1036,"한일유앤아이",연제구,거제동,IDENTITY_HIGH,COORD_HIGH,SCORE_AVAILABLE,1.00,79.8,64.5,39.4,61.8,61.4,63.4,62.4,62.2
26470-35,"화랑",연제구,거제동,IDENTITY_HIGH,COORD_HIGH,SCORE_AVAILABLE,1.00,62.2,54.5,30.6,31.6,44.7,46.3,43.6,45.9
26470-91,"오양",연제구,연산동,IDENTITY_HIGH,COORD_HIGH,SCORE_AVAILABLE,1.00,59.4,49.2,67.7,28.8,51.3,50.8,48.3,52.0
26470-62,"동서타워",연제구,연산동,IDENTITY_HIGH,COORD_HIGH,SCORE_AVAILABLE,1.00,67.4,56.0,60.3,33.8,54.3,54.7,51.9,55.3
26470-173,"부림(408-14)",연제구,연산동,IDENTITY_LOW,COORD_HIGH,SCORE_AVAILABLE,1.00,20.8,59.2,82.6,17.6,45.0,41.9,39.7,44.9
26470-997,"희망센트럴뷰",연제구,거제동,IDENTITY_LOW,COORD_LOW,NOT_ENOUGH_DATA,0.25,,,,53.2,,,,
26470-113,"현대(481-3)",연제구,연산동,IDENTITY_LOW,COORD_HIGH,SCORE_AVAILABLE,0.75,,65.7,54.4,37.0,52.4,52.2,49.3,53.2
26470-1402,"킴스힐타워",연제구,연산동,IDENTITY_HIGH,COORD_HIGH,SCORE_AVAILABLE,1.00,58.4,80.8,65.7,54.6,64.9,64.5,63.0,65.1
26470-1495,"루미랑스",연제구,연산동,IDENTITY_HIGH,COORD_HIGH,SCORE_AVAILABLE,1.00,72.3,59.0,46.1,56.7,58.5,59.8,58.9,59.1
26470-150,"수강드림빌라드",연제구,연산동,IDENTITY_HIGH,COORD_HIGH,SCORE_AVAILABLE,1.00,44.9,80.3,72.4,36.9,58.6,57.3,54.7,58.9
26470-183,"석탑빌",연제구,연산동,IDENTITY_HIGH,COORD_HIGH,SCORE_AVAILABLE,1.00,22.2,66.4,52.0,35.3,44.0,42.5,41.6,43.8
26470-205,"우일빌라",연제구,연산동,IDENTITY_HIGH,COORD_HIGH,SCORE_AVAILABLE,1.00,55.0,76.4,63.1,32.9,56.8,56.4,53.2,57.6
26470-231,"희망센트럴뷰",연제구,연산동,IDENTITY_HIGH,COORD_HIGH,SCORE_AVAILABLE,1.00,72.8,78.0,59.8,44.4,63.7,64.4,61.3,64.8
26470-234,"로얄센트로빌",연제구,연산동,IDENTITY_HIGH,COORD_HIGH,SCORE_AVAILABLE,1.00,49.3,81.3,80.8,36.4,62.0,60.4,57.5,62.3
26470-74,"산호",연제구,연산동,IDENTITY_HIGH,COORD_HIGH,SCORE_AVAILABLE,1.00,44.0,71.1,60.6,22.3,49.5,48.7,45.1,50.3
26260-2439,"사직하늘채리센티아",동래구,사직동,IDENTITY_HIGH,COORD_HIGH,SCORE_AVAILABLE,1.00,54.6,64.2,76.5,84.3,69.9,68.8,71.3,68.9
26260-1504,"삼환나우빌",동래구,사직동,IDENTITY_HIGH,COORD_HIGH,SCORE_AVAILABLE,1.00,39.5,57.6,74.9,67.8,60.0,58.2,60.1,58.9
26260-1820,"명륜아이파크1단지",동래구,명륜동,IDENTITY_HIGH,COORD_HIGH,SCORE_AVAILABLE,1.00,50.2,62.8,71.3,79.4,65.9,64.9,67.1,64.9
26260-142,"한신",동래구,사직동,IDENTITY_HIGH,COORD_HIGH,SCORE_AVAILABLE,1.00,17.2,38.5,81.0,60.6,49.3,46.1,49.4,47.6
26260-1512,"동래센트럴파크하이츠2차",동래구,명륜동,IDENTITY_HIGH,COORD_HIGH,SCORE_AVAILABLE,1.00,46.6,42.6,48.5,75.2,53.2,53.1,56.2,52.3
26260-72,"스파맨션",동래구,온천동,IDENTITY_HIGH,COORD_HIGH,SCORE_AVAILABLE,1.00,73.4,84.9,20.6,28.1,51.7,54.4,49.3,53.7
26260-2178,"e편한세상동래아시아드",동래구,온천동,IDENTITY_HIGH,COORD_HIGH,SCORE_AVAILABLE,1.00,66.8,75.5,70.3,76.3,72.2,72.1,72.6,72.0
26260-55,"동래대우",동래구,온천동,IDENTITY_HIGH,COORD_HIGH,SCORE_AVAILABLE,1.00,80.1,81.4,64.9,59.2,71.4,72.2,70.0,72.2
26470-53,"대진그린타워",연제구,연산동,IDENTITY_HIGH,COORD_HIGH,SCORE_AVAILABLE,1.00,51.1,49.8,60.6,41.6,50.8,50.3,49.4,51.0
26470-18,"대호",연제구,거제동,IDENTITY_HIGH,COORD_HIGH,SCORE_AVAILABLE,1.00,44.7,51.7,46.8,41.1,46.1,46.0,45.3,46.2
26470-73,"부전타워",연제구,연산동,IDENTITY_HIGH,COORD_HIGH,SCORE_AVAILABLE,1.00,24.0,60.3,52.7,44.6,45.4,44.0,44.2,44.8
26260-1483,"롯데캐슬애브뉴",동래구,안락동,IDENTITY_HIGH,COORD_HIGH,SCORE_AVAILABLE,1.00,74.3,60.3,64.2,55.8,63.7,64.2,63.0,64.2
26260-2004,"은우아일레",동래구,온천동,IDENTITY_HIGH,COORD_HIGH,SCORE_AVAILABLE,1.00,56.4,74.1,26.6,62.2,54.8,56.3,56.0,55.1
26470-59,"연산센트럴파크",연제구,연산동,IDENTITY_HIGH,COORD_HIGH,SCORE_AVAILABLE,1.00,12.0,35.0,69.3,41.4,39.4,36.6,38.3,38.2
26260-2209,"동래다솜시티",동래구,수안동,IDENTITY_HIGH,COORD_HIGH,SCORE_AVAILABLE,1.00,86.2,75.8,54.1,61.3,69.4,71.0,69.0,70.3
26260-283,"경우골드빌라",동래구,온천동,IDENTITY_HIGH,COORD_HIGH,SCORE_AVAILABLE,1.00,69.9,72.1,56.4,24.2,55.6,56.3,51.6,57.1
26470-50,"남정",연제구,연산동,IDENTITY_HIGH,COORD_HIGH,SCORE_AVAILABLE,1.00,63.5,54.6,70.0,27.1,53.8,53.4,50.2,54.7
26470-1257,"해운드림빌",연제구,연산동,IDENTITY_HIGH,COORD_HIGH,SCORE_AVAILABLE,1.00,52.4,81.4,79.8,48.5,65.5,64.2,62.3,65.7
26470-128,"신진테마빌",연제구,연산동,IDENTITY_HIGH,COORD_HIGH,SCORE_AVAILABLE,1.00,38.5,81.4,75.7,36.3,58.0,56.1,53.8,58.1
26470-1384,"나경위너스",연제구,연산동,IDENTITY_HIGH,COORD_HIGH,SCORE_AVAILABLE,1.00,79.7,83.9,64.0,50.4,69.5,70.3,67.1,70.6
26470-1437,"센텀포시즌",연제구,연산동,IDENTITY_HIGH,COORD_HIGH,SCORE_AVAILABLE,1.00,36.7,62.4,68.2,51.7,54.7,53.2,53.4,54.2
26470-204,"대림그린빌라",연제구,연산동,IDENTITY_HIGH,COORD_HIGH,SCORE_AVAILABLE,1.00,54.8,75.8,59.4,33.2,55.8,55.6,52.4,56.6
26470-229,"홍림써니빌",연제구,연산동,IDENTITY_HIGH,COORD_HIGH,SCORE_AVAILABLE,1.00,57.2,80.3,69.8,36.4,60.9,60.3,57.1,61.7
26470-47,"남산",연제구,연산동,IDENTITY_HIGH,COORD_HIGH,SCORE_AVAILABLE,1.00,22.4,63.7,76.6,21.5,46.1,43.4,41.2,46.0
26470-60,"동서상가",연제구,연산동,IDENTITY_HIGH,COORD_HIGH,SCORE_AVAILABLE,1.00,80.9,81.3,44.0,21.6,56.9,58.8,52.8,59.1
26470-44,"공영",연제구,연산동,IDENTITY_HIGH,COORD_LOW,NOT_ENOUGH_DATA,0.25,,,,21.7,,,,
26470-2,"거제아파트",연제구,거제동,IDENTITY_HIGH,COORD_HIGH,SCORE_AVAILABLE,1.00,67.2,73.8,38.8,22.6,50.6,52.0,47.2,52.3
26470-71,"부영맨션",연제구,연산동,IDENTITY_LOW,COORD_HIGH,SCORE_AVAILABLE,1.00,33.0,64.1,81.9,17.6,49.2,46.7,43.6,49.4
26470-104,"한독",연제구,연산동,IDENTITY_HIGH,COORD_HIGH,SCORE_AVAILABLE,1.00,58.4,59.8,53.4,31.9,50.9,51.1,48.4,51.7
26470-185,"창성골든빌에이동",연제구,연산동,IDENTITY_LOW,COORD_HIGH,SCORE_AVAILABLE,1.00,56.2,73.8,48.8,46.0,56.2,56.6,54.7,56.8
26470-154,"송파지오스4",연제구,연산동,IDENTITY_LOW,COORD_HIGH,SCORE_AVAILABLE,1.00,23.7,67.8,68.9,49.6,52.5,50.2,50.6,51.7
26470-82,"성림(1829-11)",연제구,연산동,IDENTITY_UNRESOLVED,COORD_HIGH,SCORE_AVAILABLE,1.00,66.2,50.7,68.5,18.4,51.0,50.8,46.8,52.2
26260-71,"서전",동래구,온천동,IDENTITY_HIGH,COORD_HIGH,SCORE_AVAILABLE,1.00,40.0,39.4,72.8,39.3,47.9,46.2,46.2,47.5
26470-130,"새둥지빌라(1405-26)",연제구,연산동,IDENTITY_UNRESOLVED,COORD_HIGH,SCORE_AVAILABLE,1.00,51.4,83.7,78.9,49.6,65.9,64.5,62.7,66.0
26470-103,"태광(405-4)",연제구,연산동,IDENTITY_UNRESOLVED,COORD_HIGH,SCORE_AVAILABLE,0.75,,60.4,53.2,16.0,43.2,42.5,37.8,44.4
26470-1049,"에이젠아파트",연제구,연산동,IDENTITY_MEDIUM,COORD_HIGH,SCORE_AVAILABLE,1.00,43.8,82.7,79.4,59.0,66.2,64.4,64.0,65.8
26470-1034,"양지마을",연제구,연산동,IDENTITY_UNRESOLVED,COORD_LOW,NOT_ENOUGH_DATA,0.25,,,,57.0,,,,
26470-134,"병산한마음빌",연제구,거제동,IDENTITY_UNRESOLVED,COORD_LOW,NOT_ENOUGH_DATA,0.25,,,,49.6,,,,
26470-245,"신화시티빌",연제구,연산동,IDENTITY_UNRESOLVED,COORD_LOW,NOT_ENOUGH_DATA,0.25,,,,49.6,,,,
26470-27,"진흥목화",연제구,거제동,IDENTITY_HIGH,COORD_HIGH,SCORE_AVAILABLE,1.00,56.6,52.7,85.4,28.3,55.8,54.3,51.7,56.3
26470-1297,"디아이하우스",연제구,연산동,IDENTITY_UNRESOLVED,COORD_LOW,NOT_ENOUGH_DATA,0.25,,,,69.4,,,,
26470-148,"석주아트빌",연제구,연산동,IDENTITY_UNRESOLVED,COORD_LOW,NOT_ENOUGH_DATA,0.25,,,,49.6,,,,
26470-1008,"홍익푸르미",연제구,연산동,IDENTITY_UNRESOLVED,COORD_LOW,NOT_ENOUGH_DATA,0.25,,,,53.2,,,,
26470-119,"홍림빌리지",연제구,연산동,IDENTITY_UNRESOLVED,COORD_LOW,NOT_ENOUGH_DATA,0.25,,,,47.8,,,,
26470-117,"라인빌라트",연제구,연산동,IDENTITY_UNRESOLVED,COORD_LOW,NOT_ENOUGH_DATA,0.25,,,,47.8,,,,
26470-224,"창광빌리지(1293-18)",연제구,연산동,IDENTITY_LOW,COORD_HIGH,SCORE_AVAILABLE,1.00,61.7,83.4,82.0,46.0,68.3,67.3,64.6,68.8
26470-21,"산호(1462-3)",연제구,거제동,IDENTITY_LOW,COORD_HIGH,SCORE_AVAILABLE,1.00,43.9,48.7,58.2,16.0,41.7,41.0,38.0,42.5
26470-61,"동서연천타워",연제구,연산동,IDENTITY_HIGH,COORD_HIGH,SCORE_AVAILABLE,1.00,19.7,45.3,63.9,38.7,41.9,39.7,40.3,41.1
26470-286,"성연파크",연제구,연산동,IDENTITY_UNRESOLVED,COORD_LOW,NOT_ENOUGH_DATA,0.25,,,,51.4,,,,
26500-1929,"광안예서더불어",수영구,광안동,IDENTITY_HIGH,COORD_HIGH,SCORE_AVAILABLE,1.00,79.9,73.6,50.8,61.0,66.3,67.8,66.2,67.1
26500-1945,"세종엠스테이3차",수영구,광안동,IDENTITY_HIGH,COORD_HIGH,SCORE_AVAILABLE,1.00,87.6,75.8,65.2,57.1,71.4,72.5,70.1,72.4
26500-2131,"월드파크5",수영구,광안동,IDENTITY_HIGH,COORD_HIGH,SCORE_AVAILABLE,1.00,54.0,66.2,32.0,64.6,54.2,55.3,55.8,54.2
26500-2245,"남천우성스마트시티뷰",수영구,남천동,IDENTITY_HIGH,COORD_HIGH,SCORE_AVAILABLE,1.00,57.8,75.2,26.7,66.1,56.5,58.0,58.0,56.7
26500-2479,"테넌바움294",수영구,민락동,IDENTITY_HIGH,COORD_HIGH,SCORE_AVAILABLE,1.00,29.4,48.0,57.8,79.6,53.7,52.3,56.4,52.1
26500-6,"금보빌라타운",수영구,광안동,IDENTITY_HIGH,COORD_HIGH,SCORE_AVAILABLE,1.00,38.7,54.3,39.5,33.9,41.6,41.5,40.3,41.9
26500-116,"이편한세상1차",수영구,망미동,IDENTITY_HIGH,COORD_HIGH,SCORE_AVAILABLE,1.00,51.1,45.5,47.4,61.4,51.3,51.5,52.8,51.0
26500-1892,"힐탑더블시티",수영구,광안동,IDENTITY_HIGH,COORD_HIGH,SCORE_AVAILABLE,1.00,72.3,77.9,61.4,71.4,70.7,71.3,70.9,70.9
26500-2455,"더샵남천프레스티지",수영구,남천동,IDENTITY_HIGH,COORD_HIGH,SCORE_AVAILABLE,1.00,71.4,76.5,65.4,86.4,74.9,75.2,76.5,74.6
26500-2061,"센텀비스타동원",수영구,민락동,IDENTITY_HIGH,COORD_HIGH,SCORE_AVAILABLE,1.00,72.9,58.7,56.6,81.2,67.3,68.2,69.7,67.1
26500-39,"화목타운",수영구,남천동,IDENTITY_HIGH,COORD_HIGH,SCORE_AVAILABLE,1.00,86.4,64.7,45.5,35.8,58.1,60.2,56.2,59.8
26470-3049,"레이카운티(3단지)",연제구,거제동,IDENTITY_HIGH,COORD_HIGH,SCORE_AVAILABLE,1.00,78.9,60.3,66.6,89.8,73.9,74.5,76.5,73.5
26470-240,"엔학미지앙",연제구,연산동,IDENTITY_UNRESOLVED,COORD_LOW,NOT_ENOUGH_DATA,0.25,,,,47.8,,,,
26470-70,"부림(327-1)",연제구,연산동,IDENTITY_UNRESOLVED,COORD_HIGH,SCORE_AVAILABLE,1.00,32.1,48.1,67.3,14.4,40.5,38.7,36.2,40.8
26470-219,"에이스빌(1293-2)",연제구,연산동,IDENTITY_UNRESOLVED,COORD_HIGH,SCORE_AVAILABLE,1.00,52.3,83.8,83.8,47.8,66.9,65.4,63.3,67.1
26470-235,"청아시티빌",연제구,연산동,IDENTITY_UNRESOLVED,COORD_LOW,NOT_ENOUGH_DATA,0.25,,,,49.6,,,,
26470-246,"연산훼미리타운",연제구,연산동,IDENTITY_UNRESOLVED,COORD_LOW,NOT_ENOUGH_DATA,0.25,,,,35.2,,,,
26470-287,"인환파크맨션",연제구,연산동,IDENTITY_UNRESOLVED,COORD_LOW,NOT_ENOUGH_DATA,0.25,,,,53.2,,,,
26470-247,"새연산(1825-2)",연제구,연산동,IDENTITY_UNRESOLVED,COORD_HIGH,SCORE_AVAILABLE,1.00,63.1,52.0,71.3,16.8,50.8,50.4,46.3,52.0
26470-3051,"레이카운티(5단지)",연제구,거제동,IDENTITY_HIGH,COORD_HIGH,SCORE_AVAILABLE,1.00,79.4,60.3,66.6,90.2,74.1,74.8,76.8,73.7
26470-178,"뉴리버빌",연제구,연산동,IDENTITY_UNRESOLVED,COORD_LOW,NOT_ENOUGH_DATA,0.25,,,,47.8,,,,
26470-213,"에스비타운",연제구,연산동,IDENTITY_UNRESOLVED,COORD_LOW,NOT_ENOUGH_DATA,0.25,,,,49.6,,,,
26470-45,"국제",연제구,연산동,IDENTITY_HIGH,COORD_HIGH,SCORE_AVAILABLE,1.00,64.3,59.0,57.7,29.4,52.6,52.9,49.7,53.7
26470-1312,"해피모아빌",연제구,연산동,IDENTITY_UNRESOLVED,COORD_LOW,NOT_ENOUGH_DATA,0.25,,,,71.6,,,,
26470-214,"조광네오빌",연제구,연산동,IDENTITY_UNRESOLVED,COORD_LOW,NOT_ENOUGH_DATA,0.25,,,,47.8,,,,
26470-291,"아림시티빌",연제구,연산동,IDENTITY_UNRESOLVED,COORD_LOW,NOT_ENOUGH_DATA,0.25,,,,53.2,,,,
26470-118,"강산마을",연제구,연산동,IDENTITY_UNRESOLVED,COORD_LOW,NOT_ENOUGH_DATA,0.25,,,,47.8,,,,
26470-48,"남산두맨션",연제구,연산동,IDENTITY_UNRESOLVED,COORD_LOW,NOT_ENOUGH_DATA,0.25,,,,16.0,,,,
26470-161,"황제빌리지",연제구,거제동,IDENTITY_UNRESOLVED,COORD_LOW,NOT_ENOUGH_DATA,0.25,,,,47.8,,,,
26470-6,"경동",연제구,거제동,IDENTITY_UNRESOLVED,COORD_LOW,NOT_ENOUGH_DATA,0.25,,,,17.6,,,,
26470-76,"삼보맨션",연제구,연산동,IDENTITY_HIGH,COORD_HIGH,SCORE_AVAILABLE,1.00,40.0,67.2,66.9,37.4,52.9,51.5,49.9,53.0
26470-64,"동원",연제구,연산동,IDENTITY_HIGH,COORD_HIGH,SCORE_AVAILABLE,1.00,43.1,64.6,73.1,22.5,50.8,49.3,46.2,51.4
26500-29,"삼익비치",수영구,남천동,IDENTITY_HIGH,COORD_HIGH,SCORE_AVAILABLE,1.00,36.1,49.8,60.7,52.1,49.7,48.4,49.3,49.1
26500-2361,"경동리인",수영구,광안동,IDENTITY_HIGH,COORD_HIGH,SCORE_AVAILABLE,1.00,51.7,62.7,35.4,68.3,54.5,55.3,56.4,54.3
26500-74,"센텀비치푸르지오",수영구,민락동,IDENTITY_HIGH,COORD_HIGH,SCORE_AVAILABLE,1.00,26.2,38.3,57.1,70.7,48.1,46.5,50.4,46.6
26500-1851,"신우피렌체",수영구,광안동,IDENTITY_UNRESOLVED,COORD_LOW,NOT_ENOUGH_DATA,0.25,,,,73.8,,,,
26500-213,"중경",수영구,광안동,IDENTITY_HIGH,COORD_HIGH,SCORE_AVAILABLE,1.00,80.3,46.1,39.8,22.0,47.0,49.1,44.9,48.8
26500-2470,"이린타워빌10",수영구,광안동,IDENTITY_HIGH,COORD_HIGH,SCORE_AVAILABLE,1.00,61.5,76.0,67.4,58.7,65.9,65.6,64.6,66.1
26500-49,"오양장미",수영구,망미동,IDENTITY_HIGH,COORD_HIGH,SCORE_AVAILABLE,1.00,42.8,39.4,54.4,27.2,40.9,40.4,39.0,41.3
26500-23,"뉴비치",수영구,남천동,IDENTITY_HIGH,COORD_HIGH,SCORE_AVAILABLE,1.00,58.2,75.7,31.5,50.8,54.1,55.4,53.8,54.7
26500-2281,"광안자이",수영구,광안동,IDENTITY_HIGH,COORD_HIGH,SCORE_AVAILABLE,1.00,41.7,62.6,48.7,83.4,59.1,58.8,61.9,58.0
26500-1839,"쌍용예가디오션",수영구,광안동,IDENTITY_HIGH,COORD_HIGH,SCORE_AVAILABLE,1.00,63.1,72.3,69.9,77.6,70.7,70.4,71.4,70.3
26500-1397,"더샵파크리치",수영구,망미동,IDENTITY_HIGH,COORD_HIGH,SCORE_AVAILABLE,1.00,72.9,60.9,33.5,74.4,60.4,62.4,63.1,60.6
26500-66,"현대",수영구,수영동,IDENTITY_HIGH,COORD_HIGH,SCORE_AVAILABLE,1.00,75.9,37.5,34.2,54.7,50.6,52.6,52.4,51.2
26500-1983,"e편한세상광안비치",수영구,민락동,IDENTITY_HIGH,COORD_HIGH,SCORE_AVAILABLE,1.00,27.6,51.4,37.6,73.4,47.5,47.0,50.4,46.3
26500-117,"수영협성르네상스타운",수영구,수영동,IDENTITY_HIGH,COORD_HIGH,SCORE_AVAILABLE,1.00,58.3,56.6,16.7,67.9,49.9,52.0,53.0,50.0
26500-2212,"성우이린타워",수영구,광안동,IDENTITY_LOW,COORD_LOW,NOT_ENOUGH_DATA,0.25,,,,83.2,,,,
26500-1904,"W-PARKⅡ",수영구,광안동,IDENTITY_LOW,COORD_LOW,NOT_ENOUGH_DATA,0.25,,,,73.8,,,,
26500-2228,"e편한세상오션테라스4단지",수영구,민락동,IDENTITY_HIGH,COORD_HIGH,SCORE_AVAILABLE,1.00,26.7,41.1,28.4,77.8,43.5,43.4,47.8,42.1
26500-2225,"수영SKVIEW1단지",수영구,망미동,IDENTITY_HIGH,COORD_HIGH,SCORE_AVAILABLE,1.00,42.7,39.7,79.8,83.4,61.4,59.6,63.8,59.8
26500-24,"남천동원로얄듀크",수영구,남천동,IDENTITY_HIGH,COORD_HIGH,SCORE_AVAILABLE,1.00,62.2,71.3,60.0,62.8,64.1,64.2,63.8,64.2
26500-1390,"광안현대하이페리온",수영구,민락동,IDENTITY_HIGH,COORD_HIGH,SCORE_AVAILABLE,1.00,34.8,55.9,68.9,65.3,56.2,54.5,56.5,55.2
26500-52,"망미한신",수영구,망미동,IDENTITY_HIGH,COORD_HIGH,SCORE_AVAILABLE,1.00,39.0,35.9,72.5,41.4,47.2,45.5,45.9,46.7
26500-75,"롯데캐슬자이언트",수영구,민락동,IDENTITY_HIGH,COORD_HIGH,SCORE_AVAILABLE,1.00,27.3,37.6,29.1,68.1,40.5,40.4,44.0,39.4
26500-2482,"힐스테이트남천더퍼스트",수영구,남천동,IDENTITY_HIGH,COORD_HIGH,SCORE_AVAILABLE,1.00,76.4,81.1,59.4,74.4,72.8,73.7,73.2,73.1
26500-1412,"코오롱하늘채골든비치",수영구,남천동,IDENTITY_HIGH,COORD_HIGH,SCORE_AVAILABLE,1.00,55.9,70.0,58.5,76.8,65.3,65.2,66.6,64.8
26500-1852,"부산더샵센텀포레",수영구,민락동,IDENTITY_MEDIUM,COORD_HIGH,SCORE_AVAILABLE,1.00,64.2,25.3,60.4,71.6,55.4,55.5,58.2,54.8
26500-3804,"한웅남천마티안",수영구,남천동,IDENTITY_LOW,COORD_LOW,NOT_ENOUGH_DATA,0.25,,,,94.0,,,,
26500-1691,"광안마티나",수영구,광안동,IDENTITY_LOW,COORD_LOW,NOT_ENOUGH_DATA,0.25,,,,67.2,,,,
26500-2068,"망미이진캐스빌",수영구,망미동,IDENTITY_HIGH,COORD_HIGH,SCORE_AVAILABLE,1.00,47.8,42.4,64.3,71.5,56.5,55.7,58.3,55.5
26500-115,"이편한세상2차",수영구,망미동,IDENTITY_MEDIUM,COORD_HIGH,SCORE_AVAILABLE,1.00,44.2,50.2,54.0,51.4,49.9,49.4,49.9,49.7
26500-1364,"이편한세상3차",수영구,망미동,IDENTITY_HIGH,COORD_HIGH,SCORE_AVAILABLE,1.00,46.4,43.0,45.9,65.4,50.1,50.2,52.2,49.6
26500-2128,"광안더샵",수영구,광안동,IDENTITY_HIGH,COORD_HIGH,SCORE_AVAILABLE,1.00,86.6,68.4,39.1,71.4,66.4,68.8,68.2,67.1
26500-1387,"롯데골드로즈",수영구,광안동,IDENTITY_HIGH,COORD_HIGH,SCORE_AVAILABLE,1.00,75.0,78.3,57.8,60.0,67.8,68.7,67.0,68.5
26500-26,"백산",수영구,남천동,IDENTITY_HIGH,COORD_HIGH,SCORE_AVAILABLE,1.00,74.6,61.0,68.8,32.2,59.2,59.4,55.9,60.4
26500-5,"광원",수영구,광안동,IDENTITY_HIGH,COORD_HIGH,SCORE_AVAILABLE,1.00,47.4,45.6,62.3,54.1,52.3,51.6,52.3,52.0
26500-2230,"남천금호어울림더비치",수영구,남천동,IDENTITY_HIGH,COORD_HIGH,SCORE_AVAILABLE,1.00,53.2,68.7,71.0,77.5,67.6,66.7,68.4,66.9
26500-2229,"e편한세상오션테라스3단지",수영구,민락동,IDENTITY_HIGH,COORD_HIGH,SCORE_AVAILABLE,1.00,24.1,45.4,25.9,77.8,43.3,43.2,47.5,41.9
26500-2023,"센텀비스타동원2차",수영구,민락동,IDENTITY_HIGH,COORD_HIGH,SCORE_AVAILABLE,1.00,68.1,68.1,41.2,73.7,62.8,64.1,64.7,62.9
26500-1628,"엑슬루타워",수영구,남천동,IDENTITY_HIGH,COORD_HIGH,SCORE_AVAILABLE,1.00,74.6,81.1,54.0,67.1,69.2,70.2,69.1,69.7
26500-59,"진로비치(101~103동)",수영구,민락동,IDENTITY_HIGH,COORD_HIGH,SCORE_AVAILABLE,1.00,27.1,53.6,48.6,53.4,45.7,44.6,45.9,44.9
26500-47,"삼성",수영구,망미동,IDENTITY_HIGH,COORD_HIGH,SCORE_AVAILABLE,1.00,46.3,40.6,77.4,54.0,54.6,53.0,54.1,54.0
26500-193,"정원스카이",수영구,광안동,IDENTITY_HIGH,COORD_HIGH,SCORE_AVAILABLE,1.00,56.1,68.7,67.0,37.4,57.3,56.8,54.3,57.9
26500-2227,"e편한세상오션테라스2단지",수영구,민락동,IDENTITY_HIGH,COORD_HIGH,SCORE_AVAILABLE,1.00,27.8,46.3,39.1,68.4,45.4,44.8,48.0,44.2
26500-1815,"W-PARK",수영구,광안동,IDENTITY_HIGH,COORD_HIGH,SCORE_AVAILABLE,1.00,84.6,74.0,53.9,57.9,67.6,69.1,67.0,68.6
26500-2456,"남천자이",수영구,남천동,IDENTITY_HIGH,COORD_HIGH,SCORE_AVAILABLE,1.00,51.0,63.8,31.7,88.6,58.8,59.7,62.9,58.0
26500-1376,"협성엠파이어(101,102동)",수영구,광안동,IDENTITY_HIGH,COORD_HIGH,SCORE_AVAILABLE,1.00,76.8,75.5,43.8,53.1,62.3,63.9,61.6,63.3
26500-2179,"정원센텀뷰남천",수영구,남천동,IDENTITY_LOW,COORD_LOW,NOT_ENOUGH_DATA,0.25,,,,83.2,,,,
26500-2318,"광안리슈빌DS",수영구,민락동,IDENTITY_HIGH,COORD_HIGH,SCORE_AVAILABLE,1.00,49.8,64.3,68.4,67.6,62.5,61.6,62.7,62.0
26500-2352,"광안KCC스위첸하버뷰",수영구,민락동,IDENTITY_HIGH,COORD_HIGH,SCORE_AVAILABLE,0.75,,49.1,20.6,77.9,49.2,51.2,54.9,48.4
26500-60,"태창파크",수영구,민락동,IDENTITY_HIGH,COORD_HIGH,SCORE_AVAILABLE,1.00,22.9,34.2,79.9,33.9,42.7,39.9,40.4,42.0
26500-67,"진로비치(201,202동)",수영구,민락동,IDENTITY_HIGH,COORD_HIGH,SCORE_AVAILABLE,0.75,,50.9,50.4,44.6,48.6,48.5,47.8,48.8
26500-62,"화신",수영구,민락동,IDENTITY_HIGH,COORD_HIGH,SCORE_AVAILABLE,1.00,45.1,68.1,64.7,29.0,51.7,50.7,48.0,52.2
26500-268,"광안동일스위트",수영구,광안동,IDENTITY_HIGH,COORD_HIGH,SCORE_AVAILABLE,1.00,85.5,72.7,76.7,56.6,72.9,73.3,71.1,73.7
26500-265,"유림주상복합",수영구,광안동,IDENTITY_HIGH,COORD_HIGH,SCORE_AVAILABLE,1.00,84.6,74.0,53.7,61.9,68.6,70.1,68.4,69.5
26500-2224,"수영SKVIEW2단지",수영구,망미동,IDENTITY_HIGH,COORD_HIGH,SCORE_AVAILABLE,1.00,40.5,35.9,78.4,63.5,54.6,52.7,55.2,53.4
26500-1832,"다사랑빌",수영구,남천동,IDENTITY_HIGH,COORD_HIGH,SCORE_AVAILABLE,1.00,67.2,68.8,78.9,48.9,65.9,65.4,63.4,66.4
26500-1384,"광안동에스케이뷰",수영구,광안동,IDENTITY_HIGH,COORD_HIGH,SCORE_AVAILABLE,1.00,86.1,75.2,67.7,66.1,73.8,74.7,73.2,74.5
26500-1786,"수영강동원로얄듀크",수영구,수영동,IDENTITY_HIGH,COORD_HIGH,SCORE_AVAILABLE,1.00,61.7,52.4,50.3,71.1,58.9,59.5,60.9,58.6
26500-1377,"광안협성엠파이어(103,105동)",수영구,광안동,IDENTITY_HIGH,COORD_HIGH,SCORE_AVAILABLE,1.00,85.2,74.4,50.2,54.3,66.0,67.8,65.2,67.2
26500-194,"라익",수영구,광안동,IDENTITY_MEDIUM,COORD_HIGH,SCORE_AVAILABLE,1.00,62.2,76.3,35.4,37.0,52.7,54.0,50.8,53.9
26500-2314,"광안에일린의뜰",수영구,광안동,IDENTITY_HIGH,COORD_HIGH,SCORE_AVAILABLE,1.00,57.5,58.2,71.8,73.9,65.4,64.6,66.2,64.7
26500-2226,"e편한세상오션테라스1단지",수영구,민락동,IDENTITY_HIGH,COORD_HIGH,SCORE_AVAILABLE,1.00,26.9,49.1,39.9,76.7,48.1,47.5,51.4,46.7
26500-1833,"민락동센텀메르빌",수영구,민락동,IDENTITY_HIGH,COORD_HIGH,SCORE_AVAILABLE,1.00,40.4,28.8,62.5,62.5,48.5,47.4,50.2,47.5
26500-7,"비치-그린아파트",수영구,광안동,IDENTITY_HIGH,COORD_HIGH,SCORE_AVAILABLE,1.00,51.2,62.6,55.4,58.1,56.8,56.6,56.7,56.7
26500-1938,"이린타워",수영구,광안동,IDENTITY_HIGH,COORD_HIGH,SCORE_AVAILABLE,1.00,85.0,74.0,52.1,54.4,66.4,68.0,65.5,67.5
26500-45,"로얄베스토피아",수영구,망미동,IDENTITY_HIGH,COORD_HIGH,SCORE_AVAILABLE,1.00,25.3,46.7,75.9,48.2,49.0,46.5,47.7,48.1
26500-13,"태평양하이츠",수영구,광안동,IDENTITY_HIGH,COORD_HIGH,SCORE_AVAILABLE,1.00,65.4,67.6,34.8,45.4,53.3,54.8,52.7,54.2
26500-68,"상아",수영구,광안동,IDENTITY_HIGH,COORD_HIGH,SCORE_AVAILABLE,1.00,49.4,51.8,57.5,43.6,50.6,50.2,49.5,50.7
26500-1389,"수영만아이파크",수영구,민락동,IDENTITY_HIGH,COORD_HIGH,SCORE_AVAILABLE,1.00,41.7,30.3,68.0,61.8,50.5,49.2,51.7,49.5
26500-2043,"더클래스동진",수영구,광안동,IDENTITY_HIGH,COORD_HIGH,SCORE_AVAILABLE,1.00,85.1,40.3,46.2,54.7,56.5,58.5,57.7,57.4
26500-2092,"디아이라뷰",수영구,망미동,IDENTITY_HIGH,COORD_HIGH,SCORE_AVAILABLE,1.00,56.9,57.6,44.2,53.1,53.0,53.6,53.2,53.2
26500-54,"현대망미",수영구,망미동,IDENTITY_HIGH,COORD_HIGH,SCORE_AVAILABLE,1.00,47.5,59.9,41.0,35.9,46.0,46.4,44.6,46.6
26500-221,"송파지오스V",수영구,광안동,IDENTITY_LOW,COORD_LOW,NOT_ENOUGH_DATA,0.25,,,,51.4,,,,
26500-2170,"광안부백자연애아파트",수영구,광안동,IDENTITY_HIGH,COORD_HIGH,SCORE_AVAILABLE,1.00,86.8,74.4,52.1,59.7,68.2,70.0,67.9,69.3
26500-83,"세흥빌라",수영구,광안동,IDENTITY_HIGH,COORD_HIGH,SCORE_AVAILABLE,1.00,57.2,70.0,67.6,36.4,57.8,57.3,54.6,58.5
26500-58,"이진빌라",수영구,민락동,IDENTITY_HIGH,COORD_HIGH,SCORE_AVAILABLE,1.00,25.7,60.7,55.4,33.5,43.8,42.4,41.4,43.7
26500-87,"나래아트빌",수영구,광안동,IDENTITY_HIGH,COORD_HIGH,SCORE_AVAILABLE,1.00,57.7,73.8,62.1,35.1,57.2,56.9,53.9,58.0
26500-1712,"광안협성엠파이어Ⅱ",수영구,광안동,IDENTITY_LOW,COORD_HIGH,SCORE_AVAILABLE,1.00,87.9,75.8,62.4,69.4,73.9,75.2,73.9,74.6
26500-1753,"정원타워Ⅰ",수영구,광안동,IDENTITY_LOW,COORD_HIGH,SCORE_AVAILABLE,1.00,67.5,74.6,44.2,69.4,63.9,65.1,64.9,64.2
26500-99,"동림",수영구,망미동,IDENTITY_HIGH,COORD_HIGH,SCORE_AVAILABLE,1.00,42.4,41.1,63.2,23.8,42.6,41.6,39.8,43.0
26500-2120,"더클래스센텀",수영구,광안동,IDENTITY_LOW,COORD_LOW,NOT_ENOUGH_DATA,0.25,,,,80.8,,,,
26500-38,"협진태양",수영구,남천동,IDENTITY_HIGH,COORD_HIGH,SCORE_AVAILABLE,1.00,64.1,56.0,74.3,37.5,58.0,57.4,55.2,58.6
26500-106,"국화",수영구,망미동,IDENTITY_HIGH,COORD_HIGH,SCORE_AVAILABLE,1.00,86.7,53.7,35.8,22.4,49.6,52.2,47.4,51.7
26500-140,"행복홈타운",수영구,광안동,IDENTITY_HIGH,COORD_HIGH,SCORE_AVAILABLE,1.00,71.4,77.4,53.5,33.8,59.0,59.9,55.9,60.4
26500-172,"승우맨션(가동)",수영구,광안동,IDENTITY_HIGH,COORD_HIGH,SCORE_AVAILABLE,1.00,72.1,67.4,41.3,20.2,50.3,51.8,46.8,52.1
26500-180,"대로해도지빌",수영구,광안동,IDENTITY_HIGH,COORD_HIGH,SCORE_AVAILABLE,1.00,59.5,77.9,51.7,35.0,56.0,56.4,53.0,57.0
26500-42,"동방(1~5동)",수영구,망미동,IDENTITY_HIGH,COORD_HIGH,SCORE_AVAILABLE,1.00,49.2,49.1,45.8,31.3,43.9,44.0,42.2,44.4
26500-2012,"디아이하우스",수영구,광안동,IDENTITY_HIGH,COORD_HIGH,SCORE_AVAILABLE,1.00,78.5,67.1,47.0,52.8,61.3,62.9,60.9,62.3
26500-2017,"수영동아성퍼스트힐",수영구,수영동,IDENTITY_HIGH,COORD_HIGH,SCORE_AVAILABLE,1.00,71.3,75.5,40.6,51.2,59.7,61.2,59.0,60.6
26500-2022,"금양아이파크",수영구,남천동,IDENTITY_HIGH,COORD_HIGH,SCORE_AVAILABLE,1.00,67.1,72.8,67.1,55.6,65.7,65.7,64.2,66.1
26500-2029,"이린타워빌8",수영구,광안동,IDENTITY_HIGH,COORD_HIGH,SCORE_AVAILABLE,1.00,43.8,75.9,73.6,51.4,61.2,59.7,58.8,61.0
26500-2067,"에이스센텀빌리지",수영구,광안동,IDENTITY_HIGH,COORD_HIGH,SCORE_AVAILABLE,1.00,65.0,72.3,38.3,59.0,58.6,60.0,59.0,59.1
26500-25,"반도보라맨션",수영구,남천동,IDENTITY_HIGH,COORD_HIGH,SCORE_AVAILABLE,1.00,40.4,64.4,18.4,33.8,39.2,40.3,38.5,39.9
26500-2133,"디아이세라뷰",수영구,광안동,IDENTITY_HIGH,COORD_HIGH,SCORE_AVAILABLE,1.00,62.9,69.3,41.1,55.6,57.2,58.3,57.3,57.7
26500-1962,"햇살가득한집",수영구,망미동,IDENTITY_HIGH,COORD_HIGH,SCORE_AVAILABLE,1.00,62.0,59.4,55.8,55.0,58.1,58.4,57.8,58.3
26500-48,"오양",수영구,망미동,IDENTITY_HIGH,COORD_HIGH,SCORE_AVAILABLE,1.00,49.5,47.8,69.9,29.2,49.1,48.0,46.1,49.5
26500-2207,"에이스로얄팰리스",수영구,광안동,IDENTITY_HIGH,COORD_HIGH,SCORE_AVAILABLE,1.00,57.7,64.6,34.8,64.4,55.4,56.5,56.8,55.5
26500-262,"삼정그린코아",수영구,광안동,IDENTITY_HIGH,COORD_HIGH,SCORE_AVAILABLE,1.00,47.6,73.2,53.7,61.5,59.0,58.7,58.8,58.8
26500-222,"삼흥토인월드",수영구,광안동,IDENTITY_HIGH,COORD_HIGH,SCORE_AVAILABLE,1.00,89.2,78.7,76.6,33.2,69.4,70.1,65.0,71.1
26500-2238,"가비펠리치",수영구,광안동,IDENTITY_HIGH,COORD_HIGH,SCORE_AVAILABLE,1.00,57.0,65.5,36.8,65.1,56.1,57.1,57.5,56.1
26500-209,"동원맨션(776-21)",수영구,광안동,IDENTITY_HIGH,COORD_HIGH,SCORE_AVAILABLE,1.00,69.0,66.4,30.9,19.9,46.5,48.5,43.7,48.4
26500-65,"신익탑스빌",수영구,수영동,IDENTITY_HIGH,COORD_HIGH,SCORE_AVAILABLE,1.00,68.1,74.9,39.2,35.3,54.4,55.8,52.2,55.7
26500-104,"협진태양맨션B동",수영구,망미동,IDENTITY_LOW,COORD_HIGH,SCORE_AVAILABLE,1.00,45.6,55.9,60.3,14.4,44.0,43.3,39.7,44.9
26500-90,"센텀빌리지",수영구,광안동,IDENTITY_HIGH,COORD_HIGH,SCORE_AVAILABLE,1.00,71.9,78.0,54.7,36.0,60.1,61.0,57.1,61.5
26500-97,"광안메르빌",수영구,광안동,IDENTITY_HIGH,COORD_HIGH,SCORE_AVAILABLE,1.00,26.5,42.4,45.9,46.9,40.4,39.5,40.7,39.8
26500-264,"협성엠파이어106동",수영구,광안동,IDENTITY_HIGH,COORD_HIGH,SCORE_AVAILABLE,1.00,69.9,73.9,53.7,46.4,61.0,61.8,59.2,61.9
26500-15,"광안화목",수영구,광안동,IDENTITY_HIGH,COORD_HIGH,SCORE_AVAILABLE,1.00,56.4,72.5,66.5,27.6,55.7,55.2,51.6,56.7
26500-102,"우성파크빌",수영구,망미동,IDENTITY_HIGH,COORD_HIGH,SCORE_AVAILABLE,1.00,50.3,48.3,50.1,36.9,46.4,46.4,45.2,46.8
26500-114,"부일",수영구,망미동,IDENTITY_HIGH,COORD_HIGH,SCORE_AVAILABLE,1.00,81.2,50.3,42.2,24.1,49.4,51.4,47.2,51.2
26500-1837,"광안센텀스카이뷰",수영구,광안동,IDENTITY_LOW,COORD_LOW,NOT_ENOUGH_DATA,0.25,,,,71.6,,,,
26500-51,"한성기린",수영구,망미동,IDENTITY_MEDIUM,COORD_HIGH,SCORE_AVAILABLE,1.00,42.9,44.1,45.4,33.4,41.5,41.3,40.3,41.7
26500-1730,"에코하임",수영구,수영동,IDENTITY_HIGH,COORD_HIGH,SCORE_AVAILABLE,1.00,87.8,49.3,34.4,46.8,54.6,57.3,55.1,56.0
26500-1931,"세종엠-스테이Ⅱ",수영구,남천동,IDENTITY_HIGH,COORD_HIGH,SCORE_AVAILABLE,1.00,77.0,74.5,82.2,50.7,71.1,70.8,68.3,71.8
26500-195,"세종월드",수영구,광안동,IDENTITY_HIGH,COORD_HIGH,SCORE_AVAILABLE,1.00,58.7,72.0,63.7,37.4,58.0,57.7,54.9,58.7
26500-55,"현대한누리",수영구,망미동,IDENTITY_HIGH,COORD_HIGH,SCORE_AVAILABLE,1.00,59.0,45.6,42.8,46.5,48.5,49.3,48.7,48.9
26500-1956,"일호센텀누리",수영구,광안동,IDENTITY_HIGH,COORD_HIGH,SCORE_AVAILABLE,1.00,51.8,61.8,73.3,53.9,60.2,59.1,58.8,60.0
26500-1,"광명(539-1)",수영구,광안동,IDENTITY_HIGH,COORD_HIGH,SCORE_AVAILABLE,1.00,45.1,42.4,71.8,30.9,47.5,46.2,44.9,47.7
26500-1911,"더폼타워",수영구,광안동,IDENTITY_LOW,COORD_LOW,NOT_ENOUGH_DATA,0.25,,,,73.8,,,,
26500-1989,"남천블루비치",수영구,남천동,IDENTITY_HIGH,COORD_HIGH,SCORE_AVAILABLE,1.00,74.0,72.8,74.2,52.0,68.2,68.2,66.1,68.9
26500-205,"범바우빌라",수영구,광안동,IDENTITY_HIGH,COORD_HIGH,SCORE_AVAILABLE,1.00,75.7,71.6,48.8,36.6,58.2,59.5,55.8,59.6
26500-34,"우성보라",수영구,남천동,IDENTITY_HIGH,COORD_HIGH,SCORE_AVAILABLE,1.00,62.9,76.6,45.0,35.1,54.9,55.8,52.3,56.0
26500-228,"봉황파크",수영구,남천동,IDENTITY_HIGH,COORD_HIGH,SCORE_AVAILABLE,1.00,70.3,77.3,55.3,37.2,60.0,60.8,57.1,61.3
26500-22,"남천파크",수영구,남천동,IDENTITY_HIGH,COORD_HIGH,SCORE_AVAILABLE,1.00,82.4,79.9,57.8,32.3,63.1,64.3,59.5,64.8
26500-40,"남천시티빌",수영구,남천동,IDENTITY_HIGH,COORD_HIGH,SCORE_AVAILABLE,1.00,90.7,77.3,72.6,35.7,69.1,70.0,65.1,70.8
26500-20,"류빈비치빌",수영구,광안동,IDENTITY_LOW,COORD_LOW,NOT_ENOUGH_DATA,0.25,,,,49.6,,,,
26500-8,"부덕그린",수영구,광안동,IDENTITY_HIGH,COORD_HIGH,SCORE_AVAILABLE,1.00,36.2,64.0,66.4,40.5,51.8,50.3,49.3,51.6
26500-11,"상아아트빌라(101동)",수영구,광안동,IDENTITY_HIGH,COORD_HIGH,SCORE_AVAILABLE,1.00,41.5,45.6,54.8,23.4,41.3,40.6,38.6,41.8
26500-81,"광안리치빌A",수영구,광안동,IDENTITY_LOW,COORD_HIGH,SCORE_AVAILABLE,1.00,48.7,40.5,76.4,49.6,53.8,52.4,52.9,53.4
26500-1810,"성우센텀스카이뷰에이",수영구,광안동,IDENTITY_LOW,COORD_HIGH,SCORE_AVAILABLE,1.00,61.8,71.0,36.2,71.6,60.2,61.4,62.0,60.2
26500-261,"동우",수영구,민락동,IDENTITY_LOW,COORD_HIGH,SCORE_AVAILABLE,1.00,33.2,69.6,58.1,31.6,48.1,46.9,44.9,48.3
26500-72,"희망파크빌",수영구,광안동,IDENTITY_HIGH,COORD_LOW,NOT_ENOUGH_DATA,0.25,,,,36.3,,,,
26500-218,"한솔",수영구,광안동,IDENTITY_HIGH,COORD_LOW,NOT_ENOUGH_DATA,0.25,,,,35.5,,,,
26500-121,"태창빌라",수영구,수영동,IDENTITY_HIGH,COORD_LOW,NOT_ENOUGH_DATA,0.25,,,,24.0,,,,
26500-46,"산호맨션",수영구,망미동,IDENTITY_HIGH,COORD_HIGH,SCORE_AVAILABLE,1.00,75.0,51.8,48.3,33.6,52.2,53.5,50.5,53.4
26500-1758,"에이스센텀스카이뷰",수영구,광안동,IDENTITY_LOW,COORD_LOW,NOT_ENOUGH_DATA,0.25,,,,69.4,,,,
26500-151,"서호",수영구,광안동,IDENTITY_HIGH,COORD_HIGH,SCORE_AVAILABLE,1.00,71.7,76.5,56.8,35.0,60.0,60.7,56.8,61.3
26500-1515,"궁전아이브",수영구,남천동,IDENTITY_HIGH,COORD_HIGH,SCORE_AVAILABLE,1.00,87.5,65.6,51.6,50.7,63.9,65.6,63.1,65.1
26500-157,"풍림",수영구,광안동,IDENTITY_HIGH,COORD_HIGH,SCORE_AVAILABLE,1.00,73.9,75.3,66.4,21.4,59.2,59.6,54.3,60.9
26500-171,"금보맨션",수영구,광안동,IDENTITY_HIGH,COORD_HIGH,SCORE_AVAILABLE,1.00,72.3,68.1,35.6,21.6,49.4,51.2,46.4,51.3
26500-35,"진주",수영구,남천동,IDENTITY_HIGH,COORD_HIGH,SCORE_AVAILABLE,1.00,70.6,60.2,74.0,30.5,58.9,58.7,55.2,59.9
26500-166,"세진비치빌라",수영구,광안동,IDENTITY_HIGH,COORD_HIGH,SCORE_AVAILABLE,1.00,55.9,73.4,46.1,33.6,52.2,52.7,49.6,53.2
26500-63,"화인아트",수영구,민락동,IDENTITY_MEDIUM,COORD_HIGH,SCORE_AVAILABLE,1.00,35.9,27.1,76.7,26.4,41.5,39.5,39.0,41.3
26500-170,"새광안맨션",수영구,광안동,IDENTITY_HIGH,COORD_HIGH,SCORE_AVAILABLE,1.00,63.7,67.9,33.0,19.5,46.0,47.6,42.9,47.7
26500-1918,"스테이빌",수영구,광안동,IDENTITY_HIGH,COORD_HIGH,SCORE_AVAILABLE,1.00,70.8,68.1,32.9,48.4,55.1,57.0,54.9,56.1
26500-2362,"광안스윗팰리스",수영구,광안동,IDENTITY_HIGH,COORD_HIGH,SCORE_AVAILABLE,1.00,88.1,78.0,66.2,65.3,74.4,75.5,73.7,75.2
26500-1374,"남강하이츠",수영구,광안동,IDENTITY_HIGH,COORD_HIGH,SCORE_AVAILABLE,1.00,74.2,76.3,71.2,38.4,65.0,65.2,61.5,66.1
26500-260,"백광월드타워",수영구,망미동,IDENTITY_HIGH,COORD_HIGH,SCORE_AVAILABLE,1.00,59.5,42.3,68.2,38.0,52.0,51.5,50.3,52.4
26500-79,"금수하이빌",수영구,광안동,IDENTITY_HIGH,COORD_HIGH,SCORE_AVAILABLE,1.00,68.2,76.3,81.4,35.8,65.4,64.8,61.1,66.4
26500-153,"부흥3차",수영구,광안동,IDENTITY_LOW,COORD_LOW,NOT_ENOUGH_DATA,0.25,,,,17.6,,,,
26500-1372,"고은파크뷰",수영구,광안동,IDENTITY_UNRESOLVED,COORD_LOW,NOT_ENOUGH_DATA,0.25,,,,53.2,,,,
26500-80,"광안시티빌",수영구,광안동,IDENTITY_UNRESOLVED,COORD_LOW,NOT_ENOUGH_DATA,0.25,,,,49.6,,,,
26500-178,"누원아트빌",수영구,광안동,IDENTITY_UNRESOLVED,COORD_LOW,NOT_ENOUGH_DATA,0.25,,,,47.8,,,,
26500-233,"뉴하이츠빌라",수영구,남천동,IDENTITY_UNRESOLVED,COORD_LOW,NOT_ENOUGH_DATA,0.25,,,,40.6,,,,
26500-190,"협성센트로1차",수영구,광안동,IDENTITY_UNRESOLVED,COORD_LOW,NOT_ENOUGH_DATA,0.25,,,,51.4,,,,
26500-2193,"오션스카이남천",수영구,남천동,IDENTITY_UNRESOLVED,COORD_LOW,NOT_ENOUGH_DATA,0.25,,,,83.2,,,,
26500-145,"부흥맨션",수영구,광안동,IDENTITY_UNRESOLVED,COORD_LOW,NOT_ENOUGH_DATA,0.25,,,,16.0,,,,
26500-1600,"LK뉴탑5차",수영구,광안동,IDENTITY_UNRESOLVED,COORD_LOW,NOT_ENOUGH_DATA,0.25,,,,67.2,,,,
26500-229,"광남",수영구,남천동,IDENTITY_UNRESOLVED,COORD_LOW,NOT_ENOUGH_DATA,0.25,,,,29.8,,,,
26500-165,"예담빌라",수영구,광안동,IDENTITY_MEDIUM,COORD_HIGH,SCORE_AVAILABLE,1.00,59.4,73.7,48.8,44.2,56.5,57.1,54.8,57.2
26500-95,"미진타워빌",수영구,민락동,IDENTITY_UNRESOLVED,COORD_LOW,NOT_ENOUGH_DATA,0.25,,,,49.6,,,,
26500-1919,"해마루아파트",수영구,수영동,IDENTITY_LOW,COORD_HIGH,SCORE_AVAILABLE,1.00,86.2,72.2,52.0,73.8,71.1,72.8,72.2,71.6
26500-164,"남강맨션",수영구,광안동,IDENTITY_LOW,COORD_HIGH,SCORE_AVAILABLE,1.00,58.3,73.2,44.6,14.4,47.6,48.3,43.2,49.2
26500-1679,"POPS아트빌38",수영구,광안동,IDENTITY_LOW,COORD_HIGH,SCORE_AVAILABLE,1.00,89.1,78.3,78.6,67.2,78.3,78.8,77.2,78.9
26500-105,"협진태양맨션A동",수영구,망미동,IDENTITY_LOW,COORD_HIGH,SCORE_AVAILABLE,1.00,46.4,55.6,55.1,13.6,42.7,42.2,38.5,43.6
26500-169,"로즈빌라(170-13)",수영구,광안동,IDENTITY_UNRESOLVED,COORD_HIGH,SCORE_AVAILABLE,1.00,44.9,70.4,43.1,28.0,46.6,46.7,43.7,47.4
26500-134,"진흥목화",수영구,민락동,IDENTITY_UNRESOLVED,COORD_LOW,NOT_ENOUGH_DATA,0.25,,,,19.2,,,,
26500-1723,"지성캐슬",수영구,광안동,IDENTITY_UNRESOLVED,COORD_LOW,NOT_ENOUGH_DATA,0.25,,,,69.4,,,,
26500-196,"문화빌라",수영구,광안동,IDENTITY_UNRESOLVED,COORD_LOW,NOT_ENOUGH_DATA,0.25,,,,28.0,,,,
26410-2499,"윤성리버티",금정구,장전동,IDENTITY_HIGH,COORD_HIGH,SCORE_AVAILABLE,1.00,62.2,81.1,47.4,62.8,63.4,64.1,63.2,63.7
26500-215,"부전",수영구,광안동,IDENTITY_UNRESOLVED,COORD_LOW,NOT_ENOUGH_DATA,0.25,,,,29.8,,,,
26500-232,"태흥스위트빌라",수영구,남천동,IDENTITY_UNRESOLVED,COORD_LOW,NOT_ENOUGH_DATA,0.25,,,,47.8,,,,
26500-1394,"정원부르네오",수영구,광안동,IDENTITY_UNRESOLVED,COORD_LOW,NOT_ENOUGH_DATA,0.25,,,,57.0,,,,
26500-131,"대원리치빌",수영구,민락동,IDENTITY_UNRESOLVED,COORD_LOW,NOT_ENOUGH_DATA,0.25,,,,51.4,,,,
26500-69,"광안하이아파트",수영구,광안동,IDENTITY_UNRESOLVED,COORD_LOW,NOT_ENOUGH_DATA,0.25,,,,49.6,,,,
26500-119,"대명쉐르빌",수영구,수영동,IDENTITY_UNRESOLVED,COORD_LOW,NOT_ENOUGH_DATA,0.25,,,,47.8,,,,
26500-130,"행복타운",수영구,민락동,IDENTITY_UNRESOLVED,COORD_LOW,NOT_ENOUGH_DATA,0.25,,,,51.4,,,,
26500-1980,"이린타워빌7",수영구,광안동,IDENTITY_UNRESOLVED,COORD_LOW,NOT_ENOUGH_DATA,0.25,,,,76.0,,,,
26500-210,"광안동일빌라",수영구,광안동,IDENTITY_UNRESOLVED,COORD_LOW,NOT_ENOUGH_DATA,0.25,,,,29.8,,,,
26500-154,"성남",수영구,광안동,IDENTITY_UNRESOLVED,COORD_LOW,NOT_ENOUGH_DATA,0.25,,,,17.6,,,,
26500-168,"해변빌라",수영구,광안동,IDENTITY_UNRESOLVED,COORD_LOW,NOT_ENOUGH_DATA,0.25,,,,28.0,,,,
26500-36,"진흥목화",수영구,남천동,IDENTITY_UNRESOLVED,COORD_LOW,NOT_ENOUGH_DATA,0.25,,,,37.0,,,,
26500-43,"동방로얄",수영구,망미동,IDENTITY_HIGH,COORD_HIGH,SCORE_AVAILABLE,1.00,51.2,48.9,54.7,28.0,45.7,45.5,43.3,46.3
26410-2390,"구서SKVIEW1단지",금정구,구서동,IDENTITY_HIGH,COORD_HIGH,SCORE_AVAILABLE,1.00,44.7,59.6,58.8,76.6,59.9,59.2,61.7,59.0
26410-2537,"삼한골든뷰에듀스테이션",금정구,부곡동,IDENTITY_HIGH,COORD_HIGH,SCORE_AVAILABLE,1.00,86.6,74.3,54.6,84.9,75.1,76.7,77.2,75.4
26410-2438,"퀸즈더블유장전역",금정구,부곡동,IDENTITY_HIGH,COORD_HIGH,SCORE_AVAILABLE,1.00,51.3,68.9,75.8,68.0,66.0,64.8,65.6,65.4
26410-179,"구서우성",금정구,구서동,IDENTITY_HIGH,COORD_HIGH,SCORE_AVAILABLE,1.00,55.9,51.0,66.2,59.9,58.3,57.7,58.4,58.0
26410-1930,"부곡롯데캐슬디아망",금정구,부곡동,IDENTITY_HIGH,COORD_HIGH,SCORE_AVAILABLE,1.00,45.9,62.3,58.4,67.5,58.5,57.9,59.2,57.9
26410-2071,"벽산블루밍장전디자인시티2단지",금정구,장전동,IDENTITY_HIGH,COORD_HIGH,SCORE_AVAILABLE,1.00,46.6,72.0,79.6,78.9,69.3,67.6,69.6,68.2
26410-2486,"장전삼정그린코아더베스트",금정구,장전동,IDENTITY_HIGH,COORD_HIGH,SCORE_AVAILABLE,1.00,71.9,81.1,37.4,73.7,66.0,67.7,67.5,66.4
26410-12,"경남한신",금정구,부곡동,IDENTITY_HIGH,COORD_HIGH,SCORE_AVAILABLE,1.00,72.7,68.9,57.2,61.7,65.1,65.9,65.0,65.6
26410-319,"삼백크라시앙",금정구,부곡동,IDENTITY_LOW,COORD_LOW,NOT_ENOUGH_DATA,0.25,,,,49.6,,,,
26410-1938,"장전동금정산SKVIEW",금정구,장전동,IDENTITY_HIGH,COORD_HIGH,SCORE_AVAILABLE,1.00,39.9,65.4,78.1,77.6,65.2,63.3,65.8,64.0
26410-2232,"금정산2차쌍용예가",금정구,장전동,IDENTITY_HIGH,COORD_HIGH,SCORE_AVAILABLE,1.00,47.4,63.0,79.7,73.0,65.8,64.2,65.9,64.8
26410-71,"장전현대",금정구,장전동,IDENTITY_HIGH,COORD_HIGH,SCORE_AVAILABLE,1.00,25.3,46.2,50.2,49.3,42.8,41.5,42.9,42.0
26410-2453,"래미안장전",금정구,장전동,IDENTITY_HIGH,COORD_HIGH,SCORE_AVAILABLE,1.00,56.9,80.8,65.2,83.4,71.5,71.1,72.6,70.9
26500-137,"극동아파트",수영구,민락동,IDENTITY_UNRESOLVED,COORD_HIGH,SCORE_AVAILABLE,1.00,58.1,62.6,67.3,21.6,52.4,51.9,48.1,53.4
26500-91,"대로베스타빌",수영구,광안동,IDENTITY_UNRESOLVED,COORD_HIGH,SCORE_AVAILABLE,1.00,58.5,78.0,50.3,49.6,59.1,59.5,57.6,59.6
26500-192,"광안센템빌",수영구,광안동,IDENTITY_UNRESOLVED,COORD_HIGH,SCORE_AVAILABLE,1.00,56.3,51.3,72.6,49.6,57.5,56.6,56.2,57.4
26410-1920,"부곡동푸르지오",금정구,부곡동,IDENTITY_HIGH,COORD_HIGH,SCORE_AVAILABLE,1.00,85.0,78.7,44.5,70.9,69.8,71.8,70.7,70.5
26410-315,"남신베르디",금정구,부곡동,IDENTITY_UNRESOLVED,COORD_LOW,NOT_ENOUGH_DATA,0.25,,,,46.0,,,,
26410-195,"협성그린",금정구,구서동,IDENTITY_HIGH,COORD_HIGH,SCORE_AVAILABLE,1.00,45.9,44.5,51.2,50.7,48.1,47.8,48.4,47.9
26410-5,"서동현대",금정구,서동,IDENTITY_HIGH,COORD_HIGH,SCORE_AVAILABLE,1.00,63.4,49.9,83.4,46.9,60.9,59.9,58.9,61.1
26410-2493,"허브팰리스장전",금정구,장전동,IDENTITY_HIGH,COORD_HIGH,SCORE_AVAILABLE,1.00,66.3,81.2,44.8,66.2,64.6,65.7,64.9,65.0
26410-17,"뉴그린1",금정구,부곡동,IDENTITY_HIGH,COORD_HIGH,SCORE_AVAILABLE,1.00,40.6,42.6,69.9,44.2,49.3,47.9,48.1,49.0
26410-343,"구서시티타워",금정구,구서동,IDENTITY_HIGH,COORD_HIGH,SCORE_AVAILABLE,1.00,86.9,68.0,38.9,54.3,62.0,64.4,62.1,63.3
26410-37,"에스케이아파트",금정구,부곡동,IDENTITY_HIGH,COORD_HIGH,SCORE_AVAILABLE,1.00,64.0,65.6,74.7,62.7,66.7,66.2,66.0,66.7
26410-2429,"장전서희스타힐스",금정구,부곡동,IDENTITY_HIGH,COORD_HIGH,SCORE_AVAILABLE,1.00,67.7,69.1,69.4,72.4,69.6,69.6,70.0,69.5
26410-110,"남산하이츠타운",금정구,남산동,IDENTITY_HIGH,COORD_HIGH,SCORE_AVAILABLE,1.00,56.8,69.6,72.9,52.3,62.9,62.1,61.0,63.0
26410-29,"부곡늘푸른아파트",금정구,부곡동,IDENTITY_HIGH,COORD_HIGH,SCORE_AVAILABLE,1.00,40.2,44.4,68.1,53.2,51.5,50.1,51.1,50.8
26410-80,"경동",금정구,청룡동,IDENTITY_HIGH,COORD_HIGH,SCORE_AVAILABLE,1.00,31.3,7.9,11.6,59.3,27.5,28.5,32.4,26.6
26410-172,"선경3",금정구,구서동,IDENTITY_HIGH,COORD_HIGH,SCORE_AVAILABLE,1.00,48.7,54.3,50.4,53.2,51.6,51.6,51.7,51.5
26410-94,"화신골든맨션",금정구,청룡동,IDENTITY_HIGH,COORD_HIGH,SCORE_AVAILABLE,1.00,83.6,48.2,84.3,40.8,64.2,64.2,61.7,65.1
26410-2448,"온천장역동원로얄듀크",금정구,부곡동,IDENTITY_HIGH,COORD_HIGH,SCORE_AVAILABLE,1.00,66.4,74.6,63.1,69.5,68.4,68.6,68.5,68.4
26410-26,"반도맨션",금정구,부곡동,IDENTITY_HIGH,COORD_HIGH,SCORE_AVAILABLE,1.00,55.8,60.5,73.2,34.8,56.1,55.2,52.8,56.6
26410-2069,"벽산블루밍장전디자인시티3단지",금정구,장전동,IDENTITY_HIGH,COORD_LOW,NOT_ENOUGH_DATA,0.25,,,,54.6,,,,
26410-142,"현대그레이스",금정구,남산동,IDENTITY_HIGH,COORD_HIGH,SCORE_AVAILABLE,1.00,38.8,60.9,53.4,45.3,49.6,48.8,48.4,49.5
26410-54,"금정맨션",금정구,장전동,IDENTITY_HIGH,COORD_HIGH,SCORE_AVAILABLE,1.00,47.7,77.1,68.8,21.5,53.8,52.7,48.6,54.6
26410-190,"태평양",금정구,구서동,IDENTITY_HIGH,COORD_HIGH,SCORE_AVAILABLE,1.00,50.0,30.8,76.1,45.0,50.5,49.2,49.6,50.2
26410-2073,"금정산쌍용예가",금정구,장전동,IDENTITY_HIGH,COORD_HIGH,SCORE_AVAILABLE,1.00,37.6,53.4,73.3,72.2,59.1,57.3,60.0,57.9
26410-214,"수민위즈빌",금정구,남산동,IDENTITY_LOW,COORD_LOW,NOT_ENOUGH_DATA,0.25,,,,49.6,,,,
26410-174,"구서신동아",금정구,구서동,IDENTITY_HIGH,COORD_HIGH,SCORE_AVAILABLE,1.00,72.3,66.2,69.2,51.7,64.9,65.0,63.2,65.4
26410-18,"대우",금정구,부곡동,IDENTITY_HIGH,COORD_HIGH,SCORE_AVAILABLE,1.00,77.6,71.1,64.5,66.1,69.8,70.5,69.7,70.2
26410-137,"남산천일로얄맨션",금정구,남산동,IDENTITY_HIGH,COORD_HIGH,SCORE_AVAILABLE,1.00,66.3,66.4,59.9,29.6,55.6,55.9,52.2,56.7
26410-2521,"구서역두산위브포세이돈",금정구,구서동,IDENTITY_HIGH,COORD_HIGH,SCORE_AVAILABLE,1.00,87.3,61.7,41.1,76.7,66.7,69.0,69.2,67.2
26410-2440,"꿈꾸는가",금정구,구서동,IDENTITY_HIGH,COORD_HIGH,SCORE_AVAILABLE,1.00,75.0,62.3,66.9,54.8,64.7,65.1,63.8,65.3
26410-48,"협진태양",금정구,부곡동,IDENTITY_HIGH,COORD_HIGH,SCORE_AVAILABLE,1.00,57.9,60.5,77.2,28.0,55.9,55.0,51.8,56.6
26410-151,"경보",금정구,구서동,IDENTITY_HIGH,COORD_HIGH,SCORE_AVAILABLE,1.00,50.9,44.0,55.2,46.8,49.2,49.0,49.0,49.3
26410-24,"무지개타운",금정구,부곡동,IDENTITY_HIGH,COORD_HIGH,SCORE_AVAILABLE,1.00,57.6,70.7,65.1,33.4,56.7,56.4,53.3,57.5
26410-2500,"구서백리명가에덴",금정구,구서동,IDENTITY_HIGH,COORD_HIGH,SCORE_AVAILABLE,1.00,71.8,67.7,58.1,65.1,65.7,66.3,65.9,66.0
26410-2577,"헤리티지우석",금정구,구서동,IDENTITY_HIGH,COORD_HIGH,SCORE_AVAILABLE,1.00,53.4,69.9,65.6,65.5,63.6,63.0,63.4,63.3
26410-1903,"구서동롯데캐슬골드1단지(1051)",금정구,구서동,IDENTITY_HIGH,COORD_HIGH,SCORE_AVAILABLE,1.00,61.4,53.3,64.4,73.2,63.1,62.9,64.5,62.6
26410-1915,"부곡동대동다:숲",금정구,부곡동,IDENTITY_HIGH,COORD_HIGH,SCORE_AVAILABLE,1.00,68.3,74.1,51.8,69.9,66.0,66.8,66.7,66.2
26410-1902,"구서동롯데캐슬골드2단지(1049)",금정구,구서동,IDENTITY_HIGH,COORD_HIGH,SCORE_AVAILABLE,1.00,59.1,52.0,64.3,75.8,62.8,62.5,64.6,62.2
26410-307,"산수유",금정구,장전동,IDENTITY_HIGH,COORD_HIGH,SCORE_AVAILABLE,1.00,66.2,81.0,41.8,40.5,57.4,58.6,55.3,58.6
26410-1916,"금정산경동메르빌아파트",금정구,청룡동,IDENTITY_HIGH,COORD_HIGH,SCORE_AVAILABLE,1.00,30.7,11.7,12.4,60.6,28.9,29.8,33.7,27.9
26410-153,"금강부광",금정구,구서동,IDENTITY_HIGH,COORD_HIGH,SCORE_AVAILABLE,1.00,25.7,51.3,61.0,56.6,48.6,46.9,48.7,47.6
26410-41,"우신뉴타운",금정구,부곡동,IDENTITY_HIGH,COORD_HIGH,SCORE_AVAILABLE,1.00,56.1,67.8,71.4,56.2,62.9,62.1,61.5,62.8
26410-118,"미화",금정구,남산동,IDENTITY_HIGH,COORD_HIGH,SCORE_AVAILABLE,1.00,65.4,64.2,50.9,33.1,53.4,54.1,51.0,54.5
26410-1933,"금정힐스테이트",금정구,장전동,IDENTITY_HIGH,COORD_HIGH,SCORE_AVAILABLE,1.00,30.4,58.8,57.6,68.5,53.8,52.4,54.8,52.7
26410-1937,"구서동쌍용예가2단지",금정구,구서동,IDENTITY_HIGH,COORD_HIGH,SCORE_AVAILABLE,1.00,51.4,60.9,69.0,76.7,64.5,63.6,65.7,63.7
26410-119,"삼성",금정구,남산동,IDENTITY_HIGH,COORD_HIGH,SCORE_AVAILABLE,1.00,52.2,66.4,53.0,41.8,53.4,53.3,51.6,53.8
26410-70,"장전경보",금정구,장전동,IDENTITY_HIGH,COORD_HIGH,SCORE_AVAILABLE,1.00,47.0,72.2,62.7,52.9,58.7,57.9,57.3,58.6
26410-2137,"부산대역삼정그린코아스카이동",금정구,부곡동,IDENTITY_HIGH,COORD_HIGH,SCORE_AVAILABLE,1.00,84.8,76.6,41.7,60.9,66.0,68.2,66.2,67.1
26410-2375,"금광예다움",금정구,구서동,IDENTITY_HIGH,COORD_HIGH,SCORE_AVAILABLE,1.00,62.3,68.0,62.1,55.3,61.9,61.9,60.9,62.2
26410-2394,"드림아트온",금정구,장전동,IDENTITY_HIGH,COORD_HIGH,SCORE_AVAILABLE,1.00,70.1,79.7,36.7,59.0,61.4,63.0,61.5,62.1
26410-2128,"구서 협성 엠파이어",금정구,구서동,IDENTITY_HIGH,COORD_HIGH,SCORE_AVAILABLE,1.00,73.0,59.5,57.0,68.2,64.5,65.3,65.4,64.6
26410-1912,"우남이채롬",금정구,남산동,IDENTITY_HIGH,COORD_HIGH,SCORE_AVAILABLE,1.00,64.5,65.5,48.0,52.2,57.6,58.4,57.1,58.1
26410-204,"그린빌",금정구,구서동,IDENTITY_HIGH,COORD_HIGH,SCORE_AVAILABLE,1.00,61.5,70.5,58.4,36.3,56.7,56.8,53.8,57.5
26410-1892,"삼흥펠리스빌",금정구,구서동,IDENTITY_HIGH,COORD_HIGH,SCORE_AVAILABLE,1.00,85.1,67.7,42.8,43.6,59.8,61.9,58.6,61.3
26410-58,"금정산한신",금정구,장전동,IDENTITY_HIGH,COORD_HIGH,SCORE_AVAILABLE,1.00,40.9,60.3,80.7,47.9,57.4,55.5,55.2,57.0
26410-2435,"남산누리마을",금정구,남산동,IDENTITY_HIGH,COORD_HIGH,SCORE_AVAILABLE,1.00,72.2,58.8,70.7,56.8,64.6,64.7,63.8,65.0
26410-2288,"삼한사랑채",금정구,금사동,IDENTITY_HIGH,COORD_HIGH,SCORE_AVAILABLE,1.00,38.0,21.4,49.7,63.0,43.0,42.4,45.8,42.0
26410-21,"동양부곡",금정구,부곡동,IDENTITY_HIGH,COORD_HIGH,SCORE_AVAILABLE,1.00,55.7,69.7,77.5,21.7,56.1,55.1,51.0,57.1
26410-2463,"파크아트온",금정구,장전동,IDENTITY_HIGH,COORD_HIGH,SCORE_AVAILABLE,1.00,61.2,81.3,51.7,64.2,64.6,65.1,64.4,64.8
26410-2469,"위클라우드16차",금정구,부곡동,IDENTITY_HIGH,COORD_HIGH,SCORE_AVAILABLE,1.00,50.7,65.8,76.2,53.1,61.5,60.2,59.7,61.3
26410-2475,"트레비앙",금정구,서동,IDENTITY_HIGH,COORD_HIGH,SCORE_AVAILABLE,1.00,72.8,69.0,45.7,60.4,62.0,63.3,62.3,62.6
26410-108,"럭키남산",금정구,남산동,IDENTITY_HIGH,COORD_HIGH,SCORE_AVAILABLE,1.00,51.8,58.6,63.6,49.2,55.8,55.2,54.6,55.8
26410-2476,"태성캐슬",금정구,구서동,IDENTITY_HIGH,COORD_HIGH,SCORE_AVAILABLE,1.00,57.7,59.2,83.1,63.7,65.9,64.6,65.2,65.5
26410-2508,"정우골든시티",금정구,장전동,IDENTITY_LOW,COORD_LOW,NOT_ENOUGH_DATA,0.25,,,,83.2,,,,
26410-2554,"금정더유엘프리미어",금정구,청룡동,IDENTITY_HIGH,COORD_HIGH,SCORE_AVAILABLE,1.00,57.7,29.0,44.9,69.6,50.3,50.9,53.6,49.8
26410-35,"신동아",금정구,부곡동,IDENTITY_HIGH,COORD_HIGH,SCORE_AVAILABLE,1.00,66.4,76.6,69.7,46.1,64.7,64.5,62.0,65.4
26410-2490,"온천장해피투모로우",금정구,장전동,IDENTITY_HIGH,COORD_HIGH,SCORE_AVAILABLE,1.00,52.1,79.9,60.8,66.1,64.7,64.3,64.3,64.5
26410-64,"엘지금정",금정구,장전동,IDENTITY_HIGH,COORD_HIGH,SCORE_AVAILABLE,1.00,45.5,70.3,80.7,48.4,61.2,59.5,58.5,61.1
26410-2065,"벽산블루밍장전디자인시티1단지",금정구,장전동,IDENTITY_HIGH,COORD_HIGH,SCORE_AVAILABLE,1.00,38.2,64.3,76.8,57.5,59.2,57.3,57.9,58.5
26410-1897,"동원로얄듀크",금정구,부곡동,IDENTITY_HIGH,COORD_HIGH,SCORE_AVAILABLE,1.00,80.9,70.2,57.6,56.1,66.2,67.4,65.4,67.1
26410-306,"행운아트빌",금정구,장전동,IDENTITY_HIGH,COORD_HIGH,SCORE_AVAILABLE,1.00,48.0,70.3,61.0,36.7,54.0,53.4,51.1,54.4
26260-2006,"동서허브H",동래구,낙민동,IDENTITY_HIGH,COORD_HIGH,SCORE_AVAILABLE,1.00,72.0,64.0,81.4,59.7,69.3,68.8,68.0,69.5
26410-272,"삼성파크",금정구,구서동,IDENTITY_HIGH,COORD_HIGH,SCORE_AVAILABLE,1.00,57.4,52.0,75.6,28.5,53.4,52.5,49.8,54.0
26410-336,"서동삼한-1",금정구,서동,IDENTITY_HIGH,COORD_HIGH,SCORE_AVAILABLE,1.00,42.7,55.2,65.3,52.3,53.9,52.7,53.1,53.5
26410-4,"서동아신",금정구,서동,IDENTITY_HIGH,COORD_HIGH,SCORE_AVAILABLE,1.00,27.0,37.9,59.6,40.0,41.1,39.5,40.3,40.5
26410-2563,"구서다움파크",금정구,구서동,IDENTITY_LOW,COORD_HIGH,SCORE_AVAILABLE,1.00,50.8,56.6,83.2,90.0,70.2,68.5,72.2,68.7
26410-2378,"온천아이브",금정구,장전동,IDENTITY_HIGH,COORD_HIGH,SCORE_AVAILABLE,1.00,53.4,79.8,57.6,56.5,61.8,61.6,60.6,61.9
26410-194,"한진아파트",금정구,구서동,IDENTITY_HIGH,COORD_HIGH,SCORE_AVAILABLE,1.00,53.0,48.4,55.0,32.9,47.3,47.2,45.4,47.9
26410-2312,"해뜰채",금정구,청룡동,IDENTITY_HIGH,COORD_HIGH,SCORE_AVAILABLE,1.00,67.0,37.8,56.8,51.1,53.2,53.7,53.6,53.5
26410-1904,"우남이채롬",금정구,장전동,IDENTITY_HIGH,COORD_HIGH,SCORE_AVAILABLE,1.00,85.3,72.6,50.7,51.3,65.0,66.7,64.0,66.2
26410-1898,"대우우남이채롬",금정구,부곡동,IDENTITY_HIGH,COORD_HIGH,SCORE_AVAILABLE,1.00,70.9,68.4,55.6,48.2,60.8,61.5,59.4,61.6
26410-2456,"대보드림채",금정구,구서동,IDENTITY_HIGH,COORD_HIGH,SCORE_AVAILABLE,1.00,67.5,64.2,62.0,58.3,63.0,63.3,62.5,63.3
26410-2464,"서동다성이룸",금정구,서동,IDENTITY_HIGH,COORD_HIGH,SCORE_AVAILABLE,1.00,66.8,66.6,43.7,58.6,58.9,60.1,59.3,59.4
26410-391,"성지아파트",금정구,서동,IDENTITY_HIGH,COORD_HIGH,SCORE_AVAILABLE,1.00,45.9,59.6,72.4,54.5,58.1,56.8,57.0,57.7
26410-46,"현대",금정구,부곡동,IDENTITY_HIGH,COORD_HIGH,SCORE_AVAILABLE,1.00,36.5,47.9,57.9,39.9,45.6,44.5,44.3,45.4
26410-2509,"스카이엘",금정구,구서동,IDENTITY_HIGH,COORD_HIGH,SCORE_AVAILABLE,1.00,66.0,68.9,53.2,62.2,62.6,63.2,62.7,62.8
26410-256,"학산코스모빌라",금정구,남산동,IDENTITY_HIGH,COORD_HIGH,SCORE_AVAILABLE,1.00,43.5,47.4,81.6,26.9,49.9,47.9,46.1,50.0
26410-1936,"구서동쌍용예가1단지",금정구,구서동,IDENTITY_HIGH,COORD_HIGH,SCORE_AVAILABLE,1.00,32.0,53.8,71.7,68.5,56.5,54.5,57.1,55.2
26410-9,"삼한",금정구,금사동,IDENTITY_HIGH,COORD_HIGH,SCORE_AVAILABLE,1.00,72.3,48.7,68.3,38.8,57.0,57.2,55.1,57.9
26410-215,"마드레빌",금정구,부곡동,IDENTITY_HIGH,COORD_HIGH,SCORE_AVAILABLE,1.00,38.3,53.1,80.7,49.5,55.4,53.3,53.6,54.8
26410-33,"송림",금정구,부곡동,IDENTITY_LOW,COORD_LOW,NOT_ENOUGH_DATA,0.25,,,,18.4,,,,
26410-383,"유림노르웨이아침",금정구,구서동,IDENTITY_HIGH,COORD_HIGH,SCORE_AVAILABLE,1.00,70.5,70.8,50.6,58.6,62.6,63.6,62.4,63.2
26410-100,"경동아파트",금정구,남산동,IDENTITY_HIGH,COORD_HIGH,SCORE_AVAILABLE,1.00,80.5,67.8,62.4,37.4,62.0,62.9,59.3,63.4
26410-13,"경보온천타워",금정구,부곡동,IDENTITY_HIGH,COORD_HIGH,SCORE_AVAILABLE,1.00,79.2,77.9,52.5,41.4,62.8,64.1,60.4,64.1
26410-45,"향양",금정구,부곡동,IDENTITY_HIGH,COORD_HIGH,SCORE_AVAILABLE,1.00,43.9,42.6,70.7,22.4,44.9,43.5,41.5,45.3
26410-82,"남화기수타워",금정구,청룡동,IDENTITY_HIGH,COORD_HIGH,SCORE_AVAILABLE,1.00,67.3,44.5,62.4,31.5,51.4,51.6,49.2,52.3
26410-74,"현대2",금정구,장전동,IDENTITY_HIGH,COORD_HIGH,SCORE_AVAILABLE,1.00,49.1,71.0,23.1,49.1,48.1,49.4,48.3,48.6
26410-97,"거성경원",금정구,남산동,IDENTITY_HIGH,COORD_HIGH,SCORE_AVAILABLE,1.00,45.4,44.1,75.6,33.6,49.7,48.2,47.0,49.7
26410-2601,"휴림아르페",금정구,남산동,IDENTITY_HIGH,COORD_LOW,NOT_ENOUGH_DATA,0.25,,,,60.8,,,,
26410-44,"한보타운",금정구,부곡동,IDENTITY_HIGH,COORD_HIGH,SCORE_AVAILABLE,1.00,44.3,54.2,61.5,48.0,52.0,51.1,51.0,51.8
26410-36,"쌍용",금정구,부곡동,IDENTITY_HIGH,COORD_HIGH,SCORE_AVAILABLE,1.00,62.1,60.6,75.8,62.1,65.2,64.5,64.5,65.0
26410-86,"삼부",금정구,청룡동,IDENTITY_LOW,COORD_HIGH,SCORE_AVAILABLE,1.00,90.8,53.3,81.3,46.0,67.9,68.3,65.7,68.9
26410-116,"동산빌라",금정구,남산동,IDENTITY_LOW,COORD_HIGH,SCORE_AVAILABLE,1.00,43.9,52.1,65.7,26.4,47.0,45.9,43.8,47.4
26410-2396,"다온미즈",금정구,서동,IDENTITY_HIGH,COORD_HIGH,SCORE_AVAILABLE,1.00,80.6,64.0,55.5,55.3,63.9,65.1,63.4,64.7
26410-2420,"부곡동프리미엄안단테아파트",금정구,부곡동,IDENTITY_HIGH,COORD_HIGH,SCORE_AVAILABLE,1.00,45.6,62.9,78.1,56.7,60.8,59.2,59.4,60.3
26410-2401,"엘스퀘어",금정구,부곡동,IDENTITY_HIGH,COORD_HIGH,SCORE_AVAILABLE,1.00,76.4,68.5,63.0,52.5,65.1,65.8,63.8,65.9
26410-233,"행복이가득한집",금정구,남산동,IDENTITY_HIGH,COORD_HIGH,SCORE_AVAILABLE,1.00,78.8,65.5,34.2,37.2,53.9,56.2,52.7,55.5
26410-42,"장미(773-1)",금정구,부곡동,IDENTITY_HIGH,COORD_HIGH,SCORE_AVAILABLE,1.00,52.0,50.3,65.5,26.4,48.5,47.9,45.4,49.2
26410-2434,"태림아르페",금정구,청룡동,IDENTITY_HIGH,COORD_HIGH,SCORE_AVAILABLE,1.00,58.6,33.5,50.7,56.6,49.8,50.2,51.3,49.7
26410-158,"동일",금정구,구서동,IDENTITY_HIGH,COORD_HIGH,SCORE_AVAILABLE,1.00,65.9,62.3,70.4,34.8,58.4,58.1,55.2,59.2
26410-2457,"태진팰리스",금정구,구서동,IDENTITY_HIGH,COORD_HIGH,SCORE_AVAILABLE,1.00,88.8,62.6,43.0,62.7,64.3,66.6,65.3,65.3
26410-2473,"산들파르테2차",금정구,구서동,IDENTITY_HIGH,COORD_HIGH,SCORE_AVAILABLE,1.00,74.1,62.3,72.6,57.7,66.7,66.7,65.7,67.1
26410-38,"엘지",금정구,부곡동,IDENTITY_HIGH,COORD_HIGH,SCORE_AVAILABLE,1.00,67.9,75.6,43.2,49.9,59.2,60.4,58.2,60.0
26410-2484,"보성오페라",금정구,구서동,IDENTITY_HIGH,COORD_HIGH,SCORE_AVAILABLE,1.00,79.9,61.4,65.4,56.7,65.9,66.6,65.2,66.5
26410-22,"동원",금정구,부곡동,IDENTITY_HIGH,COORD_HIGH,SCORE_AVAILABLE,1.00,66.1,74.3,43.0,27.2,52.6,53.8,49.5,54.1
26410-260,"아름베스트빌6차",금정구,구서동,IDENTITY_HIGH,COORD_HIGH,SCORE_AVAILABLE,1.00,89.5,63.4,39.2,40.2,58.1,60.6,57.0,59.8
26410-266,"궁전빌리지",금정구,구서동,IDENTITY_HIGH,COORD_HIGH,SCORE_AVAILABLE,1.00,77.0,62.3,48.1,32.4,54.9,56.4,52.7,56.4
26410-28,"부곡맨션",금정구,부곡동,IDENTITY_HIGH,COORD_HIGH,SCORE_AVAILABLE,1.00,69.7,76.7,39.2,22.8,52.1,53.6,48.6,53.9
26410-115,"동광세화맨션",금정구,남산동,IDENTITY_HIGH,COORD_HIGH,SCORE_AVAILABLE,1.00,79.9,62.9,48.1,30.1,55.3,56.9,52.7,56.9
26410-281,"구서동삼백크라시앙",금정구,구서동,IDENTITY_HIGH,COORD_HIGH,SCORE_AVAILABLE,1.00,75.7,67.7,46.0,44.4,58.4,59.9,57.2,59.6
26410-296,"반야빌라",금정구,장전동,IDENTITY_HIGH,COORD_HIGH,SCORE_AVAILABLE,1.00,69.2,77.1,29.8,35.6,52.9,54.9,51.1,54.4
26410-39,"영광맨션",금정구,부곡동,IDENTITY_HIGH,COORD_HIGH,SCORE_AVAILABLE,1.00,77.7,70.2,63.8,22.7,58.6,59.3,54.2,60.4
26410-96,"드림파크빌리지",금정구,청룡동,IDENTITY_HIGH,COORD_HIGH,SCORE_AVAILABLE,1.00,49.6,27.5,36.4,36.3,37.4,38.1,37.9,37.7
26410-193,"한일",금정구,구서동,IDENTITY_HIGH,COORD_HIGH,SCORE_AVAILABLE,1.00,76.0,56.6,52.5,31.0,54.0,55.2,51.7,55.4
26410-14,"국제그린",금정구,부곡동,IDENTITY_HIGH,COORD_HIGH,SCORE_AVAILABLE,1.00,63.6,72.8,56.7,42.1,58.8,59.2,56.6,59.6
26410-318,"장미(215-1)",금정구,부곡동,IDENTITY_LOW,COORD_HIGH,SCORE_AVAILABLE,1.00,54.8,55.9,64.5,14.4,47.4,46.9,42.8,48.5
26410-141,"한아름",금정구,남산동,IDENTITY_LOW,COORD_HIGH,SCORE_AVAILABLE,1.00,41.9,25.8,25.3,29.8,30.7,31.5,31.1,31.0
26410-175,"신일",금정구,구서동,IDENTITY_HIGH,COORD_HIGH,SCORE_AVAILABLE,1.00,51.1,62.9,56.2,19.5,47.4,47.2,43.4,48.5
26410-2406,"지성캐슬",금정구,청룡동,IDENTITY_HIGH,COORD_HIGH,SCORE_AVAILABLE,1.00,80.2,53.6,78.3,53.0,66.2,66.3,64.9,66.8
26410-2395,"우일아내트",금정구,서동,IDENTITY_HIGH,COORD_HIGH,SCORE_AVAILABLE,1.00,54.5,67.0,35.9,57.5,53.7,54.7,54.3,53.9
26410-2142,"청룡예뜨랑1",금정구,청룡동,IDENTITY_HIGH,COORD_HIGH,SCORE_AVAILABLE,1.00,88.6,53.9,81.4,46.8,67.7,68.0,65.6,68.6
26410-2254,"골든팰리스",금정구,장전동,IDENTITY_HIGH,COORD_HIGH,SCORE_AVAILABLE,1.00,66.1,81.9,39.9,49.2,59.3,60.6,58.1,60.2
26410-154,"금화",금정구,구서동,IDENTITY_HIGH,COORD_HIGH,SCORE_AVAILABLE,1.00,64.0,60.5,79.0,20.4,56.0,55.2,51.0,57.1
26410-2446,"나경위너스",금정구,남산동,IDENTITY_HIGH,COORD_HIGH,SCORE_AVAILABLE,1.00,83.7,56.8,80.8,58.4,69.9,70.1,68.9,70.4
26410-249,"대명5차",금정구,남산동,IDENTITY_HIGH,COORD_HIGH,SCORE_AVAILABLE,1.00,52.3,35.1,50.8,43.5,45.5,45.5,45.5,45.6
26410-257,"남산그린파크",금정구,남산동,IDENTITY_HIGH,COORD_HIGH,SCORE_AVAILABLE,1.00,49.3,48.1,71.9,32.9,50.6,49.4,47.9,50.8
26410-34,"부곡늘푸른아파트",금정구,부곡동,IDENTITY_HIGH,COORD_HIGH,SCORE_AVAILABLE,1.00,37.7,44.3,65.6,54.0,50.4,49.0,50.3,49.7
26410-181,"일신",금정구,구서동,IDENTITY_HIGH,COORD_HIGH,SCORE_AVAILABLE,1.00,56.8,49.6,56.7,37.5,50.2,50.2,48.6,50.7
26410-2389,"구서SKVIEW2단지",금정구,구서동,IDENTITY_HIGH,COORD_HIGH,SCORE_AVAILABLE,1.00,36.8,57.7,61.4,66.0,55.5,54.2,56.1,54.6
26410-263,"청아리치타운",금정구,구서동,IDENTITY_HIGH,COORD_HIGH,SCORE_AVAILABLE,1.00,65.3,66.4,58.8,44.7,58.8,59.2,57.0,59.5
26410-308,"용진노블레스",금정구,장전동,IDENTITY_HIGH,COORD_HIGH,SCORE_AVAILABLE,1.00,63.3,81.6,48.7,41.6,58.8,59.5,56.4,59.7
26410-311,"유나베네스타운",금정구,부곡동,IDENTITY_HIGH,COORD_HIGH,SCORE_AVAILABLE,1.00,58.6,57.1,69.5,37.6,55.7,55.1,53.1,56.2
26410-320,"위스빌",금정구,부곡동,IDENTITY_HIGH,COORD_HIGH,SCORE_AVAILABLE,1.00,30.1,56.7,79.3,34.2,50.1,47.6,46.7,49.7
26410-328,"전원파크뷰",금정구,부곡동,IDENTITY_HIGH,COORD_HIGH,SCORE_AVAILABLE,1.00,86.2,81.1,36.5,40.7,61.1,63.6,59.3,62.9
26410-3,"삼한여명",금정구,서동,IDENTITY_HIGH,COORD_HIGH,SCORE_AVAILABLE,1.00,74.9,58.4,73.7,45.1,63.0,63.1,60.9,63.8
26410-341,"동성베스트",금정구,회동동,IDENTITY_HIGH,COORD_HIGH,SCORE_AVAILABLE,1.00,25.7,11.4,14.5,37.4,22.3,22.8,24.7,21.9
26410-81,"구남",금정구,청룡동,IDENTITY_HIGH,COORD_HIGH,SCORE_AVAILABLE,1.00,40.0,25.8,31.4,38.6,33.9,34.4,35.0,33.9
26410-2053,"한진스카이뷰",금정구,구서동,IDENTITY_LOW,COORD_LOW,NOT_ENOUGH_DATA,0.25,,,,67.2,,,,
26410-270,"서원",금정구,구서동,IDENTITY_UNRESOLVED,COORD_LOW,NOT_ENOUGH_DATA,0.25,,,,46.0,,,,
26410-7,"한성기린",금정구,서동,IDENTITY_HIGH,COORD_HIGH,SCORE_AVAILABLE,1.00,42.4,47.9,62.9,33.0,46.6,45.5,44.3,46.7
26410-180,"구서빌라1동",금정구,구서동,IDENTITY_UNRESOLVED,COORD_LOW,NOT_ENOUGH_DATA,0.25,,,,28.0,,,,
26410-666,"청암",금정구,남산동,IDENTITY_LOW,COORD_HIGH,SCORE_AVAILABLE,1.00,44.4,45.8,64.1,47.8,50.5,49.5,49.8,50.2
26410-107,"남산그린",금정구,남산동,IDENTITY_LOW,COORD_HIGH,SCORE_AVAILABLE,1.00,51.3,56.5,68.5,35.2,52.9,52.0,50.2,53.3
26410-2370,"산들파르테",금정구,구서동,IDENTITY_HIGH,COORD_HIGH,SCORE_AVAILABLE,1.00,57.1,58.2,82.0,53.1,62.6,61.4,60.9,62.5
26410-1931,"한진스카이",금정구,구서동,IDENTITY_HIGH,COORD_HIGH,SCORE_AVAILABLE,1.00,76.8,68.3,43.4,50.1,59.7,61.3,59.1,60.7
26410-2300,"삼한사랑채",금정구,부곡동,IDENTITY_HIGH,COORD_HIGH,SCORE_AVAILABLE,1.00,40.2,60.8,76.7,52.7,57.6,55.8,56.0,57.1
26410-1895,"화신",금정구,장전동,IDENTITY_HIGH,COORD_HIGH,SCORE_AVAILABLE,1.00,83.9,71.0,52.0,37.0,61.0,62.6,58.5,62.6
26410-209,"조광",금정구,구서동,IDENTITY_HIGH,COORD_HIGH,SCORE_AVAILABLE,1.00,54.3,70.2,70.9,35.3,57.7,56.9,54.2,58.3
26410-227,"석산3차",금정구,남산동,IDENTITY_HIGH,COORD_HIGH,SCORE_AVAILABLE,1.00,71.2,55.1,76.2,24.2,56.7,56.4,52.5,57.8
26410-2393,"장전동SJ타워",금정구,장전동,IDENTITY_HIGH,COORD_HIGH,SCORE_AVAILABLE,1.00,61.8,81.9,54.7,56.3,63.7,64.0,62.5,64.1
26410-140,"태인빌라",금정구,남산동,IDENTITY_HIGH,COORD_HIGH,SCORE_AVAILABLE,1.00,61.1,67.2,48.1,25.8,50.6,51.2,47.4,51.8
26410-235,"남석빌라",금정구,남산동,IDENTITY_UNRESOLVED,COORD_LOW,NOT_ENOUGH_DATA,0.25,,,,29.8,,,,
26410-47,"협성",금정구,부곡동,IDENTITY_UNRESOLVED,COORD_LOW,NOT_ENOUGH_DATA,0.25,,,,16.0,,,,
26410-275,"용진베스트빌라",금정구,구서동,IDENTITY_UNRESOLVED,COORD_LOW,NOT_ENOUGH_DATA,0.25,,,,42.4,,,,
26410-87,"소암파크",금정구,청룡동,IDENTITY_UNRESOLVED,COORD_LOW,NOT_ENOUGH_DATA,0.25,,,,28.0,,,,
26410-385,"덕한빌라",금정구,장전동,IDENTITY_UNRESOLVED,COORD_LOW,NOT_ENOUGH_DATA,0.25,,,,47.8,,,,
26410-2489,"부곡아름채아파트",금정구,부곡동,IDENTITY_UNRESOLVED,COORD_LOW,NOT_ENOUGH_DATA,0.25,,,,83.2,,,,
26410-269,"동보2차",금정구,구서동,IDENTITY_UNRESOLVED,COORD_LOW,NOT_ENOUGH_DATA,0.25,,,,44.2,,,,
26410-23,"동현맨션",금정구,부곡동,IDENTITY_UNRESOLVED,COORD_LOW,NOT_ENOUGH_DATA,0.25,,,,14.4,,,,
26410-388,"재우카라디움",금정구,장전동,IDENTITY_UNRESOLVED,COORD_LOW,NOT_ENOUGH_DATA,0.25,,,,51.4,,,,
26410-184,"일화아트빌라",금정구,구서동,IDENTITY_UNRESOLVED,COORD_LOW,NOT_ENOUGH_DATA,0.25,,,,28.0,,,,
26410-1985,"벽송수피아",금정구,남산동,IDENTITY_UNRESOLVED,COORD_LOW,NOT_ENOUGH_DATA,0.25,,,,65.0,,,,
26410-211,"로얄캐슬",금정구,구서동,IDENTITY_UNRESOLVED,COORD_LOW,NOT_ENOUGH_DATA,0.25,,,,47.8,,,,
26410-75,"효산",금정구,장전동,IDENTITY_UNRESOLVED,COORD_LOW,NOT_ENOUGH_DATA,0.25,,,,18.4,,,,
26410-2465,"LKS노빌리티",금정구,서동,IDENTITY_UNRESOLVED,COORD_LOW,NOT_ENOUGH_DATA,0.25,,,,80.8,,,,
26410-61,"새온천",금정구,장전동,IDENTITY_UNRESOLVED,COORD_LOW,NOT_ENOUGH_DATA,0.25,,,,12.8,,,,
26410-314,"까치빌라트",금정구,부곡동,IDENTITY_UNRESOLVED,COORD_LOW,NOT_ENOUGH_DATA,0.25,,,,44.2,,,,
26410-109,"일양하이츠빌라",금정구,남산동,IDENTITY_UNRESOLVED,COORD_LOW,NOT_ENOUGH_DATA,0.25,,,,28.0,,,,
26410-2238,"SG이너스Ⅱ",금정구,부곡동,IDENTITY_UNRESOLVED,COORD_LOW,NOT_ENOUGH_DATA,0.25,,,,71.6,,,,
26410-2437,"서동동국에버리치",금정구,서동,IDENTITY_UNRESOLVED,COORD_LOW,NOT_ENOUGH_DATA,0.25,,,,78.4,,,,
26410-148,"맥스빌",금정구,남산동,IDENTITY_UNRESOLVED,COORD_LOW,NOT_ENOUGH_DATA,0.25,,,,47.8,,,,
26410-2517,"우석쉐르빌",금정구,구서동,IDENTITY_UNRESOLVED,COORD_LOW,NOT_ENOUGH_DATA,0.25,,,,85.6,,,,
26410-279,"경희빌리지",금정구,구서동,IDENTITY_UNRESOLVED,COORD_LOW,NOT_ENOUGH_DATA,0.25,,,,51.4,,,,
26410-85,"범양빌라",금정구,청룡동,IDENTITY_HIGH,COORD_HIGH,SCORE_AVAILABLE,1.00,81.7,45.2,77.5,37.9,60.6,60.8,58.2,61.6
26410-264,"광이드림타워",금정구,구서동,IDENTITY_UNRESOLVED,COORD_LOW,NOT_ENOUGH_DATA,0.25,,,,49.6,,,,
26410-102,"경원A동",금정구,남산동,IDENTITY_UNRESOLVED,COORD_LOW,NOT_ENOUGH_DATA,0.25,,,,44.2,,,,
26410-2336,"엘리시움",금정구,남산동,IDENTITY_UNRESOLVED,COORD_LOW,NOT_ENOUGH_DATA,0.25,,,,73.8,,,,
26410-2496,"해마루3",금정구,부곡동,IDENTITY_UNRESOLVED,COORD_LOW,NOT_ENOUGH_DATA,0.25,,,,83.2,,,,
26410-339,"LG스카이빌",금정구,금사동,IDENTITY_UNRESOLVED,COORD_LOW,NOT_ENOUGH_DATA,0.25,,,,51.4,,,,
26410-286,"명진",금정구,구서동,IDENTITY_HIGH,COORD_HIGH,SCORE_AVAILABLE,1.00,58.8,53.1,42.1,26.5,45.1,46.0,43.0,46.2
26410-218,"동남아트빌",금정구,서동,IDENTITY_UNRESOLVED,COORD_LOW,NOT_ENOUGH_DATA,0.25,,,,49.6,,,,
26410-2413,"온천지음",금정구,부곡동,IDENTITY_UNRESOLVED,COORD_LOW,NOT_ENOUGH_DATA,0.25,,,,78.4,,,,
26410-19,"동백",금정구,부곡동,IDENTITY_UNRESOLVED,COORD_LOW,NOT_ENOUGH_DATA,0.25,,,,14.4,,,,
26410-68,"용진힐타운",금정구,장전동,IDENTITY_UNRESOLVED,COORD_LOW,NOT_ENOUGH_DATA,0.25,,,,46.0,,,,
26410-389,"최신빌라",금정구,장전동,IDENTITY_UNRESOLVED,COORD_LOW,NOT_ENOUGH_DATA,0.25,,,,47.8,,,,
26410-208,"우남센스빌",금정구,구서동,IDENTITY_UNRESOLVED,COORD_LOW,NOT_ENOUGH_DATA,0.25,,,,47.8,,,,
26410-291,"동아썬빌라",금정구,장전동,IDENTITY_UNRESOLVED,COORD_LOW,NOT_ENOUGH_DATA,0.25,,,,26.4,,,,
26410-241,"아름베스트7차",금정구,남산동,IDENTITY_UNRESOLVED,COORD_LOW,NOT_ENOUGH_DATA,0.25,,,,49.6,,,,
26410-104,"국제빌라",금정구,남산동,IDENTITY_UNRESOLVED,COORD_HIGH,SCORE_AVAILABLE,1.00,54.5,70.3,74.0,29.8,57.2,56.2,52.9,57.9
26410-207,"구서동하나로3",금정구,구서동,IDENTITY_UNRESOLVED,COORD_HIGH,SCORE_AVAILABLE,1.00,53.1,69.9,69.6,47.8,60.1,59.3,57.9,60.3
26410-271,"전원금강빌",금정구,구서동,IDENTITY_UNRESOLVED,COORD_HIGH,SCORE_AVAILABLE,1.00,70.6,54.4,63.1,49.6,59.4,59.8,58.5,60.0
26410-197,"아름베스트빌5",금정구,구서동,IDENTITY_UNRESOLVED,COORD_HIGH,SCORE_AVAILABLE,1.00,77.1,59.5,52.9,49.6,59.8,61.0,59.1,60.7
26410-2422,"휴림아르페(남산동21-7)",금정구,남산동,IDENTITY_UNRESOLVED,COORD_HIGH,SCORE_AVAILABLE,1.00,85.1,56.0,81.9,78.4,75.3,75.5,76.3,75.3
26410-92,"청산빌라",금정구,청룡동,IDENTITY_UNRESOLVED,COORD_HIGH,SCORE_AVAILABLE,1.00,67.0,44.5,59.8,35.2,51.6,52.0,49.9,52.4
26410-106,"남도그린파크",금정구,남산동,IDENTITY_UNRESOLVED,COORD_LOW,NOT_ENOUGH_DATA,0.25,,,,35.2,,,,
26410-234,"건흥",금정구,남산동,IDENTITY_UNRESOLVED,COORD_LOW,NOT_ENOUGH_DATA,0.25,,,,44.2,,,,
26410-397,"샘하이츠",금정구,남산동,IDENTITY_UNRESOLVED,COORD_LOW,NOT_ENOUGH_DATA,0.25,,,,46.0,,,,
26410-60,"삼성하이츠",금정구,장전동,IDENTITY_UNRESOLVED,COORD_LOW,NOT_ENOUGH_DATA,0.25,,,,31.6,,,,
26410-162,"산호",금정구,구서동,IDENTITY_HIGH,COORD_HIGH,SCORE_AVAILABLE,1.00,52.9,55.6,80.4,29.7,54.6,53.3,50.8,55.1
26410-259,"석산6차",금정구,남산동,IDENTITY_UNRESOLVED,COORD_LOW,NOT_ENOUGH_DATA,0.25,,,,26.4,,,,
26410-63,"소망빌라",금정구,장전동,IDENTITY_UNRESOLVED,COORD_LOW,NOT_ENOUGH_DATA,0.25,,,,44.2,,,,
26410-223,"금정산롯데인벤스84",금정구,청룡동,IDENTITY_UNRESOLVED,COORD_LOW,NOT_ENOUGH_DATA,0.25,,,,51.4,,,,
26410-128,"신풍아트빌라",금정구,남산동,IDENTITY_UNRESOLVED,COORD_LOW,NOT_ENOUGH_DATA,0.25,,,,28.0,,,,
26410-144,"동보6차",금정구,남산동,IDENTITY_UNRESOLVED,COORD_LOW,NOT_ENOUGH_DATA,0.25,,,,47.8,,,,
26410-2240,"천아하늘정원",금정구,부곡동,IDENTITY_UNRESOLVED,COORD_LOW,NOT_ENOUGH_DATA,0.25,,,,71.6,,,,
26410-250,"아신빌라",금정구,남산동,IDENTITY_UNRESOLVED,COORD_LOW,NOT_ENOUGH_DATA,0.25,,,,26.4,,,,
26410-248,"대명빌라1차",금정구,남산동,IDENTITY_UNRESOLVED,COORD_LOW,NOT_ENOUGH_DATA,0.25,,,,26.4,,,,
26410-2407,"부광아트빌",금정구,서동,IDENTITY_UNRESOLVED,COORD_LOW,NOT_ENOUGH_DATA,0.25,,,,78.4,,,,
26410-164,"삼산",금정구,구서동,IDENTITY_HIGH,COORD_HIGH,SCORE_AVAILABLE,1.00,68.3,59.5,74.3,25.6,56.9,56.6,52.8,58.1
26410-2225,"위클라우드4차",금정구,부곡동,IDENTITY_UNRESOLVED,COORD_LOW,NOT_ENOUGH_DATA,0.25,,,,71.6,,,,
26410-49,"신한탑스빌",금정구,부곡동,IDENTITY_UNRESOLVED,COORD_LOW,NOT_ENOUGH_DATA,0.25,,,,47.8,,,,
26410-84,"도완시티빌",금정구,청룡동,IDENTITY_UNRESOLVED,COORD_LOW,NOT_ENOUGH_DATA,0.25,,,,46.0,,,,
26410-103,"국제그린파크",금정구,남산동,IDENTITY_HIGH,COORD_HIGH,SCORE_AVAILABLE,1.00,68.3,53.8,74.5,38.1,58.7,58.4,56.1,59.4
26260-1487,"벽산아스타",동래구,온천동,IDENTITY_HIGH,COORD_HIGH,SCORE_AVAILABLE,1.00,48.4,79.2,24.3,73.2,56.3,57.5,58.4,56.1
26260-2216,"동래3차SKVIEW",동래구,온천동,IDENTITY_HIGH,COORD_HIGH,SCORE_AVAILABLE,1.00,60.4,78.7,25.7,88.2,63.3,65.0,66.9,63.0
26260-130,"삼정그린코아",동래구,사직동,IDENTITY_HIGH,COORD_HIGH,SCORE_AVAILABLE,1.00,28.5,44.7,60.6,61.9,48.9,47.3,49.8,47.7
26260-3644,"래미안포레스티지1단지",동래구,온천동,IDENTITY_HIGH,COORD_HIGH,SCORE_AVAILABLE,1.00,45.6,70.7,24.0,89.3,57.4,58.5,61.6,56.6
26260-174,"삼보(290-2)",동래구,명장동,IDENTITY_HIGH,COORD_HIGH,SCORE_AVAILABLE,1.00,72.8,42.4,61.3,36.3,53.2,53.8,51.6,54.1
26260-38,"한양",동래구,낙민동,IDENTITY_HIGH,COORD_HIGH,SCORE_AVAILABLE,1.00,78.7,55.5,56.9,45.5,59.2,60.2,58.1,60.1
26260-30,"동래벽산",동래구,낙민동,IDENTITY_HIGH,COORD_HIGH,SCORE_AVAILABLE,1.00,68.9,65.4,79.6,51.8,66.4,65.9,64.4,66.8
26260-150,"안락현대",동래구,안락동,IDENTITY_HIGH,COORD_HIGH,SCORE_AVAILABLE,1.00,52.6,57.8,74.3,63.3,62.0,60.9,61.7,61.5
26260-1467,"반도보라스카이뷰",동래구,온천동,IDENTITY_HIGH,COORD_HIGH,SCORE_AVAILABLE,1.00,86.6,75.7,50.5,72.4,71.3,73.1,72.3,72.0
26260-68,"삼익",동래구,온천동,IDENTITY_HIGH,COORD_HIGH,SCORE_AVAILABLE,1.00,60.5,67.8,76.9,42.1,61.8,61.0,58.8,62.3
26260-1528,"사직2차쌍용예가",동래구,사직동,IDENTITY_HIGH,COORD_HIGH,SCORE_AVAILABLE,1.00,38.0,50.2,72.1,72.5,58.2,56.5,59.3,56.9
26410-247,"대명하이츠3차",금정구,남산동,IDENTITY_UNRESOLVED,COORD_HIGH,SCORE_AVAILABLE,1.00,57.0,37.5,53.4,28.0,44.0,44.1,42.2,44.7
26410-171,"선경2",금정구,구서동,IDENTITY_HIGH,COORD_HIGH,SCORE_AVAILABLE,1.00,69.4,65.1,73.8,50.6,64.7,64.5,62.8,65.2
26410-2119,"구서다움",금정구,구서동,IDENTITY_LOW,COORD_HIGH,SCORE_AVAILABLE,1.00,36.7,56.6,73.5,69.4,59.1,57.2,59.5,57.9
26380-1993,"스마트더블유",사하구,장림동,IDENTITY_LOW,COORD_HIGH,SCORE_AVAILABLE,1.00,77.5,60.9,74.5,80.8,73.4,73.6,74.7,73.2
26260-58,"동영",동래구,온천동,IDENTITY_HIGH,COORD_HIGH,SCORE_AVAILABLE,1.00,73.9,76.7,67.5,43.7,65.5,65.8,62.6,66.5
26260-69,"삼협",동래구,온천동,IDENTITY_HIGH,COORD_HIGH,SCORE_AVAILABLE,1.00,53.9,38.3,49.2,42.0,45.9,46.1,45.7,46.1
26260-1476,"사직쌍용예가",동래구,사직동,IDENTITY_HIGH,COORD_HIGH,SCORE_AVAILABLE,1.00,34.1,65.1,78.5,74.2,63.0,60.8,63.2,61.7
26260-2110,"동래효성해링턴플레이스",동래구,온천동,IDENTITY_HIGH,COORD_HIGH,SCORE_AVAILABLE,1.00,82.2,74.5,70.6,83.4,77.7,78.3,78.8,77.7
26260-2437,"낙민역삼정그린코아더시티",동래구,낙민동,IDENTITY_HIGH,COORD_HIGH,SCORE_AVAILABLE,1.00,73.2,62.8,80.0,73.6,72.4,72.1,72.6,72.2
26260-1981,"케이에이치마이우스",동래구,온천동,IDENTITY_LOW,COORD_LOW,NOT_ENOUGH_DATA,0.25,,,,76.0,,,,
26260-2104,"명륜자이",동래구,명륜동,IDENTITY_HIGH,COORD_HIGH,SCORE_AVAILABLE,1.00,71.1,77.3,66.1,79.8,73.6,73.8,74.4,73.4
26260-163,"명장경동",동래구,명장동,IDENTITY_HIGH,COORD_HIGH,SCORE_AVAILABLE,1.00,78.1,46.0,53.6,48.2,56.5,57.7,56.3,57.3
26260-2244,"힐스테이트명륜트라디움",동래구,명륜동,IDENTITY_HIGH,COORD_HIGH,SCORE_AVAILABLE,1.00,74.8,72.6,34.8,86.0,67.0,69.0,70.3,67.1
26260-2144,"e편한세상동래명장1단지",동래구,명장동,IDENTITY_HIGH,COORD_HIGH,SCORE_AVAILABLE,1.00,51.7,44.0,67.5,83.3,61.6,60.8,64.4,60.4
26260-75,"신화타워",동래구,온천동,IDENTITY_MEDIUM,COORD_HIGH,SCORE_AVAILABLE,1.00,87.3,72.2,39.4,42.4,60.3,62.7,59.0,62.0
26260-2061,"동래동일스위트",동래구,명장동,IDENTITY_HIGH,COORD_HIGH,SCORE_AVAILABLE,0.75,,34.8,68.7,78.8,60.8,60.2,64.4,59.6
26260-1469,"강변뜨란채",동래구,안락동,IDENTITY_HIGH,COORD_HIGH,SCORE_AVAILABLE,1.00,89.0,62.2,78.3,66.7,74.1,74.6,73.7,74.6
26260-1485,"한일유앤아이",동래구,낙민동,IDENTITY_HIGH,COORD_HIGH,SCORE_AVAILABLE,1.00,76.6,48.9,70.8,73.2,67.4,67.7,68.7,67.3
26260-1450,"안락뜨란채2단지",동래구,안락동,IDENTITY_HIGH,COORD_HIGH,SCORE_AVAILABLE,1.00,59.8,62.0,61.0,68.1,62.7,62.7,63.4,62.5
26260-149,"안락SKVIEW",동래구,안락동,IDENTITY_HIGH,COORD_HIGH,SCORE_AVAILABLE,1.00,58.5,64.2,43.3,68.5,58.6,59.4,60.1,58.5
26260-2024,"사직롯데캐슬더클래식",동래구,사직동,IDENTITY_HIGH,COORD_HIGH,SCORE_AVAILABLE,1.00,71.8,73.3,75.4,82.2,75.7,75.5,76.5,75.4
26260-2160,"온천천경동리인타워2차",동래구,수안동,IDENTITY_HIGH,COORD_HIGH,SCORE_AVAILABLE,1.00,68.0,48.3,54.5,68.7,59.8,60.5,61.6,59.8
26260-3645,"래미안포레스티지2단지",동래구,온천동,IDENTITY_HIGH,COORD_HIGH,SCORE_AVAILABLE,1.00,40.0,77.2,29.0,88.9,58.8,59.3,62.4,57.8
26260-1928,"안락경동리인",동래구,안락동,IDENTITY_HIGH,COORD_HIGH,SCORE_AVAILABLE,1.00,51.5,56.6,72.6,77.2,64.5,63.4,65.7,63.5
26260-81,"한사랑",동래구,온천동,IDENTITY_HIGH,COORD_HIGH,SCORE_AVAILABLE,1.00,74.2,72.5,73.9,38.5,64.8,64.8,61.3,65.8
26260-1,"금양해바라기1",동래구,수안동,IDENTITY_HIGH,COORD_HIGH,SCORE_AVAILABLE,1.00,60.4,73.1,81.8,35.6,62.7,61.6,58.5,63.4
26260-24,"한진",동래구,수안동,IDENTITY_HIGH,COORD_HIGH,SCORE_AVAILABLE,1.00,64.1,77.1,77.5,56.3,68.7,68.1,66.6,69.0
26260-2438,"안락스위첸",동래구,안락동,IDENTITY_HIGH,COORD_HIGH,SCORE_AVAILABLE,1.00,72.9,59.7,55.2,77.1,66.2,67.1,68.2,66.1
26260-2427,"이안동래센트럴시티",동래구,온천동,IDENTITY_HIGH,COORD_HIGH,SCORE_AVAILABLE,1.00,58.7,79.5,20.6,77.4,59.0,60.9,61.8,59.1
26260-31,"동래우성",동래구,낙민동,IDENTITY_HIGH,COORD_HIGH,SCORE_AVAILABLE,1.00,67.1,52.2,78.5,55.4,63.3,62.7,62.3,63.4
26260-1473,"사직2차삼정그린코아",동래구,사직동,IDENTITY_HIGH,COORD_HIGH,SCORE_AVAILABLE,1.00,18.0,40.5,74.8,70.1,50.9,48.0,52.1,49.0
26260-1957,"명륜2차아이파크2단지",동래구,명륜동,IDENTITY_HIGH,COORD_HIGH,SCORE_AVAILABLE,1.00,43.1,44.0,79.5,71.9,59.6,57.8,60.6,58.4
26260-2022,"사직KCC스위첸1단지",동래구,사직동,IDENTITY_HIGH,COORD_HIGH,SCORE_AVAILABLE,1.00,47.7,61.8,66.1,71.9,61.9,60.9,62.7,61.1
26260-29,"동원로얄듀크",동래구,낙민동,IDENTITY_HIGH,COORD_HIGH,SCORE_AVAILABLE,1.00,61.2,60.5,75.1,58.4,63.8,63.1,62.9,63.7
26260-159,"화목",동래구,안락동,IDENTITY_HIGH,COORD_HIGH,SCORE_AVAILABLE,1.00,53.8,44.5,40.9,48.4,46.9,47.5,47.5,47.1
26260-148,"석천",동래구,안락동,IDENTITY_HIGH,COORD_HIGH,SCORE_AVAILABLE,1.00,76.5,63.1,83.1,39.9,65.6,65.3,62.3,66.5
26260-2145,"e편한세상동래명장2단지",동래구,명장동,IDENTITY_HIGH,COORD_HIGH,SCORE_AVAILABLE,1.00,68.4,52.6,68.3,66.6,64.0,64.0,64.6,63.9
26260-2000,"사직역삼정그린코아더베스트1차",동래구,사직동,IDENTITY_HIGH,COORD_HIGH,SCORE_AVAILABLE,1.00,85.2,79.7,57.3,72.2,73.6,75.0,74.0,74.2
26260-1479,"쌍용예가",동래구,명륜동,IDENTITY_HIGH,COORD_HIGH,SCORE_AVAILABLE,1.00,78.9,69.9,51.2,62.4,65.6,67.0,65.8,66.3
26260-2141,"쌍용더플래티넘사직아시아드아파트",동래구,사직동,IDENTITY_HIGH,COORD_HIGH,SCORE_AVAILABLE,1.00,64.0,73.8,71.8,82.0,72.9,72.5,73.8,72.4
26260-2066,"동래삼정그린코아포레스트",동래구,온천동,IDENTITY_HIGH,COORD_HIGH,SCORE_AVAILABLE,1.00,55.4,61.0,69.9,77.9,66.0,65.3,67.3,65.3
26260-123,"로얄1",동래구,사직동,IDENTITY_HIGH,COORD_HIGH,SCORE_AVAILABLE,1.00,51.7,69.3,67.6,28.0,54.2,53.4,50.1,54.9
26260-32,"제일아파트",동래구,낙민동,IDENTITY_HIGH,COORD_HIGH,SCORE_AVAILABLE,1.00,87.2,57.6,80.2,42.5,66.9,67.3,64.3,68.0
26260-212,"부광캐슬",동래구,온천동,IDENTITY_HIGH,COORD_HIGH,SCORE_AVAILABLE,1.00,65.8,73.9,78.1,41.4,64.8,64.2,61.3,65.5
26260-64,"부원",동래구,온천동,IDENTITY_HIGH,COORD_HIGH,SCORE_AVAILABLE,1.00,71.6,79.1,70.0,28.6,62.3,62.4,57.7,63.7
26260-2023,"사직KCC스위첸2단지",동래구,사직동,IDENTITY_HIGH,COORD_HIGH,SCORE_AVAILABLE,1.00,33.4,68.7,60.9,75.4,59.6,58.2,60.6,58.4
26260-184,"조양",동래구,명장동,IDENTITY_HIGH,COORD_HIGH,SCORE_AVAILABLE,1.00,86.7,47.4,54.2,37.8,56.5,58.1,55.2,57.9
26260-2113,"두비앙에코힐아파트",동래구,온천동,IDENTITY_HIGH,COORD_HIGH,SCORE_AVAILABLE,1.00,27.6,42.5,66.2,69.0,51.3,49.4,52.8,49.8
26260-35,"한신",동래구,낙민동,IDENTITY_HIGH,COORD_HIGH,SCORE_AVAILABLE,1.00,68.2,63.4,79.9,56.4,67.0,66.4,65.5,67.2
26260-250,"삼창",동래구,명륜동,IDENTITY_LOW,COORD_LOW,NOT_ENOUGH_DATA,0.25,,,,13.6,,,,
26260-251,"세창(702-48)",동래구,명륜동,IDENTITY_LOW,COORD_HIGH,SCORE_AVAILABLE,1.00,85.1,70.5,42.1,13.6,52.9,55.0,48.6,55.3
26260-1992,"일성아이앤유2차",동래구,온천동,IDENTITY_LOW,COORD_HIGH,SCORE_AVAILABLE,1.00,53.4,75.8,23.9,76.0,57.3,58.8,59.9,57.1
26260-358,"금림필3차",동래구,명륜동,IDENTITY_HIGH,COORD_HIGH,SCORE_AVAILABLE,1.00,76.9,80.1,59.4,36.9,63.3,64.2,60.0,64.7
26260-260,"위너비타",동래구,온천동,IDENTITY_HIGH,COORD_HIGH,SCORE_AVAILABLE,1.00,79.4,83.6,22.6,49.3,58.7,61.6,58.4,60.2
26260-2217,"아이뷰파크",동래구,명장동,IDENTITY_HIGH,COORD_HIGH,SCORE_AVAILABLE,1.00,59.4,51.3,66.8,63.4,60.2,59.8,60.6,59.9
26260-1482,"사직자이",동래구,사직동,IDENTITY_HIGH,COORD_HIGH,SCORE_AVAILABLE,1.00,66.4,78.3,51.1,64.7,65.1,65.9,65.1,65.5
26260-1466,"동래SKVIEW",동래구,온천동,IDENTITY_HIGH,COORD_HIGH,SCORE_AVAILABLE,1.00,61.4,70.5,72.5,63.1,66.9,66.3,66.1,66.8
26260-13,"새동래2마동",동래구,수안동,IDENTITY_HIGH,COORD_HIGH,SCORE_AVAILABLE,1.00,74.9,72.6,79.8,30.3,64.4,64.1,59.8,65.6
26260-191,"동부산아이존빌",동래구,안락동,IDENTITY_HIGH,COORD_HIGH,SCORE_AVAILABLE,1.00,54.6,57.8,58.0,58.0,57.1,56.9,57.1,57.0
26260-18,"수안",동래구,수안동,IDENTITY_HIGH,COORD_HIGH,SCORE_AVAILABLE,1.00,56.4,68.9,67.7,31.0,56.0,55.4,52.3,56.8
26260-79,"태림맨션",동래구,온천동,IDENTITY_HIGH,COORD_HIGH,SCORE_AVAILABLE,1.00,53.3,73.5,68.2,30.9,56.5,55.7,52.5,57.2
26260-172,"무지개",동래구,명장동,IDENTITY_HIGH,COORD_HIGH,SCORE_AVAILABLE,1.00,55.8,53.8,73.2,27.2,52.5,51.7,48.9,53.2
26260-2172,"동래롯데캐슬퀸",동래구,명륜동,IDENTITY_HIGH,COORD_HIGH,SCORE_AVAILABLE,1.00,89.2,79.1,56.2,72.1,74.1,75.8,74.6,74.9
26260-39,"우성베스토피아",동래구,복천동,IDENTITY_HIGH,COORD_HIGH,SCORE_AVAILABLE,1.00,74.1,77.9,59.8,48.3,65.0,65.7,63.0,66.0
26260-2,"금양해바라기2",동래구,수안동,IDENTITY_HIGH,COORD_HIGH,SCORE_AVAILABLE,1.00,77.7,76.4,77.1,37.0,67.0,67.1,63.1,68.3
26260-52,"대동타운",동래구,온천동,IDENTITY_HIGH,COORD_HIGH,SCORE_AVAILABLE,1.00,59.0,51.0,70.9,44.9,56.5,55.9,54.8,56.7
26260-1449,"안락뜨란채1단지",동래구,안락동,IDENTITY_HIGH,COORD_HIGH,SCORE_AVAILABLE,1.00,51.8,68.4,62.0,61.9,61.0,60.5,60.7,60.8
26260-70,"새온천화신동영",동래구,온천동,IDENTITY_HIGH,COORD_HIGH,SCORE_AVAILABLE,1.00,43.6,42.6,76.3,54.4,54.2,52.6,53.7,53.5
26260-157,"한우",동래구,안락동,IDENTITY_HIGH,COORD_HIGH,SCORE_AVAILABLE,1.00,46.2,62.2,61.3,36.0,51.4,50.7,48.8,51.7
26260-2086,"사직역삼정그린코아더베스트2차",동래구,사직동,IDENTITY_HIGH,COORD_HIGH,SCORE_AVAILABLE,1.00,71.2,78.8,45.0,69.2,66.0,67.4,66.8,66.4
26260-2096,"명륜동힐스테이트",동래구,명륜동,IDENTITY_HIGH,COORD_HIGH,SCORE_AVAILABLE,1.00,66.7,70.3,38.6,78.6,63.5,65.0,66.0,63.5
26260-34,"중앙하이츠2",동래구,낙민동,IDENTITY_HIGH,COORD_HIGH,SCORE_AVAILABLE,1.00,56.3,62.2,77.3,56.4,63.1,62.0,61.7,62.9
26260-1634,"경보이리스힐",동래구,수안동,IDENTITY_HIGH,COORD_HIGH,SCORE_AVAILABLE,1.00,84.0,72.1,66.7,53.6,69.1,69.9,67.5,70.0
26260-2039,"동래보해이브",동래구,안락동,IDENTITY_HIGH,COORD_HIGH,SCORE_AVAILABLE,1.00,61.8,64.4,46.7,57.7,57.6,58.4,57.8,57.9
26260-247,"금림필2차",동래구,명륜동,IDENTITY_HIGH,COORD_HIGH,SCORE_AVAILABLE,1.00,76.9,78.4,60.2,36.4,63.0,63.8,59.7,64.4
26260-2143,"동래효산벨뷰",동래구,온천동,IDENTITY_HIGH,COORD_HIGH,SCORE_AVAILABLE,1.00,85.8,74.8,58.3,62.8,70.4,71.8,70.1,71.3
26260-228,"문성하이츠빌라",동래구,복천동,IDENTITY_HIGH,COORD_HIGH,SCORE_AVAILABLE,1.00,30.5,49.5,53.1,33.6,41.7,40.5,39.9,41.5
26260-206,"해금리더스",동래구,사직동,IDENTITY_HIGH,COORD_HIGH,SCORE_AVAILABLE,1.00,67.5,77.8,54.5,36.9,59.2,59.8,56.3,60.3
26260-264,"세진베스트빌",동래구,온천동,IDENTITY_HIGH,COORD_HIGH,SCORE_AVAILABLE,1.00,56.6,75.3,30.2,39.1,50.3,51.6,48.9,51.2
26260-1451,"오성빌라트",동래구,복천동,IDENTITY_HIGH,COORD_HIGH,SCORE_AVAILABLE,1.00,70.4,75.5,59.3,37.2,60.6,61.2,57.6,61.8
26260-215,"명장유림노르웨이숲",동래구,명장동,IDENTITY_HIGH,COORD_HIGH,SCORE_AVAILABLE,1.00,72.2,44.0,61.1,54.7,58.0,58.5,58.2,58.3
26260-169,"동양맨션",동래구,명장동,IDENTITY_HIGH,COORD_HIGH,SCORE_AVAILABLE,1.00,63.7,46.7,56.6,37.0,51.0,51.4,49.6,51.7
26260-3646,"래미안포레스티지3단지",동래구,온천동,IDENTITY_HIGH,COORD_HIGH,SCORE_AVAILABLE,1.00,49.8,68.8,24.7,88.4,57.9,59.2,62.1,57.2
26260-127,"백산2",동래구,사직동,IDENTITY_HIGH,COORD_HIGH,SCORE_AVAILABLE,1.00,60.6,67.1,61.9,35.4,56.3,56.2,53.4,57.1
26260-1513,"동래센트럴파크하이츠1차",동래구,명륜동,IDENTITY_HIGH,COORD_HIGH,SCORE_AVAILABLE,1.00,55.5,54.0,55.8,72.1,59.4,59.3,61.1,58.8
26260-143,"해운",동래구,사직동,IDENTITY_HIGH,COORD_HIGH,SCORE_AVAILABLE,1.00,28.9,44.7,78.9,34.6,46.8,44.3,44.1,46.3
26260-1774,"센텀유림노르웨이숲",동래구,안락동,IDENTITY_HIGH,COORD_HIGH,SCORE_AVAILABLE,1.00,75.2,51.7,46.7,61.0,58.6,60.1,59.8,59.1
26260-51,"대가하이츠",동래구,온천동,IDENTITY_HIGH,COORD_HIGH,SCORE_AVAILABLE,1.00,59.3,69.3,71.7,45.2,61.4,60.8,58.9,61.8
26260-33,"중앙하이츠1",동래구,낙민동,IDENTITY_HIGH,COORD_HIGH,SCORE_AVAILABLE,1.00,62.7,64.2,72.8,50.0,62.4,61.9,60.6,62.7
26260-12,"새동래1(가~라동)",동래구,수안동,IDENTITY_HIGH,COORD_HIGH,SCORE_AVAILABLE,1.00,69.9,69.6,78.5,42.9,65.2,64.8,62.1,66.0
26260-6,"무궁화",동래구,수안동,IDENTITY_HIGH,COORD_HIGH,SCORE_AVAILABLE,1.00,60.3,63.3,63.8,29.8,54.3,54.1,50.9,55.2
26260-2099,"온천동한진스카이뷰",동래구,온천동,IDENTITY_HIGH,COORD_HIGH,SCORE_AVAILABLE,1.00,52.8,77.9,20.6,67.6,54.7,56.3,56.6,54.9
26260-53,"대륙코리아나",동래구,온천동,IDENTITY_HIGH,COORD_HIGH,SCORE_AVAILABLE,1.00,37.2,39.4,71.2,44.9,48.2,46.5,47.1,47.6
26260-186,"협진태양",동래구,명장동,IDENTITY_HIGH,COORD_HIGH,SCORE_AVAILABLE,1.00,54.6,46.7,65.2,39.2,51.4,50.9,49.7,51.7
26260-45,"명륜한신",동래구,명륜동,IDENTITY_HIGH,COORD_HIGH,SCORE_AVAILABLE,1.00,73.7,67.0,52.5,34.8,57.0,58.1,54.5,58.3
26260-132,"신동아(가)75-5",동래구,사직동,IDENTITY_LOW,COORD_HIGH,SCORE_AVAILABLE,1.00,69.6,78.5,48.7,17.6,53.6,54.6,49.0,55.5
26260-314,"글로벌빌라트",동래구,사직동,IDENTITY_LOW,COORD_HIGH,SCORE_AVAILABLE,1.00,29.6,42.9,62.1,46.0,45.1,43.5,44.5,44.5
26260-263,"해피타운",동래구,온천동,IDENTITY_LOW,COORD_HIGH,SCORE_AVAILABLE,1.00,44.2,75.5,26.3,51.4,49.4,50.3,49.4,49.6
26260-2174,"한성기린(668-0)",동래구,안락동,IDENTITY_LOW,COORD_HIGH,SCORE_AVAILABLE,1.00,78.6,63.5,84.4,23.2,62.4,62.2,57.4,63.9
26260-2112,"포르투나",동래구,온천동,IDENTITY_HIGH,COORD_HIGH,SCORE_AVAILABLE,1.00,82.4,84.3,21.3,61.1,62.3,65.3,63.1,63.6
26260-44,"청마",동래구,명륜동,IDENTITY_HIGH,COORD_HIGH,SCORE_AVAILABLE,1.00,69.8,67.6,57.8,26.8,55.5,56.1,51.9,56.9
26260-1788,"센텀빌",동래구,온천동,IDENTITY_HIGH,COORD_HIGH,SCORE_AVAILABLE,1.00,81.1,82.6,69.1,46.8,69.9,70.5,67.0,71.1
26260-67,"삼우맨션",동래구,온천동,IDENTITY_HIGH,COORD_HIGH,SCORE_AVAILABLE,1.00,72.8,79.7,61.8,21.5,59.0,59.5,54.0,60.7
26260-1452,"르 메이에르 동래타운",동래구,온천동,IDENTITY_HIGH,COORD_HIGH,SCORE_AVAILABLE,1.00,71.1,84.5,20.7,56.6,58.2,60.7,58.6,59.3
26260-208,"성완아이렉스",동래구,온천동,IDENTITY_HIGH,COORD_HIGH,SCORE_AVAILABLE,1.00,59.6,81.8,30.4,50.1,55.5,56.9,54.9,56.3
26260-203,"금광타워빌",동래구,수안동,IDENTITY_HIGH,COORD_HIGH,SCORE_AVAILABLE,1.00,66.1,44.3,55.0,41.2,51.6,52.2,50.8,52.3
26260-3,"대진",동래구,수안동,IDENTITY_HIGH,COORD_LOW,NOT_ENOUGH_DATA,0.25,,,,24.7,,,,
26260-229,"새한센시빌",동래구,수안동,IDENTITY_HIGH,COORD_LOW,NOT_ENOUGH_DATA,0.25,,,,44.7,,,,
26260-77,"원타워",동래구,온천동,IDENTITY_HIGH,COORD_HIGH,SCORE_AVAILABLE,1.00,58.5,80.3,70.7,35.3,61.2,60.6,57.2,62.0
26260-181,"영산무지개타운",동래구,명장동,IDENTITY_HIGH,COORD_HIGH,SCORE_AVAILABLE,1.00,67.5,46.2,54.7,43.2,52.9,53.6,52.2,53.6
26260-370,"성도뷰크",동래구,온천동,IDENTITY_LOW,COORD_LOW,NOT_ENOUGH_DATA,0.25,,,,51.4,,,,
26260-285,"경보이리스힐",동래구,온천동,IDENTITY_HIGH,COORD_HIGH,SCORE_AVAILABLE,1.00,56.6,57.7,50.6,50.9,53.9,54.2,53.6,54.2
26260-84,"화인",동래구,온천동,IDENTITY_HIGH,COORD_HIGH,SCORE_AVAILABLE,1.00,37.9,36.6,51.2,38.5,41.1,40.4,40.5,40.9
26260-280,"선경시티빌",동래구,온천동,IDENTITY_HIGH,COORD_HIGH,SCORE_AVAILABLE,1.00,54.7,71.9,62.2,29.6,54.6,54.2,50.9,55.5
26260-136,"유원",동래구,사직동,IDENTITY_HIGH,COORD_HIGH,SCORE_AVAILABLE,1.00,5.9,35.9,56.1,44.6,35.6,33.1,35.5,34.3
26260-1684,"허브센티움",동래구,온천동,IDENTITY_LOW,COORD_LOW,NOT_ENOUGH_DATA,0.25,,,,67.2,,,,
26260-221,"태성맨션",동래구,안락동,IDENTITY_HIGH,COORD_HIGH,SCORE_AVAILABLE,1.00,67.9,59.7,77.8,23.6,57.2,56.7,52.7,58.4
26260-194,"춘당탑스빌",동래구,온천동,IDENTITY_HIGH,COORD_HIGH,SCORE_AVAILABLE,1.00,66.2,73.0,61.4,35.3,59.0,59.2,55.8,60.0
26260-1986,"더팰리스",동래구,사직동,IDENTITY_LOW,COORD_HIGH,SCORE_AVAILABLE,1.00,74.8,77.3,60.2,76.0,72.1,72.8,72.8,72.2
26260-308,"협성",동래구,사직동,IDENTITY_LOW,COORD_HIGH,SCORE_AVAILABLE,1.00,74.5,72.9,71.7,16.0,58.8,58.9,53.2,60.6
26260-63,"반도",동래구,온천동,IDENTITY_LOW,COORD_HIGH,SCORE_AVAILABLE,1.00,43.2,78.6,18.6,18.4,39.7,40.9,36.7,41.0
26260-1790,"초원스마트빌",동래구,온천동,IDENTITY_HIGH,COORD_HIGH,SCORE_AVAILABLE,1.00,61.5,78.0,28.0,46.4,53.5,55.2,52.8,54.4
26260-1464,"엘리유리안",동래구,명륜동,IDENTITY_HIGH,COORD_HIGH,SCORE_AVAILABLE,1.00,86.6,77.6,62.9,44.7,67.9,69.1,65.4,69.3
26260-371,"성완세띠앙",동래구,수안동,IDENTITY_HIGH,COORD_HIGH,SCORE_AVAILABLE,1.00,83.7,69.8,65.0,51.1,67.4,68.3,65.7,68.4
26260-278,"일화그린빌라",동래구,온천동,IDENTITY_HIGH,COORD_HIGH,SCORE_AVAILABLE,1.00,47.4,33.8,41.5,25.5,37.0,37.3,35.8,37.6
26260-286,"지영아이니드빌",동래구,온천동,IDENTITY_HIGH,COORD_HIGH,SCORE_AVAILABLE,1.00,69.5,75.8,73.7,42.0,65.2,65.0,62.0,66.1
26260-171,"명장제일",동래구,명장동,IDENTITY_HIGH,COORD_HIGH,SCORE_AVAILABLE,1.00,59.8,38.5,72.6,23.1,48.5,47.8,45.2,49.2
26260-131,"신공영",동래구,사직동,IDENTITY_HIGH,COORD_HIGH,SCORE_AVAILABLE,1.00,48.1,70.1,58.9,22.8,50.0,49.4,45.8,50.9
26260-2124,"지성캐슬",동래구,온천동,IDENTITY_HIGH,COORD_HIGH,SCORE_AVAILABLE,1.00,76.5,76.3,67.1,56.8,69.2,69.6,67.7,69.8
26260-244,"명륜동위너비타",동래구,명륜동,IDENTITY_HIGH,COORD_HIGH,SCORE_AVAILABLE,1.00,82.3,77.9,60.1,46.1,66.6,67.7,64.3,67.9
26260-27,"광림",동래구,낙민동,IDENTITY_HIGH,COORD_HIGH,SCORE_AVAILABLE,1.00,76.7,52.0,68.6,28.5,56.5,56.9,53.3,57.7
26260-111,"아림베르빌",동래구,온천동,IDENTITY_HIGH,COORD_HIGH,SCORE_AVAILABLE,1.00,68.6,79.2,68.0,37.4,63.3,63.3,59.7,64.3
26260-1947,"트레비앙",동래구,온천동,IDENTITY_HIGH,COORD_HIGH,SCORE_AVAILABLE,1.00,66.8,77.5,37.8,54.0,59.0,60.5,58.7,59.8
26260-133,"신사직",동래구,사직동,IDENTITY_HIGH,COORD_HIGH,SCORE_AVAILABLE,1.00,52.3,59.9,63.9,30.7,51.7,51.1,48.6,52.3
26260-126,"백산1",동래구,사직동,IDENTITY_HIGH,COORD_HIGH,SCORE_AVAILABLE,1.00,67.2,74.5,62.8,27.7,58.0,58.3,53.9,59.3
26260-1930,"수안동미소지음아파트",동래구,수안동,IDENTITY_HIGH,COORD_HIGH,SCORE_AVAILABLE,1.00,67.6,71.8,64.8,58.4,65.7,65.8,64.7,66.0
26260-41,"덕산",동래구,칠산동,IDENTITY_HIGH,COORD_HIGH,SCORE_AVAILABLE,1.00,65.3,71.5,75.6,28.8,60.3,59.8,55.8,61.4
26260-7,"반도보라",동래구,수안동,IDENTITY_HIGH,COORD_HIGH,SCORE_AVAILABLE,1.00,58.6,65.7,77.4,35.8,59.4,58.4,55.8,59.9
26260-164,"국제파크",동래구,명장동,IDENTITY_HIGH,COORD_HIGH,SCORE_AVAILABLE,1.00,83.5,44.0,55.0,49.2,57.9,59.3,57.9,58.8
26260-40,"동래복천현대",동래구,복천동,IDENTITY_HIGH,COORD_HIGH,SCORE_AVAILABLE,1.00,43.3,59.1,64.1,52.9,54.9,53.8,54.0,54.5
26260-146,"도시안락",동래구,안락동,IDENTITY_HIGH,COORD_HIGH,SCORE_AVAILABLE,1.00,43.2,58.0,65.5,23.1,47.4,46.3,43.6,48.0
26260-121,"동원빌라",동래구,사직동,IDENTITY_HIGH,COORD_HIGH,SCORE_AVAILABLE,1.00,78.9,73.8,64.7,27.4,61.2,61.9,57.0,62.8
26260-37,"한신2",동래구,낙민동,IDENTITY_HIGH,COORD_HIGH,SCORE_AVAILABLE,1.00,73.7,53.3,72.3,31.8,57.8,57.9,54.7,58.9
26260-54,"동남온천맨션",동래구,온천동,IDENTITY_HIGH,COORD_HIGH,SCORE_AVAILABLE,1.00,56.3,67.3,68.9,30.9,55.9,55.2,52.1,56.6
26260-36,"한신1",동래구,낙민동,IDENTITY_HIGH,COORD_HIGH,SCORE_AVAILABLE,1.00,89.9,59.0,79.1,32.3,65.1,65.6,61.4,66.6
26260-141,"태양연립",동래구,사직동,IDENTITY_LOW,COORD_HIGH,SCORE_AVAILABLE,1.00,52.1,71.6,79.1,14.4,54.3,53.0,48.2,55.4
26260-1802,"근창펠리체",동래구,온천동,IDENTITY_HIGH,COORD_HIGH,SCORE_AVAILABLE,1.00,87.9,75.0,58.2,48.1,67.3,68.8,65.5,68.7
26260-19,"수안동신맨션",동래구,수안동,IDENTITY_HIGH,COORD_HIGH,SCORE_AVAILABLE,1.00,54.7,67.1,60.7,21.7,51.1,50.7,46.8,52.1
26260-198,"듀오빌",동래구,온천동,IDENTITY_HIGH,COORD_HIGH,SCORE_AVAILABLE,1.00,68.2,79.7,70.4,36.3,63.7,63.5,59.8,64.7
26260-1868,"홍림그린피아2차",동래구,온천동,IDENTITY_HIGH,COORD_HIGH,SCORE_AVAILABLE,1.00,75.2,76.9,62.7,52.7,66.8,67.5,65.1,67.7
26260-1982,"오름파크",동래구,사직동,IDENTITY_HIGH,COORD_HIGH,SCORE_AVAILABLE,1.00,74.4,79.7,52.1,53.1,64.8,66.0,63.6,65.8
26260-2060,"동래센트리움아파트",동래구,수안동,IDENTITY_HIGH,COORD_HIGH,SCORE_AVAILABLE,1.00,77.7,70.9,60.8,54.4,65.9,66.8,64.8,66.7
26260-224,"대신탑스빌",동래구,낙민동,IDENTITY_HIGH,COORD_HIGH,SCORE_AVAILABLE,1.00,69.1,60.3,84.4,36.4,62.6,61.8,59.0,63.3
26260-303,"사직리첸스빌",동래구,사직동,IDENTITY_HIGH,COORD_HIGH,SCORE_AVAILABLE,1.00,69.9,79.1,58.8,39.4,61.8,62.4,58.9,62.9
26260-1939,"광명캐슬",동래구,온천동,IDENTITY_HIGH,COORD_HIGH,SCORE_AVAILABLE,1.00,62.5,73.0,61.5,48.4,61.4,61.4,59.5,61.9
26260-97,"신보빌라",동래구,온천동,IDENTITY_HIGH,COORD_HIGH,SCORE_AVAILABLE,1.00,55.7,41.2,48.1,35.5,45.1,45.5,44.2,45.7
26260-299,"미소마을",동래구,사직동,IDENTITY_HIGH,COORD_HIGH,SCORE_AVAILABLE,1.00,78.9,80.0,50.5,35.6,61.3,62.7,58.3,62.9
26260-268,"효림시티빌",동래구,온천동,IDENTITY_HIGH,COORD_HIGH,SCORE_AVAILABLE,1.00,49.0,66.4,77.6,36.1,57.3,55.9,53.7,57.6
26260-178,"새천년",동래구,명장동,IDENTITY_HIGH,COORD_HIGH,SCORE_AVAILABLE,1.00,65.3,47.8,48.5,43.8,51.4,52.2,50.9,52.0
26260-185,"한신",동래구,명장동,IDENTITY_HIGH,COORD_HIGH,SCORE_AVAILABLE,1.00,60.0,46.4,54.2,31.0,47.9,48.2,46.0,48.7
26260-179,"아림파크맨션",동래구,명장동,IDENTITY_HIGH,COORD_HIGH,SCORE_AVAILABLE,1.00,56.9,44.7,66.3,36.2,51.0,50.6,49.1,51.4
26260-1493,"동래SKVIEW2차",동래구,온천동,IDENTITY_HIGH,COORD_HIGH,SCORE_AVAILABLE,1.00,71.2,71.4,68.8,63.3,68.7,68.8,68.0,69.0
26260-92,"보인빌라",동래구,온천동,IDENTITY_LOW,COORD_LOW,NOT_ENOUGH_DATA,0.25,,,,47.8,,,,
26260-220,"개나리",동래구,명장동,IDENTITY_LOW,COORD_LOW,NOT_ENOUGH_DATA,0.25,,,,24.8,,,,
26260-167,"동남타워",동래구,명장동,IDENTITY_HIGH,COORD_HIGH,SCORE_AVAILABLE,1.00,43.7,36.6,67.7,38.6,46.7,45.4,45.3,46.5
26260-83,"온천화신아파트",동래구,온천동,IDENTITY_HIGH,COORD_HIGH,SCORE_AVAILABLE,1.00,53.6,36.6,54.1,37.6,45.5,45.5,44.7,45.8
26260-356,"동호",동래구,복천동,IDENTITY_HIGH,COORD_HIGH,SCORE_AVAILABLE,1.00,52.2,43.3,74.4,22.2,48.0,46.9,44.4,48.6
26260-294,"유성빌라",동래구,사직동,IDENTITY_LOW,COORD_HIGH,SCORE_AVAILABLE,1.00,60.4,71.9,77.9,28.0,59.5,58.7,54.8,60.4
26260-1783,"허브센티움Ⅱ",동래구,온천동,IDENTITY_LOW,COORD_HIGH,SCORE_AVAILABLE,1.00,87.3,75.4,56.6,69.4,72.2,73.7,72.5,72.9
26260-2444,"래미안포레스티지",동래구,온천동,IDENTITY_LOW,COORD_HIGH,SCORE_AVAILABLE,1.00,46.5,73.3,22.0,93.0,58.7,59.9,63.2,57.8
26260-1854,"더리체",동래구,온천동,IDENTITY_HIGH,COORD_HIGH,SCORE_AVAILABLE,1.00,83.7,78.0,56.1,49.2,66.8,68.1,65.0,68.0
26260-182,"영화맨션",동래구,명장동,IDENTITY_HIGH,COORD_HIGH,SCORE_AVAILABLE,1.00,46.7,46.7,66.6,23.2,45.8,44.8,42.5,46.3
26260-1955,"휴림아르페",동래구,온천동,IDENTITY_HIGH,COORD_HIGH,SCORE_AVAILABLE,1.00,89.7,78.4,56.1,53.4,69.4,71.1,68.0,70.7
26260-211,"동보스카이힐",동래구,온천동,IDENTITY_HIGH,COORD_HIGH,SCORE_AVAILABLE,1.00,75.5,72.2,58.4,43.0,62.3,63.1,60.0,63.4
26260-1785,"용진스타티스",동래구,온천동,IDENTITY_HIGH,COORD_HIGH,SCORE_AVAILABLE,1.00,60.0,82.6,23.2,52.5,54.6,56.4,54.6,55.4
26260-147,"삼성",동래구,안락동,IDENTITY_HIGH,COORD_HIGH,SCORE_AVAILABLE,1.00,58.9,68.0,48.0,18.3,48.3,48.8,44.3,49.7
26260-1923,"골드리버",동래구,온천동,IDENTITY_HIGH,COORD_HIGH,SCORE_AVAILABLE,1.00,67.1,70.4,56.7,50.1,61.1,61.6,59.7,61.7
26260-243,"한우리아트빌",동래구,명륜동,IDENTITY_HIGH,COORD_HIGH,SCORE_AVAILABLE,1.00,63.4,75.3,73.5,34.7,61.7,61.2,57.7,62.6
26260-1906,"남영아트펠리체",동래구,온천동,IDENTITY_HIGH,COORD_HIGH,SCORE_AVAILABLE,1.00,67.7,76.9,40.9,50.1,58.9,60.2,58.0,59.8
26260-80,"온천프라자",동래구,온천동,IDENTITY_HIGH,COORD_HIGH,SCORE_AVAILABLE,1.00,68.1,70.8,52.2,42.5,58.4,59.2,56.5,59.4
26260-1717,"초원시티빌",동래구,온천동,IDENTITY_HIGH,COORD_HIGH,SCORE_AVAILABLE,1.00,57.0,76.8,25.2,45.8,51.2,52.8,50.7,52.0
26260-144,"대성하이빌",동래구,사직동,IDENTITY_HIGH,COORD_HIGH,SCORE_AVAILABLE,1.00,68.4,79.1,50.2,34.7,58.1,59.0,55.1,59.4
26260-82,"현대빌라",동래구,온천동,IDENTITY_HIGH,COORD_HIGH,SCORE_AVAILABLE,1.00,36.4,44.1,71.4,25.0,44.2,42.5,41.0,44.3
26260-1708,"태경에버리치",동래구,온천동,IDENTITY_HIGH,COORD_HIGH,SCORE_AVAILABLE,1.00,72.5,75.5,73.0,46.9,67.0,66.9,64.2,67.8
26260-2050,"우석쉐르빌",동래구,온천동,IDENTITY_HIGH,COORD_HIGH,SCORE_AVAILABLE,1.00,69.0,70.6,63.2,57.8,65.2,65.5,64.3,65.6
26260-369,"삼정그린빌라",동래구,온천동,IDENTITY_HIGH,COORD_HIGH,SCORE_AVAILABLE,1.00,74.5,75.7,64.7,33.4,62.1,62.6,58.4,63.4
26260-156,"한성기린",동래구,안락동,IDENTITY_HIGH,COORD_HIGH,SCORE_AVAILABLE,1.00,73.2,62.6,79.6,30.6,61.5,61.2,57.5,62.6
26260-50,"금성맨션",동래구,온천동,IDENTITY_UNRESOLVED,COORD_LOW,NOT_ENOUGH_DATA,0.25,,,,16.0,,,,
26260-145,"남흥",동래구,안락동,IDENTITY_HIGH,COORD_HIGH,SCORE_AVAILABLE,1.00,51.9,67.2,49.5,36.8,51.3,51.5,49.2,52.0
26260-101,"평광하이츠빌",동래구,온천동,IDENTITY_UNRESOLVED,COORD_LOW,NOT_ENOUGH_DATA,0.25,,,,47.8,,,,
26260-2116,"KH파인우스",동래구,온천동,IDENTITY_UNRESOLVED,COORD_LOW,NOT_ENOUGH_DATA,0.25,,,,83.2,,,,
26260-1966,"에스더",동래구,낙민동,IDENTITY_UNRESOLVED,COORD_LOW,NOT_ENOUGH_DATA,0.25,,,,76.0,,,,
26260-104,"혜성파크빌",동래구,온천동,IDENTITY_UNRESOLVED,COORD_LOW,NOT_ENOUGH_DATA,0.25,,,,49.6,,,,
26260-25,"형제맨션",동래구,수안동,IDENTITY_UNRESOLVED,COORD_LOW,NOT_ENOUGH_DATA,0.25,,,,18.4,,,,
26260-196,"GLG스파타운",동래구,온천동,IDENTITY_UNRESOLVED,COORD_LOW,NOT_ENOUGH_DATA,0.25,,,,49.6,,,,
26260-266,"필라뷰",동래구,온천동,IDENTITY_UNRESOLVED,COORD_LOW,NOT_ENOUGH_DATA,0.25,,,,49.6,,,,
26260-2443,"메종나인",동래구,온천동,IDENTITY_UNRESOLVED,COORD_LOW,NOT_ENOUGH_DATA,0.25,,,,93.0,,,,
26260-281,"온천명화빌리지",동래구,온천동,IDENTITY_UNRESOLVED,COORD_LOW,NOT_ENOUGH_DATA,0.25,,,,33.4,,,,
26260-2430,"지음시그너스인동래",동래구,온천동,IDENTITY_UNRESOLVED,COORD_LOW,NOT_ENOUGH_DATA,0.25,,,,92.0,,,,
26260-233,"동래하이츠빌라",동래구,수안동,IDENTITY_MEDIUM,COORD_HIGH,SCORE_AVAILABLE,1.00,68.4,72.6,64.6,46.0,62.9,63.1,60.6,63.7
26260-253,"훼밀리빌라트",동래구,명륜동,IDENTITY_UNRESOLVED,COORD_LOW,NOT_ENOUGH_DATA,0.25,,,,49.6,,,,
26260-177,"새동양",동래구,명장동,IDENTITY_UNRESOLVED,COORD_LOW,NOT_ENOUGH_DATA,0.25,,,,17.6,,,,
26260-222,"동래화목별동",동래구,안락동,IDENTITY_UNRESOLVED,COORD_LOW,NOT_ENOUGH_DATA,0.25,,,,33.4,,,,
26260-154,"진흥상가",동래구,안락동,IDENTITY_UNRESOLVED,COORD_LOW,NOT_ENOUGH_DATA,0.25,,,,16.0,,,,
26260-100,"한맥타운",동래구,온천동,IDENTITY_UNRESOLVED,COORD_LOW,NOT_ENOUGH_DATA,0.25,,,,49.6,,,,
26260-289,"정심파크빌",동래구,온천동,IDENTITY_UNRESOLVED,COORD_LOW,NOT_ENOUGH_DATA,0.25,,,,51.4,,,,
26260-1474,"덕경네오빌",동래구,안락동,IDENTITY_UNRESOLVED,COORD_LOW,NOT_ENOUGH_DATA,0.25,,,,55.0,,,,
26260-22,"장미",동래구,수안동,IDENTITY_HIGH,COORD_HIGH,SCORE_AVAILABLE,1.00,57.5,68.1,77.2,24.0,56.7,55.7,51.8,57.6
26260-4,"대토",동래구,수안동,IDENTITY_HIGH,COORD_HIGH,SCORE_AVAILABLE,1.00,56.8,50.6,45.1,21.4,43.5,44.1,40.9,44.6
26260-1864,"상우다솜",동래구,사직동,IDENTITY_UNRESOLVED,COORD_LOW,NOT_ENOUGH_DATA,0.25,,,,71.6,,,,
26260-2013,"부일스톤캐슬",동래구,낙민동,IDENTITY_UNRESOLVED,COORD_LOW,NOT_ENOUGH_DATA,0.25,,,,78.4,,,,
26260-155,"충렬",동래구,안락동,IDENTITY_UNRESOLVED,COORD_LOW,NOT_ENOUGH_DATA,0.25,,,,19.2,,,,
26260-192,"남평파크뷰",동래구,온천동,IDENTITY_UNRESOLVED,COORD_LOW,NOT_ENOUGH_DATA,0.25,,,,49.6,,,,
26260-1858,"일성아이앤유",동래구,온천동,IDENTITY_UNRESOLVED,COORD_HIGH,SCORE_AVAILABLE,1.00,55.5,76.6,26.3,71.6,57.5,59.0,59.5,57.5
26380-242,"몰운대",사하구,다대동,IDENTITY_HIGH,COORD_HIGH,SCORE_AVAILABLE,1.00,67.7,52.6,84.4,59.5,66.1,65.2,65.2,66.0
26380-2038,"괴정신동아파밀리에",사하구,괴정동,IDENTITY_HIGH,COORD_HIGH,SCORE_AVAILABLE,1.00,44.5,55.3,77.2,66.1,60.7,59.1,60.7,59.9
26260-276,"세종빌에이동",동래구,온천동,IDENTITY_UNRESOLVED,COORD_HIGH,SCORE_AVAILABLE,1.00,40.7,42.5,65.7,51.4,50.1,48.8,49.8,49.5
26470-75,"삼경",연제구,연산동,IDENTITY_UNRESOLVED,COORD_LOW,NOT_ENOUGH_DATA,0.25,,,,16.0,,,,
26260-297,"제세하이빌(48-7)",동래구,사직동,IDENTITY_UNRESOLVED,COORD_HIGH,SCORE_AVAILABLE,1.00,57.9,77.6,52.8,46.0,58.6,58.8,56.7,59.2
26260-9,"삼경맨션",동래구,수안동,IDENTITY_LOW,COORD_HIGH,SCORE_AVAILABLE,1.00,54.4,66.1,62.0,16.8,49.8,49.4,45.1,51.0
26260-2031,"시티하임3차",동래구,온천동,IDENTITY_LOW,COORD_HIGH,SCORE_AVAILABLE,1.00,87.9,74.1,58.8,78.4,74.8,76.3,76.0,75.2
26260-1654,"시티하임",동래구,온천동,IDENTITY_UNRESOLVED,COORD_HIGH,SCORE_AVAILABLE,1.00,65.5,72.7,56.0,67.2,65.4,65.8,65.6,65.5
26260-88,"태건빌리지",동래구,온천동,IDENTITY_HIGH,COORD_HIGH,SCORE_AVAILABLE,1.00,49.4,65.9,52.7,34.3,50.6,50.4,48.1,51.2
26380-266,"동일",사하구,감천동,IDENTITY_HIGH,COORD_HIGH,SCORE_AVAILABLE,1.00,23.7,47.5,37.8,35.2,36.0,35.3,35.3,35.8
26380-208,"강남",사하구,장림동,IDENTITY_HIGH,COORD_HIGH,SCORE_AVAILABLE,1.00,52.0,24.8,38.3,45.7,40.2,40.9,41.6,40.3
26380-349,"동원로얄듀크",사하구,장림동,IDENTITY_HIGH,COORD_HIGH,SCORE_AVAILABLE,1.00,25.5,40.5,28.9,69.1,41.0,40.8,44.4,39.8
26380-246,"신다대",사하구,다대동,IDENTITY_HIGH,COORD_LOW,NOT_ENOUGH_DATA,0.25,,,,47.1,,,,
26380-1939,"e편한세상사하",사하구,구평동,IDENTITY_HIGH,COORD_HIGH,SCORE_AVAILABLE,1.00,31.4,33.2,19.8,77.7,40.5,41.1,45.7,39.3
26380-1607,"하단지오피아",사하구,하단동,IDENTITY_UNRESOLVED,COORD_LOW,NOT_ENOUGH_DATA,0.25,,,,55.0,,,,
26380-3007,"두산위브더제니스센트럴사하",사하구,장림동,IDENTITY_HIGH,COORD_HIGH,SCORE_AVAILABLE,1.00,31.7,57.1,61.9,89.7,60.1,58.6,63.1,58.3
26380-239,"다송",사하구,다대동,IDENTITY_HIGH,COORD_HIGH,SCORE_AVAILABLE,1.00,49.8,36.3,80.0,55.3,55.4,53.8,55.1,54.8
26380-1617,"다대동롯데캐슬몰운대",사하구,다대동,IDENTITY_HIGH,COORD_HIGH,SCORE_AVAILABLE,1.00,45.1,41.7,83.9,75.3,61.5,59.5,62.7,60.2
26380-1988,"감천오펠리움아파트",사하구,감천동,IDENTITY_LOW,COORD_LOW,NOT_ENOUGH_DATA,0.25,,,,80.8,,,,
26380-210,"국제마마",사하구,장림동,IDENTITY_HIGH,COORD_HIGH,SCORE_AVAILABLE,1.00,40.9,15.2,21.5,47.8,31.4,32.3,34.3,31.1
26380-1854,"다대롯데캐슬블루",사하구,다대동,IDENTITY_HIGH,COORD_HIGH,SCORE_AVAILABLE,1.00,66.1,52.5,71.8,80.0,67.6,67.3,69.4,67.0
26380-1612,"협성르네상스",사하구,장림동,IDENTITY_HIGH,COORD_HIGH,SCORE_AVAILABLE,1.00,69.2,45.3,74.1,67.6,64.0,63.8,64.8,63.8
26380-2084,"힐스테이트사하역",사하구,괴정동,IDENTITY_HIGH,COORD_HIGH,SCORE_AVAILABLE,1.00,65.4,46.9,73.6,86.9,68.2,67.8,70.9,67.3
26380-1952,"당리경보이리스힐",사하구,당리동,IDENTITY_HIGH,COORD_HIGH,SCORE_AVAILABLE,1.00,39.7,30.5,46.3,69.5,46.5,46.1,49.6,45.4
26380-255,"다대포현대",사하구,다대동,IDENTITY_HIGH,COORD_HIGH,SCORE_AVAILABLE,1.00,40.5,59.4,72.5,61.0,58.4,56.8,57.9,57.6
26380-243,"삼환",사하구,다대동,IDENTITY_HIGH,COORD_HIGH,SCORE_AVAILABLE,1.00,64.3,58.1,55.6,63.2,60.3,60.7,60.9,60.4
26380-254,"다대해송",사하구,다대동,IDENTITY_HIGH,COORD_HIGH,SCORE_AVAILABLE,1.00,52.7,58.3,70.5,52.6,58.5,57.6,57.4,58.4
26380-68,"화신",사하구,괴정동,IDENTITY_HIGH,COORD_LOW,NOT_ENOUGH_DATA,0.25,,,,23.1,,,,
26380-261,"감천유림1차",사하구,감천동,IDENTITY_HIGH,COORD_HIGH,SCORE_AVAILABLE,1.00,17.5,51.2,48.2,56.7,43.4,41.8,44.1,42.2
26380-238,"다대푸른",사하구,다대동,IDENTITY_HIGH,COORD_HIGH,SCORE_AVAILABLE,1.00,67.3,48.8,77.2,58.3,62.9,62.4,62.4,62.9
26380-202,"신익강변타운",사하구,신평동,IDENTITY_HIGH,COORD_HIGH,SCORE_AVAILABLE,1.00,63.3,39.3,62.7,57.2,55.6,55.6,56.2,55.5
26380-2069,"사하코오롱하늘채",사하구,신평동,IDENTITY_HIGH,COORD_HIGH,SCORE_AVAILABLE,1.00,35.1,30.5,59.2,83.5,52.1,50.9,55.9,50.3
26380-2113,"중앙하이츠더힐",사하구,신평동,IDENTITY_LOW,COORD_LOW,NOT_ENOUGH_DATA,0.25,,,,93.0,,,,
26380-1629,"효산센터빌",사하구,신평동,IDENTITY_LOW,COORD_LOW,NOT_ENOUGH_DATA,0.25,,,,61.0,,,,
26380-1637,"부영벽산블루밍",사하구,당리동,IDENTITY_HIGH,COORD_HIGH,SCORE_AVAILABLE,1.00,48.5,63.4,63.7,63.7,59.8,59.1,59.8,59.4
26380-27,"삼익",사하구,괴정동,IDENTITY_HIGH,COORD_HIGH,SCORE_AVAILABLE,1.00,81.4,58.3,75.0,31.1,61.5,61.8,57.9,62.8
26380-1584,"동원베네스트2차",사하구,당리동,IDENTITY_HIGH,COORD_HIGH,SCORE_AVAILABLE,1.00,23.6,11.7,20.1,66.7,30.5,30.7,35.6,29.1
26380-213,"장림3차동원",사하구,장림동,IDENTITY_HIGH,COORD_HIGH,SCORE_AVAILABLE,1.00,83.4,60.0,68.9,53.5,66.5,67.2,65.4,67.3
26380-345,"영동힐타운",사하구,감천동,IDENTITY_HIGH,COORD_HIGH,SCORE_AVAILABLE,0.75,,19.1,20.8,49.7,29.9,30.5,33.8,29.0
26380-1689,"신평협성엠파이어",사하구,신평동,IDENTITY_HIGH,COORD_HIGH,SCORE_AVAILABLE,1.00,37.6,34.6,48.6,63.3,46.0,45.5,48.2,45.1
26380-296,"수호천사",사하구,괴정동,IDENTITY_HIGH,COORD_HIGH,SCORE_AVAILABLE,1.00,55.4,19.2,57.9,45.6,44.6,44.4,45.3,44.5
26380-128,"가락타운1",사하구,하단동,IDENTITY_HIGH,COORD_HIGH,SCORE_AVAILABLE,1.00,46.5,57.6,70.1,59.5,58.4,57.2,58.0,57.9
26380-204,"한솔베스파트",사하구,신평동,IDENTITY_HIGH,COORD_HIGH,SCORE_AVAILABLE,1.00,78.2,42.0,46.9,52.3,54.8,56.4,55.6,55.6
26380-105,"당리에덴동산타운",사하구,당리동,IDENTITY_HIGH,COORD_HIGH,SCORE_AVAILABLE,1.00,49.3,41.4,80.7,42.3,53.4,51.9,51.6,53.3
26380-47,"우신타워아파트",사하구,괴정동,IDENTITY_HIGH,COORD_HIGH,SCORE_AVAILABLE,1.00,24.6,43.0,53.0,42.5,40.8,39.4,40.3,40.2
26380-1795,"부산구평동한신휴플러스",사하구,구평동,IDENTITY_HIGH,COORD_HIGH,SCORE_AVAILABLE,1.00,40.6,26.1,45.9,68.3,45.2,45.0,48.5,44.2
26380-334,"하단동에스케이뷰",사하구,하단동,IDENTITY_HIGH,COORD_HIGH,SCORE_AVAILABLE,1.00,21.2,19.4,60.6,68.2,42.3,40.4,45.1,40.5
26380-2082,"괴정한신더휴",사하구,괴정동,IDENTITY_HIGH,COORD_HIGH,SCORE_AVAILABLE,1.00,70.2,40.2,70.9,83.5,66.2,66.2,69.0,65.5
26380-1947,"사하뷰웰",사하구,신평동,IDENTITY_HIGH,COORD_HIGH,SCORE_AVAILABLE,1.00,39.4,38.5,79.6,77.4,58.7,56.7,60.6,57.2
26380-216,"장림로얄베스토피아",사하구,장림동,IDENTITY_HIGH,COORD_HIGH,SCORE_AVAILABLE,1.00,75.1,59.6,62.4,39.2,59.1,59.7,56.9,60.1
26380-91,"벽산으뜸",사하구,당리동,IDENTITY_HIGH,COORD_HIGH,SCORE_AVAILABLE,1.00,39.1,54.4,80.4,46.0,55.0,52.9,52.9,54.5
26380-14,"동아파크",사하구,괴정동,IDENTITY_HIGH,COORD_HIGH,SCORE_AVAILABLE,1.00,56.3,12.9,72.2,38.1,44.9,44.1,44.5,44.8
26380-1733,"다대푸르지오",사하구,다대동,IDENTITY_HIGH,COORD_HIGH,SCORE_AVAILABLE,1.00,43.8,49.5,64.4,77.4,58.8,57.8,60.8,57.6
26380-2053,"사하역비스타동원",사하구,괴정동,IDENTITY_HIGH,COORD_HIGH,SCORE_AVAILABLE,1.00,85.5,62.4,75.0,81.2,76.0,76.5,77.3,76.0
26380-120,"혜성",사하구,당리동,IDENTITY_HIGH,COORD_HIGH,SCORE_AVAILABLE,1.00,41.5,31.1,37.2,54.3,41.0,41.2,43.0,40.6
26380-205,"한신",사하구,신평동,IDENTITY_HIGH,COORD_HIGH,SCORE_AVAILABLE,1.00,45.8,40.1,53.1,58.1,49.3,48.9,50.4,48.8
26380-234,"국제그린",사하구,다대동,IDENTITY_HIGH,COORD_HIGH,SCORE_AVAILABLE,1.00,56.5,48.5,65.9,60.5,57.8,57.4,58.2,57.6
26380-1610,"극동스타클래스",사하구,괴정동,IDENTITY_HIGH,COORD_HIGH,SCORE_AVAILABLE,1.00,78.7,47.9,81.1,63.8,67.9,67.8,67.8,68.0
26380-350,"당리동1차동원베네스트",사하구,당리동,IDENTITY_HIGH,COORD_HIGH,SCORE_AVAILABLE,1.00,22.9,11.7,22.1,63.1,30.0,30.0,34.6,28.6
26380-206,"현대",사하구,신평동,IDENTITY_HIGH,COORD_HIGH,SCORE_AVAILABLE,1.00,55.6,36.2,45.3,59.5,49.1,49.6,51.0,48.9
26380-318,"영동힐타운",사하구,하단동,IDENTITY_HIGH,COORD_HIGH,SCORE_AVAILABLE,1.00,66.5,75.8,44.9,39.1,56.6,57.7,54.5,57.7
26380-1941,"신평삼한사랑채",사하구,신평동,IDENTITY_HIGH,COORD_HIGH,SCORE_AVAILABLE,1.00,43.8,27.6,48.8,69.2,47.3,47.1,50.4,46.4
26380-259,"구평화신",사하구,구평동,IDENTITY_MEDIUM,COORD_HIGH,SCORE_AVAILABLE,1.00,26.4,22.6,56.7,31.6,34.3,32.8,33.5,33.8
26380-1975,"e편한세상사하2차",사하구,구평동,IDENTITY_HIGH,COORD_HIGH,SCORE_AVAILABLE,1.00,43.8,32.1,21.8,78.9,44.1,45.2,49.3,43.2
26380-338,"신세대지큐빌",사하구,장림동,IDENTITY_HIGH,COORD_HIGH,SCORE_AVAILABLE,1.00,58.9,49.4,34.8,62.1,51.3,52.5,53.3,51.3
26380-317,"대호세화",사하구,하단동,IDENTITY_HIGH,COORD_HIGH,SCORE_AVAILABLE,1.00,64.7,77.8,43.4,32.6,54.6,55.7,51.8,55.9
26380-280,"부영벽산파라빌",사하구,감천동,IDENTITY_HIGH,COORD_HIGH,SCORE_AVAILABLE,1.00,31.8,58.5,73.4,62.0,56.5,54.4,56.1,55.4
26380-218,"장림삼경아파트",사하구,장림동,IDENTITY_HIGH,COORD_HIGH,SCORE_AVAILABLE,1.00,54.0,39.4,29.8,48.2,42.8,44.0,44.2,43.1
26380-265,"남성한빛가든",사하구,감천동,IDENTITY_HIGH,COORD_HIGH,SCORE_AVAILABLE,1.00,21.8,18.9,74.6,47.5,40.7,38.0,40.8,39.4
26380-103,"당리신익",사하구,당리동,IDENTITY_HIGH,COORD_HIGH,SCORE_AVAILABLE,1.00,49.2,65.0,76.2,47.7,59.5,58.2,57.3,59.5
26380-51,"괴정자유3",사하구,괴정동,IDENTITY_HIGH,COORD_HIGH,SCORE_AVAILABLE,1.00,55.6,51.0,56.1,52.0,53.7,53.6,53.5,53.7
26380-258,"구평1차자유",사하구,구평동,IDENTITY_HIGH,COORD_HIGH,SCORE_AVAILABLE,1.00,41.9,21.2,41.2,58.9,40.8,40.9,43.6,40.1
26380-1857,"괴정 K스타파크",사하구,괴정동,IDENTITY_HIGH,COORD_HIGH,SCORE_AVAILABLE,1.00,75.5,46.4,76.5,65.6,66.0,65.9,66.4,66.0
26380-50,"자유",사하구,괴정동,IDENTITY_HIGH,COORD_HIGH,SCORE_AVAILABLE,1.00,66.0,72.9,65.2,40.9,61.3,61.3,58.5,62.1
26380-245,"성원",사하구,다대동,IDENTITY_HIGH,COORD_HIGH,SCORE_AVAILABLE,1.00,72.8,51.8,63.3,63.7,62.9,63.4,63.5,63.1
26380-1608,"괴정경동메르빌",사하구,괴정동,IDENTITY_HIGH,COORD_HIGH,SCORE_AVAILABLE,1.00,23.9,44.6,39.0,53.7,40.3,39.5,41.5,39.5
26380-15,"괴정동원",사하구,괴정동,IDENTITY_HIGH,COORD_HIGH,SCORE_AVAILABLE,1.00,63.4,70.8,39.9,30.8,51.2,52.4,48.8,52.5
26380-178,"한신혜성",사하구,하단동,IDENTITY_HIGH,COORD_HIGH,SCORE_AVAILABLE,1.00,61.8,71.3,51.7,56.8,60.4,60.9,59.9,60.8
26380-200,"신평삼익아파트",사하구,신평동,IDENTITY_HIGH,COORD_HIGH,SCORE_AVAILABLE,1.00,52.4,32.1,67.6,45.0,49.3,48.5,48.8,49.1
26380-1917,"괴정협성휴포레아파트",사하구,괴정동,IDENTITY_HIGH,COORD_HIGH,SCORE_AVAILABLE,1.00,75.7,72.1,44.2,74.2,66.6,68.1,68.2,66.9
26380-1977,"장림역사하베스티움",사하구,장림동,IDENTITY_HIGH,COORD_HIGH,SCORE_AVAILABLE,1.00,82.0,60.1,78.3,69.7,72.5,72.7,72.6,72.7
26380-323,"청호2차",사하구,하단동,IDENTITY_HIGH,COORD_HIGH,SCORE_AVAILABLE,1.00,81.9,79.7,82.6,40.5,71.2,71.2,67.1,72.4
26380-287,"리치하우스",사하구,당리동,IDENTITY_HIGH,COORD_HIGH,SCORE_AVAILABLE,1.00,88.5,73.7,63.1,45.5,67.7,69.0,65.4,69.1
26380-215,"동해",사하구,장림동,IDENTITY_HIGH,COORD_HIGH,SCORE_AVAILABLE,1.00,83.0,59.6,66.7,24.0,58.3,59.1,54.4,60.0
26380-269,"삼정동백",사하구,감천동,IDENTITY_HIGH,COORD_HIGH,SCORE_AVAILABLE,1.00,30.7,54.1,68.0,21.9,43.7,41.8,39.8,43.8
26380-268,"감천백산",사하구,감천동,IDENTITY_HIGH,COORD_HIGH,SCORE_AVAILABLE,1.00,21.2,50.4,57.5,46.9,44.0,42.2,43.3,43.2
26380-1961,"헤를리치",사하구,하단동,IDENTITY_HIGH,COORD_HIGH,SCORE_AVAILABLE,1.00,35.3,52.9,39.6,54.7,45.6,45.4,46.5,45.2
26380-214,"동원타워",사하구,장림동,IDENTITY_HIGH,COORD_HIGH,SCORE_AVAILABLE,1.00,68.0,54.1,43.0,44.7,52.5,53.7,52.1,53.3
26380-207,"원우",사하구,신평동,IDENTITY_HIGH,COORD_HIGH,SCORE_AVAILABLE,1.00,55.5,50.6,72.5,54.1,58.2,57.3,57.4,58.0
26380-248,"자유",사하구,다대동,IDENTITY_HIGH,COORD_HIGH,SCORE_AVAILABLE,1.00,39.6,50.3,56.6,58.5,51.3,50.4,51.8,50.6
26380-2041,"장림역베스티움2차",사하구,장림동,IDENTITY_HIGH,COORD_HIGH,SCORE_AVAILABLE,1.00,60.6,62.2,69.0,74.5,66.6,66.2,67.5,66.1
26380-283,"신평한성임호",사하구,신평동,IDENTITY_HIGH,COORD_HIGH,SCORE_AVAILABLE,1.00,52.3,34.9,63.3,53.4,51.0,50.4,51.4,50.7
26380-94,"삼성타워맨션",사하구,당리동,IDENTITY_HIGH,COORD_HIGH,SCORE_AVAILABLE,1.00,39.9,35.7,59.7,42.5,44.5,43.5,44.0,44.2
26380-233,"경동메르빌아파트",사하구,장림동,IDENTITY_HIGH,COORD_HIGH,SCORE_AVAILABLE,1.00,52.3,34.0,33.3,51.5,42.8,43.7,44.6,42.8
26380-230,"현대타워",사하구,장림동,IDENTITY_HIGH,COORD_HIGH,SCORE_AVAILABLE,1.00,87.3,52.9,59.7,39.0,59.7,61.1,58.0,61.1
26380-253,"다대코오롱맨션",사하구,다대동,IDENTITY_HIGH,COORD_HIGH,SCORE_AVAILABLE,1.00,85.5,54.4,54.3,49.3,60.9,62.4,60.3,61.9
26380-18,"동진그린힐",사하구,괴정동,IDENTITY_HIGH,COORD_HIGH,SCORE_AVAILABLE,1.00,60.9,37.6,74.7,46.2,54.9,54.2,53.9,54.9
26380-229,"장림현대(372-4)",사하구,장림동,IDENTITY_HIGH,COORD_HIGH,SCORE_AVAILABLE,1.00,87.7,52.9,59.7,53.7,63.5,64.9,63.2,64.4
26380-260,"감천단지",사하구,감천동,IDENTITY_HIGH,COORD_HIGH,SCORE_AVAILABLE,0.75,,36.4,68.9,36.6,47.3,45.8,45.2,47.3
26380-135,"공작",사하구,하단동,IDENTITY_HIGH,COORD_HIGH,SCORE_AVAILABLE,1.00,38.1,54.8,40.8,31.1,41.2,41.1,39.5,41.5
26380-1580,"장림윌더하임",사하구,장림동,IDENTITY_HIGH,COORD_HIGH,SCORE_AVAILABLE,1.00,50.4,45.2,75.4,60.6,57.9,56.6,57.9,57.3
26380-166,"하단청구",사하구,하단동,IDENTITY_HIGH,COORD_HIGH,SCORE_AVAILABLE,1.00,53.0,65.9,29.2,56.2,51.1,52.3,51.9,51.3
26380-1856,"건우리안",사하구,하단동,IDENTITY_LOW,COORD_LOW,NOT_ENOUGH_DATA,0.25,,,,71.6,,,,
26380-1621,"나산리버빌",사하구,장림동,IDENTITY_LOW,COORD_LOW,NOT_ENOUGH_DATA,0.25,,,,59.0,,,,
26380-2013,"리버팰리스",사하구,장림동,IDENTITY_MEDIUM,COORD_HIGH,SCORE_AVAILABLE,1.00,81.9,49.7,55.7,83.2,67.7,69.0,70.7,67.6
26380-274,"감천유림2차",사하구,감천동,IDENTITY_HIGH,COORD_HIGH,SCORE_AVAILABLE,1.00,19.4,39.7,39.1,59.0,39.3,38.3,41.3,38.1
26380-83,"괴정신동화",사하구,괴정동,IDENTITY_MEDIUM,COORD_HIGH,SCORE_AVAILABLE,1.00,55.1,67.3,67.4,37.0,56.7,56.1,53.7,57.2
26380-1776,"당리푸르지오",사하구,당리동,IDENTITY_HIGH,COORD_HIGH,SCORE_AVAILABLE,1.00,67.2,68.2,60.8,74.8,67.8,68.1,68.8,67.6
26380-108,"우림그린맨션",사하구,당리동,IDENTITY_HIGH,COORD_HIGH,SCORE_AVAILABLE,1.00,40.2,35.9,36.4,41.8,38.5,38.7,39.1,38.5
26380-111,"일원파크맨션",사하구,당리동,IDENTITY_HIGH,COORD_HIGH,SCORE_AVAILABLE,1.00,42.8,44.7,52.8,31.9,43.1,42.6,41.4,43.3
26380-2003,"하단지음주상복합",사하구,하단동,IDENTITY_LOW,COORD_HIGH,SCORE_AVAILABLE,1.00,69.8,76.6,52.2,83.2,70.5,71.3,72.3,70.3
26380-307,"새보람더존빌",사하구,괴정동,IDENTITY_HIGH,COORD_HIGH,SCORE_AVAILABLE,1.00,87.8,72.1,51.8,47.9,64.9,66.7,63.5,66.3
26380-58,"태화",사하구,괴정동,IDENTITY_HIGH,COORD_LOW,NOT_ENOUGH_DATA,0.25,,,,21.3,,,,
26380-224,"장림",사하구,장림동,IDENTITY_HIGH,COORD_HIGH,SCORE_AVAILABLE,1.00,40.3,59.3,54.0,22.1,43.9,43.3,40.5,44.5
26380-141,"하단대진",사하구,하단동,IDENTITY_HIGH,COORD_HIGH,SCORE_AVAILABLE,1.00,55.1,67.3,73.2,38.3,58.5,57.6,55.3,58.9
26380-346,"신한",사하구,감천동,IDENTITY_HIGH,COORD_HIGH,SCORE_AVAILABLE,1.00,23.9,24.8,39.8,29.9,29.6,28.8,29.3,29.2
26380-277,"해태",사하구,감천동,IDENTITY_HIGH,COORD_HIGH,SCORE_AVAILABLE,1.00,16.4,40.1,29.8,54.3,35.2,34.5,37.1,34.1
26380-250,"조성하이츠",사하구,다대동,IDENTITY_HIGH,COORD_HIGH,SCORE_AVAILABLE,1.00,76.3,49.9,83.7,41.8,62.9,62.5,60.4,63.6
26380-84,"당리삼창",사하구,당리동,IDENTITY_HIGH,COORD_HIGH,SCORE_AVAILABLE,1.00,82.9,73.3,72.7,50.6,69.9,70.4,67.6,70.8
26380-199,"신평럭키무지개타운",사하구,신평동,IDENTITY_HIGH,COORD_HIGH,SCORE_AVAILABLE,1.00,46.5,33.2,74.9,48.5,50.8,49.3,50.2,50.3
26380-1969,"휴누리",사하구,당리동,IDENTITY_LOW,COORD_LOW,NOT_ENOUGH_DATA,0.25,,,,78.4,,,,
26380-121,"호성빌라맨션",사하구,당리동,IDENTITY_HIGH,COORD_HIGH,SCORE_AVAILABLE,1.00,45.7,73.6,66.1,33.8,54.8,53.8,51.2,55.2
26380-219,"삼경제일",사하구,장림동,IDENTITY_HIGH,COORD_HIGH,SCORE_AVAILABLE,1.00,54.0,41.4,30.4,41.7,41.9,43.0,42.4,42.3
26380-38,"신괴정화신아파트",사하구,괴정동,IDENTITY_HIGH,COORD_HIGH,SCORE_AVAILABLE,1.00,60.5,51.7,50.1,44.2,51.6,52.2,51.0,52.1
26380-237,"다대다해",사하구,다대동,IDENTITY_HIGH,COORD_HIGH,SCORE_AVAILABLE,1.00,88.4,52.8,53.0,44.4,59.7,61.4,58.8,61.0
26380-52,"장미",사하구,괴정동,IDENTITY_HIGH,COORD_HIGH,SCORE_AVAILABLE,1.00,50.4,35.6,61.8,26.6,43.6,43.0,41.4,44.1
26380-221,"장림신도",사하구,장림동,IDENTITY_HIGH,COORD_HIGH,SCORE_AVAILABLE,1.00,54.3,49.7,31.7,39.1,43.7,44.8,43.5,44.3
26380-1922,"괴정동천아하늘정원2차",사하구,괴정동,IDENTITY_HIGH,COORD_HIGH,SCORE_AVAILABLE,1.00,79.6,59.4,71.6,60.1,67.7,68.1,67.2,68.2
26380-22,"벽산하이츠타운",사하구,괴정동,IDENTITY_HIGH,COORD_HIGH,SCORE_AVAILABLE,1.00,53.5,32.7,65.6,50.1,50.5,49.9,50.6,50.3
26380-244,"삼환2",사하구,다대동,IDENTITY_HIGH,COORD_HIGH,SCORE_AVAILABLE,1.00,57.7,43.4,67.4,52.7,55.3,54.8,55.0,55.2
26380-2115,"사하삼정그린코아더시티",사하구,하단동,IDENTITY_HIGH,COORD_HIGH,SCORE_AVAILABLE,1.00,76.4,78.3,50.9,76.7,70.6,71.9,71.8,70.9
26380-176,"하단삼창",사하구,하단동,IDENTITY_HIGH,COORD_HIGH,SCORE_AVAILABLE,1.00,69.0,70.1,58.2,49.3,61.6,62.2,60.1,62.3
26380-241,"대우",사하구,다대동,IDENTITY_HIGH,COORD_HIGH,SCORE_AVAILABLE,1.00,83.1,52.0,75.6,63.7,68.6,69.0,68.6,68.9
26380-295,"화원레샹스",사하구,괴정동,IDENTITY_MEDIUM,COORD_HIGH,SCORE_AVAILABLE,1.00,78.4,69.3,69.2,51.4,67.1,67.5,65.3,67.9
26380-209,"국제그레이트",사하구,장림동,IDENTITY_HIGH,COORD_HIGH,SCORE_AVAILABLE,1.00,44.8,58.6,61.5,42.5,51.9,51.0,50.1,51.9
26380-300,"현대캐스빌",사하구,괴정동,IDENTITY_HIGH,COORD_HIGH,SCORE_AVAILABLE,1.00,61.9,32.3,73.5,36.0,50.9,50.3,49.2,51.3
26380-39,"신대우빌라트",사하구,괴정동,IDENTITY_HIGH,COORD_HIGH,SCORE_AVAILABLE,1.00,50.9,35.6,41.0,28.8,39.1,39.5,38.1,39.7
26380-59,"하이츠빌리지",사하구,괴정동,IDENTITY_HIGH,COORD_HIGH,SCORE_AVAILABLE,1.00,56.1,24.4,70.5,31.6,45.6,44.9,44.0,45.9
26380-20,"미광",사하구,괴정동,IDENTITY_HIGH,COORD_HIGH,SCORE_AVAILABLE,1.00,76.6,60.4,60.7,24.2,55.5,56.3,51.8,57.1
26380-1989,"하단동한웅드리머스",사하구,하단동,IDENTITY_HIGH,COORD_HIGH,SCORE_AVAILABLE,1.00,73.1,79.1,79.3,56.1,71.9,71.6,69.6,72.4
26380-249,"조성",사하구,다대동,IDENTITY_HIGH,COORD_HIGH,SCORE_AVAILABLE,1.00,51.5,64.5,60.3,48.3,56.2,55.7,54.7,56.3
26380-201,"삼창강변1",사하구,신평동,IDENTITY_HIGH,COORD_HIGH,SCORE_AVAILABLE,1.00,45.4,49.3,67.7,52.6,53.8,52.6,53.2,53.4
26380-290,"지오빌1(A동)",사하구,하단동,IDENTITY_HIGH,COORD_HIGH,SCORE_AVAILABLE,1.00,42.6,65.5,57.4,43.7,52.3,51.5,50.5,52.3
26380-101,"당리동신동아(33-4)",사하구,당리동,IDENTITY_HIGH,COORD_HIGH,SCORE_AVAILABLE,1.00,39.8,35.9,34.7,42.0,38.1,38.3,38.8,38.0
26380-228,"장림현대(60-42)",사하구,장림동,IDENTITY_HIGH,COORD_HIGH,SCORE_AVAILABLE,1.00,48.2,50.9,38.4,43.0,45.1,45.6,45.0,45.4
26380-217,"벽산아파트",사하구,장림동,IDENTITY_HIGH,COORD_HIGH,SCORE_AVAILABLE,1.00,48.2,28.5,22.6,51.2,37.6,38.9,40.2,37.6
26380-281,"사남신익",사하구,괴정동,IDENTITY_HIGH,COORD_HIGH,SCORE_AVAILABLE,1.00,56.4,45.3,69.1,39.3,52.5,51.9,50.7,52.8
26380-513,"창우블루빌",사하구,괴정동,IDENTITY_LOW,COORD_LOW,NOT_ENOUGH_DATA,0.25,,,,53.2,,,,
26380-65,"현대신델라",사하구,괴정동,IDENTITY_MEDIUM,COORD_HIGH,SCORE_AVAILABLE,1.00,64.7,72.9,58.7,24.8,55.3,55.6,51.2,56.6
26380-222,"신우림",사하구,장림동,IDENTITY_HIGH,COORD_HIGH,SCORE_AVAILABLE,1.00,78.9,52.2,62.2,52.2,61.4,62.2,60.9,62.1
26380-43,"괴정자유2차",사하구,괴정동,IDENTITY_HIGH,COORD_HIGH,SCORE_AVAILABLE,1.00,55.6,38.6,46.4,49.3,47.5,48.0,48.2,47.6
26380-1662,"괴정엔스타",사하구,괴정동,IDENTITY_HIGH,COORD_HIGH,SCORE_AVAILABLE,1.00,83.1,71.8,35.2,66.0,64.0,66.4,65.3,64.9
26380-3,"국제",사하구,괴정동,IDENTITY_HIGH,COORD_HIGH,SCORE_AVAILABLE,1.00,50.6,58.5,74.5,36.0,54.9,53.7,51.9,55.2
26380-41,"신익",사하구,괴정동,IDENTITY_HIGH,COORD_HIGH,SCORE_AVAILABLE,1.00,40.4,65.3,32.1,30.4,42.0,42.4,40.2,42.7
26380-284,"대양그린힐",사하구,괴정동,IDENTITY_LOW,COORD_LOW,NOT_ENOUGH_DATA,0.25,,,,49.6,,,,
26380-62,"한우",사하구,괴정동,IDENTITY_HIGH,COORD_HIGH,SCORE_AVAILABLE,1.00,76.4,69.3,68.6,28.7,60.8,61.2,56.7,62.2
26380-67,"협진태양",사하구,괴정동,IDENTITY_HIGH,COORD_HIGH,SCORE_AVAILABLE,1.00,50.6,67.4,55.3,40.0,53.3,53.1,51.2,53.8
26380-69,"흥아거북",사하구,괴정동,IDENTITY_HIGH,COORD_HIGH,SCORE_AVAILABLE,1.00,40.5,54.2,70.4,31.3,49.1,47.6,46.0,49.2
26380-328,"보해이브빌2차",사하구,하단동,IDENTITY_LOW,COORD_LOW,NOT_ENOUGH_DATA,0.25,,,,49.6,,,,
26380-294,"남도그린빌라",사하구,괴정동,IDENTITY_HIGH,COORD_HIGH,SCORE_AVAILABLE,1.00,38.8,18.7,53.5,25.8,34.2,33.4,33.2,34.2
26380-285,"강진노블레스",사하구,괴정동,IDENTITY_HIGH,COORD_HIGH,SCORE_AVAILABLE,1.00,70.5,58.7,81.4,41.6,63.1,62.5,60.2,63.7
26380-291,"티파니빌라트",사하구,하단동,IDENTITY_HIGH,COORD_HIGH,SCORE_AVAILABLE,1.00,33.2,49.9,39.8,37.9,40.2,39.9,39.5,40.2
26380-1978,"재성힐링파크2차",사하구,다대동,IDENTITY_HIGH,COORD_HIGH,SCORE_AVAILABLE,1.00,68.8,67.1,71.9,57.2,66.3,66.1,65.0,66.6
26380-146,"두꺼비맨션",사하구,하단동,IDENTITY_HIGH,COORD_HIGH,SCORE_AVAILABLE,1.00,40.8,64.4,54.7,19.5,44.8,44.1,40.8,45.6
26380-54,"진흥",사하구,괴정동,IDENTITY_HIGH,COORD_LOW,NOT_ENOUGH_DATA,0.25,,,,21.2,,,,
26380-1589,"(503-12)",사하구,하단동,IDENTITY_HIGH,COORD_HIGH,SCORE_AVAILABLE,1.00,36.9,64.7,49.1,20.4,42.8,42.1,39.1,43.4
26380-136,"궁전시티빌",사하구,하단동,IDENTITY_HIGH,COORD_HIGH,SCORE_AVAILABLE,1.00,49.3,66.5,68.6,33.4,54.4,53.5,51.0,54.9
26380-1613,"유림예다움",사하구,다대동,IDENTITY_LOW,COORD_LOW,NOT_ENOUGH_DATA,0.25,,,,57.0,,,,
26380-232,"화천아파트",사하구,장림동,IDENTITY_HIGH,COORD_HIGH,SCORE_AVAILABLE,1.00,41.9,53.6,61.6,34.6,47.9,46.9,45.6,48.1
26380-42,"신익타운",사하구,괴정동,IDENTITY_HIGH,COORD_HIGH,SCORE_AVAILABLE,1.00,42.8,57.6,35.1,43.3,44.7,45.1,44.4,44.9
26380-292,"도시두송",사하구,다대동,IDENTITY_HIGH,COORD_HIGH,SCORE_AVAILABLE,1.00,45.9,29.0,80.7,45.7,50.3,48.6,49.4,49.8
26380-127,"당리4차혜성",사하구,당리동,IDENTITY_HIGH,COORD_HIGH,SCORE_AVAILABLE,1.00,42.6,29.1,40.2,44.0,39.0,39.1,39.9,38.8
26380-223,"장림우림그린맨션",사하구,장림동,IDENTITY_HIGH,COORD_HIGH,SCORE_AVAILABLE,1.00,64.9,56.2,42.8,45.4,52.3,53.4,51.9,53.1
26380-1706,"참누리아파트",사하구,괴정동,IDENTITY_HIGH,COORD_HIGH,SCORE_AVAILABLE,1.00,61.5,23.9,61.6,59.8,51.7,51.7,53.4,51.3
26380-66,"협진신태양",사하구,괴정동,IDENTITY_HIGH,COORD_HIGH,SCORE_AVAILABLE,1.00,63.2,42.9,66.9,30.8,50.9,50.7,48.5,51.7
26380-303,"일동지에닌",사하구,괴정동,IDENTITY_LOW,COORD_LOW,NOT_ENOUGH_DATA,0.25,,,,51.4,,,,
26380-2,"괴정한신",사하구,괴정동,IDENTITY_HIGH,COORD_HIGH,SCORE_AVAILABLE,1.00,64.4,62.4,80.2,48.9,64.0,63.2,61.7,64.3
26380-90,"당리반도보라맨션",사하구,당리동,IDENTITY_HIGH,COORD_HIGH,SCORE_AVAILABLE,1.00,50.8,57.3,59.3,49.5,54.2,53.8,53.3,54.2
26380-276,"한성",사하구,감천동,IDENTITY_HIGH,COORD_HIGH,SCORE_AVAILABLE,1.00,21.2,38.3,32.3,27.5,29.8,29.3,29.0,29.7
26380-282,"사하오성빌라맨션",사하구,괴정동,IDENTITY_HIGH,COORD_HIGH,SCORE_AVAILABLE,1.00,43.5,32.7,58.1,39.1,43.3,42.6,42.7,43.2
26380-1979,"동매힐스",사하구,신평동,IDENTITY_HIGH,COORD_HIGH,SCORE_AVAILABLE,1.00,86.2,40.4,45.8,57.4,57.5,59.5,58.9,58.3
26380-19,"럭키",사하구,괴정동,IDENTITY_LOW,COORD_LOW,NOT_ENOUGH_DATA,0.25,,,,17.6,,,,
26380-264,"남성타워",사하구,감천동,IDENTITY_HIGH,COORD_HIGH,SCORE_AVAILABLE,1.00,13.1,30.5,48.3,35.6,31.9,30.1,31.5,31.0
26380-1932,"유원블루파크에이동",사하구,하단동,IDENTITY_LOW,COORD_HIGH,SCORE_AVAILABLE,1.00,56.3,66.2,67.3,76.0,66.5,65.9,67.4,65.9
26380-189,"동조리젠시",사하구,하단동,IDENTITY_LOW,COORD_HIGH,SCORE_AVAILABLE,1.00,49.1,66.5,66.7,47.8,57.5,56.6,55.6,57.5
26380-524,"동조신현트레빌",사하구,괴정동,IDENTITY_HIGH,COORD_HIGH,SCORE_AVAILABLE,1.00,65.0,69.4,61.8,35.5,57.9,58.1,54.9,58.9
26380-332,"나산리츠",사하구,하단동,IDENTITY_HIGH,COORD_HIGH,SCORE_AVAILABLE,1.00,45.5,65.5,56.1,37.6,51.2,50.6,48.8,51.5
26380-26,"삼부",사하구,괴정동,IDENTITY_HIGH,COORD_HIGH,SCORE_AVAILABLE,1.00,67.3,55.6,53.8,20.1,49.2,49.9,45.8,50.7
26380-1934,"에코펠리스",사하구,괴정동,IDENTITY_HIGH,COORD_HIGH,SCORE_AVAILABLE,1.00,68.0,68.9,55.9,52.5,61.3,61.9,60.3,61.9
26380-183,"선경아트빌",사하구,하단동,IDENTITY_HIGH,COORD_HIGH,SCORE_AVAILABLE,1.00,45.8,64.1,60.3,35.5,51.4,50.7,48.8,51.8
26380-286,"신화프라자",사하구,괴정동,IDENTITY_HIGH,COORD_HIGH,SCORE_AVAILABLE,1.00,87.6,70.1,47.8,43.0,62.1,64.1,60.5,63.7
26380-514,"천아하늘정원",사하구,괴정동,IDENTITY_HIGH,COORD_HIGH,SCORE_AVAILABLE,1.00,75.8,70.1,41.8,43.6,57.8,59.5,56.6,59.1
26380-1999,"더블루원허브",사하구,하단동,IDENTITY_HIGH,COORD_HIGH,SCORE_AVAILABLE,1.00,47.5,64.5,61.2,61.5,58.7,58.0,58.5,58.3
26380-5,"금일아트빌",사하구,괴정동,IDENTITY_HIGH,COORD_HIGH,SCORE_AVAILABLE,1.00,73.2,61.2,82.0,32.8,62.3,61.9,58.4,63.3
26380-156,"하단에덴",사하구,하단동,IDENTITY_HIGH,COORD_HIGH,SCORE_AVAILABLE,1.00,47.0,52.7,37.6,26.2,40.9,41.4,39.0,41.7
26380-8,"남정해바라기",사하구,괴정동,IDENTITY_HIGH,COORD_HIGH,SCORE_AVAILABLE,1.00,59.2,70.0,55.8,23.2,52.1,52.2,48.1,53.3
26380-119,"협진태양",사하구,당리동,IDENTITY_HIGH,COORD_HIGH,SCORE_AVAILABLE,1.00,39.3,57.6,76.3,38.9,53.0,51.2,50.2,52.9
26380-324,"나산리버빌",사하구,하단동,IDENTITY_HIGH,COORD_HIGH,SCORE_AVAILABLE,1.00,70.4,71.8,83.1,41.2,66.6,66.0,63.0,67.4
26380-55,"천일로얄",사하구,괴정동,IDENTITY_HIGH,COORD_HIGH,SCORE_AVAILABLE,1.00,63.7,70.7,48.5,31.0,53.5,54.2,50.6,54.7
26380-115,"창신",사하구,당리동,IDENTITY_HIGH,COORD_HIGH,SCORE_AVAILABLE,1.00,62.8,75.8,59.8,37.6,59.0,59.1,56.0,59.9
26380-1615,"가람리버빌",사하구,괴정동,IDENTITY_LOW,COORD_LOW,NOT_ENOUGH_DATA,0.25,,,,57.0,,,,
26380-85,"당리형제",사하구,당리동,IDENTITY_HIGH,COORD_HIGH,SCORE_AVAILABLE,1.00,36.5,49.1,44.2,44.6,43.6,43.2,43.4,43.4
26380-351,"신흥동백(359-1)",사하구,감천동,IDENTITY_HIGH,COORD_HIGH,SCORE_AVAILABLE,1.00,8.1,18.0,51.8,31.4,27.3,25.1,27.0,26.3
26380-2112,"협진신태양(240-80)",사하구,괴정동,IDENTITY_HIGH,COORD_HIGH,SCORE_AVAILABLE,1.00,77.3,52.1,79.3,29.3,59.5,59.4,55.8,60.7
26380-46,"우림그린",사하구,괴정동,IDENTITY_LOW,COORD_HIGH,SCORE_AVAILABLE,1.00,40.5,65.3,39.2,24.8,42.4,42.5,39.7,43.2
26380-526,"정우아트빌",사하구,괴정동,IDENTITY_HIGH,COORD_HIGH,SCORE_AVAILABLE,1.00,74.4,49.5,71.7,33.1,57.2,57.3,54.4,58.2
26380-305,"노블레스(764-11)",사하구,괴정동,IDENTITY_LOW,COORD_HIGH,SCORE_AVAILABLE,1.00,78.9,62.4,78.5,49.6,67.3,67.4,65.3,68.1
26380-172,"하구언1",사하구,하단동,IDENTITY_LOW,COORD_HIGH,SCORE_AVAILABLE,1.00,48.6,56.0,41.3,16.8,40.7,41.0,37.5,41.8
26380-137,"남연",사하구,하단동,IDENTITY_LOW,COORD_HIGH,SCORE_AVAILABLE,1.00,58.3,72.6,47.7,16.8,48.9,49.4,44.5,50.3
26380-315,"하단시티빌(88-5)",사하구,하단동,IDENTITY_LOW,COORD_HIGH,SCORE_AVAILABLE,1.00,61.5,76.5,52.0,46.0,59.0,59.5,57.2,59.7
26380-314,"하단시티빌(88-4)",사하구,하단동,IDENTITY_LOW,COORD_HIGH,SCORE_AVAILABLE,1.00,64.5,76.5,53.9,46.0,60.2,60.7,58.3,61.0
26380-1959,"그린시티",사하구,괴정동,IDENTITY_LOW,COORD_HIGH,SCORE_AVAILABLE,1.00,87.3,55.6,73.5,78.4,73.7,74.4,75.1,73.8
26380-1808,"아람",사하구,괴정동,IDENTITY_HIGH,COORD_HIGH,SCORE_AVAILABLE,1.00,83.5,73.6,58.9,47.3,65.8,67.0,63.9,67.0
26380-1738,"(888-1)",사하구,하단동,IDENTITY_HIGH,COORD_HIGH,SCORE_AVAILABLE,1.00,33.3,52.9,39.7,45.6,42.9,42.5,42.8,42.6
26380-1579,"경성리치W",사하구,당리동,IDENTITY_HIGH,COORD_HIGH,SCORE_AVAILABLE,1.00,80.0,69.5,57.6,47.4,63.6,64.8,62.0,64.7
26380-56,"로즈빌라",사하구,괴정동,IDENTITY_HIGH,COORD_HIGH,SCORE_AVAILABLE,1.00,51.9,25.4,72.0,29.8,44.8,43.8,42.9,45.0
26380-140,"대우에덴프라자",사하구,하단동,IDENTITY_HIGH,COORD_HIGH,SCORE_AVAILABLE,1.00,49.2,56.0,46.6,39.0,47.7,47.8,46.5,48.1
26380-1953,"더휴",사하구,하단동,IDENTITY_HIGH,COORD_HIGH,SCORE_AVAILABLE,1.00,54.9,57.0,36.6,65.3,53.4,54.4,55.3,53.3
26380-521,"화천승학",사하구,당리동,IDENTITY_HIGH,COORD_HIGH,SCORE_AVAILABLE,1.00,65.4,76.3,73.4,21.1,59.1,58.7,53.7,60.4
26380-2019,"대림SM",사하구,당리동,IDENTITY_HIGH,COORD_HIGH,SCORE_AVAILABLE,1.00,86.5,74.5,67.7,55.3,71.0,72.0,69.4,72.0
26380-273,"우림",사하구,감천동,IDENTITY_HIGH,COORD_HIGH,SCORE_AVAILABLE,1.00,8.1,24.4,47.0,20.3,24.9,23.0,23.4,24.4
26380-2018,"태린비주펠리스",사하구,감천동,IDENTITY_HIGH,COORD_HIGH,SCORE_AVAILABLE,1.00,27.3,34.6,67.1,55.7,46.2,44.2,46.6,45.0
26380-322,"충우드림라이프",사하구,하단동,IDENTITY_HIGH,COORD_HIGH,SCORE_AVAILABLE,1.00,89.2,77.4,75.5,39.1,70.3,71.0,66.6,71.8
26380-1587,"한우5동",사하구,괴정동,IDENTITY_MEDIUM,COORD_LOW,NOT_ENOUGH_DATA,0.25,,,,15.2,,,,
26380-61,"한성",사하구,괴정동,IDENTITY_LOW,COORD_LOW,NOT_ENOUGH_DATA,0.25,,,,13.6,,,,
26380-231,"장림협진태양",사하구,장림동,IDENTITY_HIGH,COORD_HIGH,SCORE_AVAILABLE,1.00,57.8,59.4,42.1,37.2,49.1,49.9,47.8,49.9
26380-96,"성도솔밭맨션",사하구,당리동,IDENTITY_MEDIUM,COORD_HIGH,SCORE_AVAILABLE,1.00,59.5,66.4,74.7,21.6,55.5,54.8,50.6,56.6
26380-1649,"시티그린타워",사하구,장림동,IDENTITY_LOW,COORD_LOW,NOT_ENOUGH_DATA,0.25,,,,65.0,,,,
26380-272,"신흥동백(361)",사하구,감천동,IDENTITY_HIGH,COORD_HIGH,SCORE_AVAILABLE,1.00,12.8,25.9,52.5,30.1,30.3,28.3,29.4,29.5
26380-13,"동덕",사하구,괴정동,IDENTITY_HIGH,COORD_HIGH,SCORE_AVAILABLE,1.00,76.8,56.3,68.9,24.9,56.7,57.1,53.0,58.2
26380-10,"대티은하",사하구,괴정동,IDENTITY_MEDIUM,COORD_HIGH,SCORE_AVAILABLE,1.00,64.3,20.6,59.3,18.4,40.6,40.9,38.5,41.6
26380-1578,"신평럭키무지개타운(206-5)",사하구,신평동,IDENTITY_HIGH,COORD_HIGH,SCORE_AVAILABLE,1.00,54.1,33.2,68.2,33.9,47.3,46.6,45.7,47.6
26380-531,"아리랑빌",사하구,당리동,IDENTITY_UNRESOLVED,COORD_LOW,NOT_ENOUGH_DATA,0.25,,,,53.2,,,,
26380-257,"영생비치",사하구,구평동,IDENTITY_HIGH,COORD_HIGH,SCORE_AVAILABLE,1.00,38.6,25.1,55.0,35.6,38.6,37.8,38.1,38.4
26380-353,"목련아트빌",사하구,괴정동,IDENTITY_UNRESOLVED,COORD_LOW,NOT_ENOUGH_DATA,0.25,,,,46.0,,,,
26380-23,"부영아파트나동",사하구,괴정동,IDENTITY_UNRESOLVED,COORD_LOW,NOT_ENOUGH_DATA,0.25,,,,12.0,,,,
26380-185,"무진",사하구,하단동,IDENTITY_UNRESOLVED,COORD_LOW,NOT_ENOUGH_DATA,0.25,,,,49.6,,,,
26380-1876,"재성힐링파크",사하구,다대동,IDENTITY_UNRESOLVED,COORD_LOW,NOT_ENOUGH_DATA,0.25,,,,73.8,,,,
26380-321,"KCB센트리움",사하구,하단동,IDENTITY_UNRESOLVED,COORD_LOW,NOT_ENOUGH_DATA,0.25,,,,51.4,,,,
26380-17,"동주",사하구,괴정동,IDENTITY_UNRESOLVED,COORD_LOW,NOT_ENOUGH_DATA,0.25,,,,14.4,,,,
26380-95,"새동림",사하구,당리동,IDENTITY_UNRESOLVED,COORD_LOW,NOT_ENOUGH_DATA,0.25,,,,18.4,,,,
26380-64,"괴정한일하나로타운",사하구,괴정동,IDENTITY_HIGH,COORD_HIGH,SCORE_AVAILABLE,1.00,48.4,22.0,56.6,42.5,42.4,42.0,42.7,42.2
26380-99,"수양파크",사하구,당리동,IDENTITY_UNRESOLVED,COORD_LOW,NOT_ENOUGH_DATA,0.25,,,,18.4,,,,
26380-275,"제일(13-1105)",사하구,감천동,IDENTITY_LOW,COORD_HIGH,SCORE_AVAILABLE,1.00,28.0,17.7,22.5,12.0,20.0,20.3,19.2,20.5
26380-73,"승경하이츠",사하구,괴정동,IDENTITY_LOW,COORD_HIGH,SCORE_AVAILABLE,1.00,67.9,51.0,68.6,47.8,58.8,58.8,57.6,59.3
26380-1783,"누리아띠",사하구,장림동,IDENTITY_LOW,COORD_HIGH,SCORE_AVAILABLE,1.00,35.5,58.7,47.7,69.4,52.8,52.2,54.4,51.9
26380-198,"그린파크",사하구,신평동,IDENTITY_LOW,COORD_HIGH,SCORE_AVAILABLE,1.00,57.9,28.3,79.6,19.2,46.3,45.2,42.8,46.9
26380-193,"섬진2",사하구,하단동,IDENTITY_LOW,COORD_HIGH,SCORE_AVAILABLE,1.00,38.5,59.1,47.2,47.8,48.1,47.7,47.6,48.0
26380-100,"신동아(320-31)",사하구,당리동,IDENTITY_UNRESOLVED,COORD_HIGH,SCORE_AVAILABLE,1.00,65.3,68.2,59.2,17.6,52.6,52.9,48.0,54.1
26380-306,"노블레스(764-112)",사하구,괴정동,IDENTITY_UNRESOLVED,COORD_HIGH,SCORE_AVAILABLE,1.00,78.1,60.4,79.6,49.6,66.9,66.8,64.9,67.6
26380-184,"섬진1",사하구,하단동,IDENTITY_UNRESOLVED,COORD_HIGH,SCORE_AVAILABLE,1.00,84.4,78.1,55.3,49.6,66.8,68.3,65.1,68.1
26380-102,"신동아(330-4)",사하구,당리동,IDENTITY_UNRESOLVED,COORD_HIGH,SCORE_AVAILABLE,1.00,66.3,65.3,79.9,17.6,57.3,56.6,51.8,58.6
26380-226,"평생골드타운",사하구,장림동,IDENTITY_HIGH,COORD_HIGH,SCORE_AVAILABLE,0.75,,43.4,34.7,38.7,38.9,39.2,38.9,39.1
26380-1669,"그린시티",사하구,하단동,IDENTITY_HIGH,COORD_HIGH,SCORE_AVAILABLE,1.00,47.3,65.5,58.4,52.2,55.9,55.3,54.9,55.8
26380-1864,"리버포레(B동)",사하구,하단동,IDENTITY_HIGH,COORD_HIGH,SCORE_AVAILABLE,1.00,47.6,54.8,55.5,50.1,52.0,51.6,51.5,51.9
26380-1887,"한영리더스",사하구,다대동,IDENTITY_HIGH,COORD_HIGH,SCORE_AVAILABLE,1.00,84.8,67.3,61.4,49.7,65.8,67.0,64.3,66.9
26380-133,"경인",사하구,하단동,IDENTITY_HIGH,COORD_HIGH,SCORE_AVAILABLE,1.00,37.6,54.8,58.3,21.2,43.0,41.9,39.4,43.4
26380-1935,"대청가람채",사하구,하단동,IDENTITY_UNRESOLVED,COORD_LOW,NOT_ENOUGH_DATA,0.25,,,,76.0,,,,
26380-293,"초원빌",사하구,괴정동,IDENTITY_HIGH,COORD_HIGH,SCORE_AVAILABLE,1.00,59.7,25.1,57.2,44.3,46.6,46.7,46.9,46.7
26380-25,"삼경",사하구,괴정동,IDENTITY_UNRESOLVED,COORD_LOW,NOT_ENOUGH_DATA,0.25,,,,19.2,,,,
26380-44,"영신목화",사하구,괴정동,IDENTITY_UNRESOLVED,COORD_LOW,NOT_ENOUGH_DATA,0.25,,,,18.4,,,,
26380-76,"부경솔리드102동",사하구,괴정동,IDENTITY_UNRESOLVED,COORD_LOW,NOT_ENOUGH_DATA,0.25,,,,47.8,,,,
26380-197,"다전그린",사하구,하단동,IDENTITY_UNRESOLVED,COORD_LOW,NOT_ENOUGH_DATA,0.25,,,,47.8,,,,
26380-117,"청조",사하구,당리동,IDENTITY_UNRESOLVED,COORD_LOW,NOT_ENOUGH_DATA,0.25,,,,16.8,,,,
26380-63,"한일하나로",사하구,괴정동,IDENTITY_HIGH,COORD_HIGH,SCORE_AVAILABLE,1.00,34.8,43.0,65.8,27.7,42.8,41.3,40.1,42.8
26380-171,"펄스트빌B",사하구,하단동,IDENTITY_UNRESOLVED,COORD_LOW,NOT_ENOUGH_DATA,0.25,,,,47.8,,,,
26380-1933,"영림더채움",사하구,하단동,IDENTITY_UNRESOLVED,COORD_LOW,NOT_ENOUGH_DATA,0.25,,,,76.0,,,,
26380-523,"럭키(484-2)",사하구,괴정동,IDENTITY_MEDIUM,COORD_HIGH,SCORE_AVAILABLE,1.00,68.1,72.1,53.3,18.4,53.0,53.7,48.6,54.7
26380-288,"청목미르피아",사하구,하단동,IDENTITY_HIGH,COORD_HIGH,SCORE_AVAILABLE,1.00,36.5,54.8,61.4,49.7,50.6,49.3,49.7,50.1
26380-31,"새괴정화신",사하구,괴정동,IDENTITY_HIGH,COORD_HIGH,SCORE_AVAILABLE,1.00,54.4,62.9,74.9,29.6,55.5,54.4,51.5,56.1
26380-150,"삼경",사하구,하단동,IDENTITY_UNRESOLVED,COORD_LOW,NOT_ENOUGH_DATA,0.25,,,,17.6,,,,
26380-267,"무지개",사하구,감천동,IDENTITY_UNRESOLVED,COORD_LOW,NOT_ENOUGH_DATA,0.25,,,,18.4,,,,
26380-1873,"라온아파트",사하구,하단동,IDENTITY_UNRESOLVED,COORD_LOW,NOT_ENOUGH_DATA,0.25,,,,73.8,,,,
26380-319,"조일센토빌",사하구,하단동,IDENTITY_UNRESOLVED,COORD_LOW,NOT_ENOUGH_DATA,0.25,,,,49.6,,,,
26380-225,"제일",사하구,장림동,IDENTITY_UNRESOLVED,COORD_LOW,NOT_ENOUGH_DATA,0.25,,,,13.6,,,,
26380-35,"소라",사하구,괴정동,IDENTITY_MEDIUM,COORD_HIGH,SCORE_AVAILABLE,1.00,53.3,60.3,65.4,15.2,48.5,47.9,43.8,49.6
26380-325,"우방빌아트",사하구,하단동,IDENTITY_UNRESOLVED,COORD_LOW,NOT_ENOUGH_DATA,0.25,,,,46.0,,,,
26380-1809,"M타워",사하구,하단동,IDENTITY_UNRESOLVED,COORD_LOW,NOT_ENOUGH_DATA,0.25,,,,69.4,,,,
26380-30,"새괴정협진태양",사하구,괴정동,IDENTITY_HIGH,COORD_HIGH,SCORE_AVAILABLE,1.00,41.5,43.0,76.6,32.6,48.4,46.7,45.7,48.4
26380-1899,"괴정동그린시티",사하구,괴정동,IDENTITY_LOW,COORD_HIGH,SCORE_AVAILABLE,1.00,63.3,72.1,57.8,76.0,67.3,67.6,68.4,67.1
26350-27,"해운대오션파크",해운대구,우동,IDENTITY_HIGH,COORD_LOW,NOT_ENOUGH_DATA,0.25,,,,43.9,,,,
26140-1243,"대신푸르지오1차",서구,서대신동1가,IDENTITY_HIGH,COORD_HIGH,SCORE_AVAILABLE,1.00,65.1,61.1,49.3,82.0,64.4,65.2,67.1,64.0
26140-1321,"힐스테이트이진베이시티아파트",서구,암남동,IDENTITY_HIGH,COORD_HIGH,SCORE_AVAILABLE,1.00,20.7,26.6,26.1,91.0,41.1,40.8,47.6,39.0
26380-82,"성경로즈힐(1차)-101",사하구,괴정동,IDENTITY_UNRESOLVED,COORD_HIGH,SCORE_AVAILABLE,1.00,43.6,53.4,66.3,46.0,52.3,51.2,51.0,52.1
26380-336,"신선(417-0)",사하구,신평동,IDENTITY_UNRESOLVED,COORD_HIGH,SCORE_AVAILABLE,1.00,53.5,52.6,76.3,51.4,58.4,57.3,57.1,58.3
26380-352,"목련(B)",사하구,괴정동,IDENTITY_UNRESOLVED,COORD_HIGH,SCORE_AVAILABLE,1.00,79.1,44.0,69.9,47.8,60.2,60.7,59.3,60.9
26380-130,"가락타운3",사하구,하단동,IDENTITY_HIGH,COORD_HIGH,SCORE_AVAILABLE,1.00,46.5,57.6,70.1,56.3,57.6,56.4,56.9,57.2
26380-129,"가락타운2",사하구,하단동,IDENTITY_HIGH,COORD_HIGH,SCORE_AVAILABLE,1.00,46.5,57.6,70.1,56.3,57.6,56.4,56.9,57.2
26380-92,"부영",사하구,당리동,IDENTITY_UNRESOLVED,COORD_HIGH,SCORE_AVAILABLE,1.00,77.1,70.3,52.1,16.8,54.1,55.3,49.7,56.1
26380-308,"동조리젠시타워",사하구,괴정동,IDENTITY_LOW,COORD_HIGH,SCORE_AVAILABLE,1.00,71.8,70.7,46.5,49.6,59.7,60.9,58.8,60.6
26380-16,"동조리젠시",사하구,괴정동,IDENTITY_LOW,COORD_HIGH,SCORE_AVAILABLE,1.00,53.8,63.9,41.4,46.0,51.3,51.9,50.6,51.8
26380-190,"동조리젠시2",사하구,하단동,IDENTITY_UNRESOLVED,COORD_HIGH,SCORE_AVAILABLE,1.00,38.2,55.6,44.3,47.8,46.5,46.2,46.3,46.3
26350-2350,"센텀엘카사",해운대구,우동,IDENTITY_HIGH,COORD_LOW,NOT_ENOUGH_DATA,0.25,,,,60.0,,,,
26140-1216,"동대신동미소지음3차주상복합아파트",서구,동대신동1가,IDENTITY_HIGH,COORD_HIGH,SCORE_AVAILABLE,1.00,61.9,69.5,77.6,54.2,65.8,65.0,63.9,65.9
26140-978,"송도풍림아이원",서구,암남동,IDENTITY_HIGH,COORD_HIGH,SCORE_AVAILABLE,1.00,24.7,29.2,24.1,66.1,36.0,36.1,40.0,34.8
26140-1175,"부용동한웅드리머스",서구,부용동1가,IDENTITY_HIGH,COORD_HIGH,SCORE_AVAILABLE,1.00,54.3,68.4,76.8,62.6,65.5,64.4,64.5,65.2
26140-1245,"대신더샵",서구,서대신동3가,IDENTITY_HIGH,COORD_HIGH,SCORE_AVAILABLE,1.00,42.0,57.9,67.4,74.9,60.6,59.3,61.8,59.5
26140-1249,"토성동경동리인타워",서구,토성동1가,IDENTITY_HIGH,COORD_HIGH,SCORE_AVAILABLE,1.00,66.8,78.6,72.6,77.3,73.8,73.5,74.0,73.6
26140-1176,"헤리츠아파트2차",서구,토성동5가,IDENTITY_LOW,COORD_HIGH,SCORE_AVAILABLE,1.00,68.7,77.1,76.4,73.8,74.0,73.6,73.7,73.8
26140-133,"금호어울림",서구,서대신동3가,IDENTITY_HIGH,COORD_HIGH,SCORE_AVAILABLE,1.00,42.8,37.9,61.1,61.1,50.7,49.8,51.9,49.9
26140-114,"송도현대",서구,암남동,IDENTITY_HIGH,COORD_HIGH,SCORE_AVAILABLE,1.00,24.5,14.6,11.8,43.4,23.6,24.2,26.6,23.0
26140-1167,"오현스위트",서구,서대신동2가,IDENTITY_HIGH,COORD_HIGH,SCORE_AVAILABLE,1.00,69.1,72.8,65.1,49.4,64.1,64.3,62.2,64.8
26140-1273,"오현예다움",서구,서대신동2가,IDENTITY_HIGH,COORD_HIGH,SCORE_AVAILABLE,1.00,84.2,72.3,56.9,55.0,67.1,68.5,66.2,68.1
26140-39,"구덕자유",서구,서대신동3가,IDENTITY_HIGH,COORD_HIGH,SCORE_AVAILABLE,1.00,68.1,66.6,74.4,37.7,61.7,61.4,58.4,62.5
26350-2360,"해운대동백두산위브더제니스",해운대구,우동,IDENTITY_HIGH,COORD_HIGH,SCORE_AVAILABLE,1.00,68.8,62.3,36.5,76.2,60.9,62.6,63.6,61.0
26350-131,"엘지",해운대구,좌동,IDENTITY_HIGH,COORD_HIGH,SCORE_AVAILABLE,1.00,54.9,52.6,72.0,34.3,53.5,52.6,50.7,53.9
26140-116,"송도혜성주상복합빌딩",서구,암남동,IDENTITY_UNRESOLVED,COORD_LOW,NOT_ENOUGH_DATA,0.25,,,,47.8,,,,
26140-136,"세진골든빌리지",서구,동대신동2가,IDENTITY_UNRESOLVED,COORD_LOW,NOT_ENOUGH_DATA,0.25,,,,47.8,,,,
26140-146,"유니온캐슬",서구,서대신동1가,IDENTITY_UNRESOLVED,COORD_LOW,NOT_ENOUGH_DATA,0.25,,,,49.6,,,,
26350-2362,"해운대더샵센텀그린",해운대구,반여동,IDENTITY_HIGH,COORD_HIGH,SCORE_AVAILABLE,1.00,39.4,65.1,57.9,76.1,59.6,58.7,61.1,58.6
26350-247,"롯데캐슬마린",해운대구,중동,IDENTITY_HIGH,COORD_HIGH,SCORE_AVAILABLE,1.00,57.4,76.8,80.0,69.1,70.8,69.7,69.9,70.4
26350-2108,"센텀이편한세상",해운대구,재송동,IDENTITY_HIGH,COORD_HIGH,SCORE_AVAILABLE,1.00,69.7,56.1,75.4,69.7,67.7,67.4,68.1,67.5
26350-2090,"센텀피오레1차",해운대구,재송동,IDENTITY_HIGH,COORD_HIGH,SCORE_AVAILABLE,1.00,79.3,59.7,53.5,66.8,64.8,66.1,65.9,65.3
26350-2342,"해운대자이2차1단지",해운대구,우동,IDENTITY_HIGH,COORD_HIGH,SCORE_AVAILABLE,1.00,37.2,48.4,47.5,78.9,53.0,52.5,56.1,51.8
26350-214,"센텀롯데캐슬아파트",해운대구,반여동,IDENTITY_MEDIUM,COORD_HIGH,SCORE_AVAILABLE,1.00,26.3,63.4,62.2,51.4,50.8,49.0,49.7,50.1
26350-119,"동신",해운대구,좌동,IDENTITY_HIGH,COORD_HIGH,SCORE_AVAILABLE,1.00,53.0,69.7,76.9,57.6,64.3,63.1,62.7,64.1
26350-2128,"메가센텀한화꿈에그린",해운대구,반여동,IDENTITY_HIGH,COORD_HIGH,SCORE_AVAILABLE,1.00,40.5,62.9,73.9,76.8,63.5,61.9,64.4,62.3
26140-1239,"한우리빌리지5차",서구,서대신동2가,IDENTITY_LOW,COORD_HIGH,SCORE_AVAILABLE,1.00,89.2,68.3,56.0,80.8,73.6,75.2,75.4,74.0
26350-156,"보훈",해운대구,반여동,IDENTITY_HIGH,COORD_LOW,NOT_ENOUGH_DATA,0.25,,,,22.7,,,,
26350-2386,"센텀천일스카이원",해운대구,재송동,IDENTITY_HIGH,COORD_HIGH,SCORE_AVAILABLE,1.00,34.4,42.5,27.8,70.5,43.8,44.1,47.3,42.9
26350-2130,"해운대중동두산위브",해운대구,중동,IDENTITY_HIGH,COORD_HIGH,SCORE_AVAILABLE,1.00,63.7,75.4,79.2,64.5,70.7,69.9,69.4,70.7
26350-2272,"더샵센텀누리",해운대구,재송동,IDENTITY_HIGH,COORD_HIGH,SCORE_AVAILABLE,1.00,55.2,49.5,31.6,72.6,52.2,53.4,55.5,51.9
26350-49,"재송그린",해운대구,재송동,IDENTITY_HIGH,COORD_HIGH,SCORE_AVAILABLE,1.00,33.7,61.1,66.6,23.2,46.2,44.5,42.1,46.4
26350-103,"중동삼정그린코아",해운대구,중동,IDENTITY_HIGH,COORD_HIGH,SCORE_AVAILABLE,1.00,60.0,85.0,32.9,53.2,57.8,59.1,57.2,58.5
26350-197,"아시아선수촌아파트",해운대구,반여동,IDENTITY_HIGH,COORD_HIGH,SCORE_AVAILABLE,1.00,28.7,66.1,62.5,70.1,56.9,55.2,57.4,55.7
26350-2395,"롯데캐슬스타",해운대구,중동,IDENTITY_HIGH,COORD_HIGH,SCORE_AVAILABLE,1.00,56.3,77.1,76.6,84.2,73.5,72.5,74.3,72.7
26350-128,"삼환",해운대구,좌동,IDENTITY_HIGH,COORD_HIGH,SCORE_AVAILABLE,1.00,36.0,59.4,79.2,55.6,57.6,55.4,56.2,56.8
26350-209,"우신",해운대구,반여동,IDENTITY_HIGH,COORD_HIGH,SCORE_AVAILABLE,1.00,60.6,18.5,36.9,57.7,43.4,44.6,46.4,43.3
26350-2387,"해운대센텀미진이지비아아파트",해운대구,우동,IDENTITY_HIGH,COORD_HIGH,SCORE_AVAILABLE,1.00,76.8,59.2,42.0,69.9,62.0,63.7,63.9,62.3
26350-173,"LIG건영",해운대구,반송동,IDENTITY_HIGH,COORD_HIGH,SCORE_AVAILABLE,1.00,12.5,19.5,42.1,39.6,28.4,27.0,29.3,27.4
26350-2304,"해운대송정우림필유아파트",해운대구,송정동,IDENTITY_HIGH,COORD_HIGH,SCORE_AVAILABLE,1.00,22.1,13.8,11.8,69.4,29.3,29.8,34.9,27.9
26350-38,"시영80년",해운대구,재송동,IDENTITY_LOW,COORD_HIGH,SCORE_AVAILABLE,1.00,41.0,65.3,71.8,16.0,48.5,47.0,43.3,49.2
26350-56,"현대(1051-2)",해운대구,재송동,IDENTITY_LOW,COORD_HIGH,SCORE_AVAILABLE,1.00,50.9,64.5,74.9,23.2,53.4,52.2,48.7,54.1
26350-149,"광우파크맨션",해운대구,반여동,IDENTITY_LOW,COORD_HIGH,SCORE_AVAILABLE,1.00,16.9,47.3,48.9,20.0,33.3,31.7,30.5,33.2
26350-2095,"롯데캐슬마스터",해운대구,좌동,IDENTITY_HIGH,COORD_HIGH,SCORE_AVAILABLE,1.00,51.7,83.1,72.0,55.1,65.5,64.5,63.3,65.5
26350-163,"에덴동산타운",해운대구,반여동,IDENTITY_HIGH,COORD_HIGH,SCORE_AVAILABLE,1.00,13.3,50.8,54.7,44.2,40.8,38.7,39.9,39.8
26350-2099,"해운대메트로하이츠",해운대구,중동,IDENTITY_HIGH,COORD_HIGH,SCORE_AVAILABLE,1.00,65.3,76.7,58.8,58.4,64.8,65.1,63.9,65.2
26350-141,"코오롱",해운대구,좌동,IDENTITY_HIGH,COORD_HIGH,SCORE_AVAILABLE,1.00,62.0,58.4,68.8,42.9,58.1,57.7,56.0,58.5
26350-19,"신동비치",해운대구,우동,IDENTITY_LOW,COORD_LOW,NOT_ENOUGH_DATA,0.25,,,,28.0,,,,
26350-208,"삼한5차",해운대구,반송동,IDENTITY_HIGH,COORD_HIGH,SCORE_AVAILABLE,1.00,26.3,30.8,55.0,55.6,41.9,40.5,43.2,40.8
26350-33,"센텀한보미도",해운대구,재송동,IDENTITY_HIGH,COORD_HIGH,SCORE_AVAILABLE,1.00,24.8,49.3,70.4,41.8,46.6,44.3,44.8,45.9
26350-2371,"해운대센텀트루엘2단지",해운대구,반여동,IDENTITY_HIGH,COORD_HIGH,SCORE_AVAILABLE,1.00,40.4,49.4,60.7,70.5,55.3,54.2,56.8,54.2
26350-2259,"해운대한신휴플러스",해운대구,우동,IDENTITY_HIGH,COORD_HIGH,SCORE_AVAILABLE,1.00,62.0,64.2,26.7,71.1,56.0,57.8,58.6,56.1
26350-2437,"해운대센트럴푸르지오",해운대구,우동,IDENTITY_HIGH,COORD_HIGH,SCORE_AVAILABLE,1.00,76.3,75.6,55.2,85.9,73.2,74.3,75.3,73.2
26350-227,"덕성빌라",해운대구,우동,IDENTITY_HIGH,COORD_LOW,NOT_ENOUGH_DATA,0.25,,,,32.1,,,,
26230-358,"동일스위트",부산진구,당감동,IDENTITY_HIGH,COORD_HIGH,SCORE_AVAILABLE,1.00,25.0,25.4,48.3,69.4,42.0,40.9,45.3,40.5
26230-1734,"서면쌍용스윗닷홈파크",부산진구,부암동,IDENTITY_HIGH,COORD_HIGH,SCORE_AVAILABLE,1.00,56.4,72.9,44.9,63.7,59.5,60.0,59.9,59.5
26230-1635,"당감뜨란채",부산진구,부암동,IDENTITY_HIGH,COORD_HIGH,SCORE_AVAILABLE,1.00,21.2,19.5,68.8,62.6,43.0,40.6,44.8,41.3
26230-2858,"초읍하늘채포레스원",부산진구,초읍동,IDENTITY_HIGH,COORD_HIGH,SCORE_AVAILABLE,1.00,25.8,54.3,66.3,88.5,58.7,56.7,61.5,56.7
26230-51,"초읍대우",부산진구,초읍동,IDENTITY_HIGH,COORD_HIGH,SCORE_AVAILABLE,1.00,23.4,26.4,63.0,56.6,42.3,40.4,43.5,41.0
26230-2814,"가야롯데캐슬골드아너",부산진구,가야동,IDENTITY_HIGH,COORD_HIGH,SCORE_AVAILABLE,1.00,79.7,52.4,50.1,88.0,67.6,69.0,71.2,67.3
26230-241,"반도보라빌",부산진구,가야동,IDENTITY_HIGH,COORD_HIGH,SCORE_AVAILABLE,1.00,53.6,46.9,44.9,70.3,53.9,54.3,56.4,53.4
26230-2602,"가야센트레빌",부산진구,가야동,IDENTITY_HIGH,COORD_HIGH,SCORE_AVAILABLE,1.00,59.6,60.3,32.7,72.6,56.3,57.6,58.9,56.2
26350-187,"풍전",해운대구,반송동,IDENTITY_HIGH,COORD_HIGH,SCORE_AVAILABLE,1.00,56.2,51.4,81.3,24.5,53.3,52.1,49.2,54.0
26350-291,"신우빌라",해운대구,송정동,IDENTITY_LOW,COORD_HIGH,SCORE_AVAILABLE,1.00,62.8,28.6,37.9,29.8,39.8,41.0,39.4,40.7
26350-2408,"쌍용더플래티넘해운대",해운대구,중동,IDENTITY_HIGH,COORD_HIGH,SCORE_AVAILABLE,1.00,57.8,79.8,83.2,71.4,73.1,71.8,72.1,72.6
26350-2179,"해운대경남아너스빌",해운대구,중동,IDENTITY_HIGH,COORD_HIGH,SCORE_AVAILABLE,1.00,86.8,66.4,60.8,69.8,70.9,72.2,71.5,71.5
26350-186,"이진",해운대구,반송동,IDENTITY_HIGH,COORD_HIGH,SCORE_AVAILABLE,1.00,55.9,53.5,47.1,48.0,51.1,51.6,50.9,51.4
26350-2094,"현대베네시티",해운대구,우동,IDENTITY_HIGH,COORD_HIGH,SCORE_AVAILABLE,1.00,60.0,58.4,37.8,67.0,55.8,56.9,57.7,55.8
26350-2227,"해운대자이2단지",해운대구,우동,IDENTITY_HIGH,COORD_HIGH,SCORE_AVAILABLE,1.00,47.4,49.9,54.7,57.7,52.4,52.1,53.0,52.1
26350-176,"광하주택2",해운대구,반송동,IDENTITY_HIGH,COORD_HIGH,SCORE_AVAILABLE,1.00,43.6,47.5,68.6,38.4,49.5,48.3,47.5,49.4
26350-101,"현우산호맨션",해운대구,중동,IDENTITY_HIGH,COORD_HIGH,SCORE_AVAILABLE,1.00,42.0,59.1,63.0,27.7,48.0,46.9,44.6,48.3
26350-2610,"해운대경동리인뷰2차",해운대구,우동,IDENTITY_HIGH,COORD_HIGH,SCORE_AVAILABLE,1.00,87.2,77.7,40.1,85.6,72.6,75.0,75.3,73.1
26350-278,"우성빌라(백세해운대빌라2차)",해운대구,중동,IDENTITY_UNRESOLVED,COORD_LOW,NOT_ENOUGH_DATA,0.25,,,,33.4,,,,
26350-2258,"달맞이아르미안",해운대구,중동,IDENTITY_UNRESOLVED,COORD_LOW,NOT_ENOUGH_DATA,0.25,,,,71.6,,,,
26350-9,"롯데",해운대구,우동,IDENTITY_HIGH,COORD_HIGH,SCORE_AVAILABLE,1.00,64.0,36.6,53.9,57.5,53.0,53.5,54.2,53.0
26350-2376,"해운대비스타동원",해운대구,우동,IDENTITY_HIGH,COORD_HIGH,SCORE_AVAILABLE,1.00,59.0,76.1,59.4,80.0,68.6,68.6,69.9,68.2
26350-2110,"반도보라빌",해운대구,우동,IDENTITY_HIGH,COORD_HIGH,SCORE_AVAILABLE,1.00,77.6,47.0,48.4,65.4,59.6,61.0,61.4,59.9
26350-2415,"센텀마티안",해운대구,우동,IDENTITY_HIGH,COORD_HIGH,SCORE_AVAILABLE,1.00,70.4,54.3,54.8,75.6,63.8,64.6,65.9,63.6
26470-1505,"일호센텀누리",연제구,연산동,IDENTITY_HIGH,COORD_HIGH,SCORE_AVAILABLE,1.00,40.1,81.9,75.5,58.0,63.9,62.1,61.8,63.4
26230-2657,"이진젠시티개금",부산진구,개금동,IDENTITY_HIGH,COORD_HIGH,SCORE_AVAILABLE,1.00,54.6,68.0,36.6,86.6,61.5,62.4,64.9,60.8
26230-1670,"양정메트로하이츠",부산진구,전포동,IDENTITY_HIGH,COORD_HIGH,SCORE_AVAILABLE,1.00,50.6,56.1,53.2,59.6,54.9,54.7,55.4,54.6
26230-138,"우성",부산진구,개금동,IDENTITY_MEDIUM,COORD_HIGH,SCORE_AVAILABLE,1.00,30.9,50.8,67.3,24.8,43.5,41.6,40.0,43.5
26230-2590,"서면6차봄여름가을겨울",부산진구,범천동,IDENTITY_HIGH,COORD_HIGH,SCORE_AVAILABLE,1.00,64.3,67.8,53.2,74.4,64.9,65.5,66.3,64.8
26230-140,"개금주공1",부산진구,개금동,IDENTITY_HIGH,COORD_HIGH,SCORE_AVAILABLE,1.00,42.3,47.9,83.7,45.0,54.7,52.7,52.6,54.3
26230-4573,"양정자이더샵SKVIEW아파트(3단지)",부산진구,양정동,IDENTITY_HIGH,COORD_HIGH,SCORE_AVAILABLE,1.00,68.8,72.3,44.9,82.2,67.0,68.2,69.4,66.9
26230-130,"삼환",부산진구,개금동,IDENTITY_HIGH,COORD_HIGH,SCORE_AVAILABLE,1.00,27.0,29.7,49.3,47.6,38.4,37.3,39.2,37.6
26230-1682,"전포동에메랄드홈",부산진구,전포동,IDENTITY_HIGH,COORD_HIGH,SCORE_AVAILABLE,1.00,89.6,80.2,67.4,59.8,74.3,75.4,72.9,75.3
26230-49,"우신그린피아",부산진구,초읍동,IDENTITY_HIGH,COORD_HIGH,SCORE_AVAILABLE,1.00,25.1,41.6,77.7,50.3,48.7,46.1,47.7,47.6
26230-2521,"혜도인파크에비뉴연지",부산진구,초읍동,IDENTITY_HIGH,COORD_HIGH,SCORE_AVAILABLE,1.00,26.4,50.9,73.2,65.7,54.0,51.7,54.4,52.6
26230-41,"대림파크빌",부산진구,초읍동,IDENTITY_HIGH,COORD_HIGH,SCORE_AVAILABLE,1.00,26.9,39.3,34.9,47.9,37.3,36.9,38.3,36.7
26230-2851,"e편한세상시민공원2단지",부산진구,전포동,IDENTITY_HIGH,COORD_HIGH,SCORE_AVAILABLE,1.00,48.9,49.5,57.4,69.1,56.2,55.8,57.8,55.5
26230-69,"동원",부산진구,부암동,IDENTITY_HIGH,COORD_HIGH,SCORE_AVAILABLE,1.00,21.1,56.3,57.9,37.7,43.2,41.4,41.3,42.7
26230-2597,"연지우성스마트시티뷰",부산진구,연지동,IDENTITY_HIGH,COORD_HIGH,SCORE_AVAILABLE,1.00,42.9,43.0,49.0,67.4,50.6,50.3,52.7,49.8
26230-160,"영진(5-56)",부산진구,가야동,IDENTITY_HIGH,COORD_HIGH,SCORE_AVAILABLE,1.00,74.3,61.4,64.2,25.3,56.3,56.8,52.6,57.8
26230-147,"협성맨션",부산진구,개금동,IDENTITY_HIGH,COORD_HIGH,SCORE_AVAILABLE,1.00,89.1,71.1,73.1,29.4,65.7,66.5,61.4,67.4
26230-1708,"월드드림빌",부산진구,초읍동,IDENTITY_HIGH,COORD_LOW,NOT_ENOUGH_DATA,0.25,,,,44.4,,,,
26230-188,"드림하이츠",부산진구,범천동,IDENTITY_MEDIUM,COORD_HIGH,SCORE_AVAILABLE,1.00,37.6,37.5,69.1,49.6,48.5,46.9,48.1,47.8
26470-32,"현대",연제구,거제동,IDENTITY_MEDIUM,COORD_HIGH,SCORE_AVAILABLE,1.00,58.3,67.8,41.3,20.0,46.8,47.7,43.4,48.3
26470-24,"연제그린타워",연제구,거제동,IDENTITY_HIGH,COORD_HIGH,SCORE_AVAILABLE,1.00,58.2,66.4,37.4,52.6,53.6,54.7,53.7,54.1
26470-1678,"연산롯데캐슬골드포레",연제구,연산동,IDENTITY_HIGH,COORD_HIGH,SCORE_AVAILABLE,1.00,53.6,63.4,64.4,84.0,66.4,65.8,68.4,65.4
26230-2360,"개금블루스카이",부산진구,개금동,IDENTITY_HIGH,COORD_HIGH,SCORE_AVAILABLE,1.00,60.8,68.0,41.0,52.6,55.6,56.6,55.4,56.1
26230-4543,"래미안어반파크2단지",부산진구,연지동,IDENTITY_HIGH,COORD_HIGH,SCORE_AVAILABLE,0.75,,59.8,61.5,69.9,63.7,63.9,65.0,63.4
26470-1421,"세경미가",연제구,거제동,IDENTITY_HIGH,COORD_HIGH,SCORE_AVAILABLE,1.00,74.4,67.4,35.7,52.2,57.4,59.3,57.5,58.4
26470-1046,"연제힐스테이트",연제구,연산동,IDENTITY_HIGH,COORD_HIGH,SCORE_AVAILABLE,1.00,66.5,71.0,40.6,64.4,60.6,61.9,61.5,61.0
26470-1031,"거제동2차월드메르디앙",연제구,거제동,IDENTITY_HIGH,COORD_HIGH,SCORE_AVAILABLE,1.00,90.3,53.8,36.2,57.6,59.5,62.2,60.7,60.6
26470-89,"연산센터빌",연제구,연산동,IDENTITY_HIGH,COORD_HIGH,SCORE_AVAILABLE,1.00,51.2,76.9,56.5,50.5,58.8,58.5,57.1,59.0
26470-34,"거제1차현대홈타운",연제구,거제동,IDENTITY_HIGH,COORD_HIGH,SCORE_AVAILABLE,1.00,64.7,68.4,74.4,66.8,68.6,68.1,68.1,68.5
26470-58,"동서그린",연제구,연산동,IDENTITY_HIGH,COORD_HIGH,SCORE_AVAILABLE,1.00,22.8,47.1,58.4,41.4,42.4,40.7,41.3,41.8
26470-36,"화신거림(212-1)",연제구,거제동,IDENTITY_HIGH,COORD_HIGH,SCORE_AVAILABLE,1.00,57.5,56.6,80.0,20.7,53.7,52.6,48.9,54.6
26470-28,"태경썬싸인",연제구,거제동,IDENTITY_HIGH,COORD_HIGH,SCORE_AVAILABLE,1.00,62.7,54.3,70.5,46.9,58.6,58.2,57.1,58.9
26470-1009,"한일유앤아이",연제구,연산동,IDENTITY_HIGH,COORD_HIGH,SCORE_AVAILABLE,1.00,40.9,55.6,72.6,61.0,57.5,55.9,57.2,56.7
26470-1085,"거제동롯데캐슬피렌체",연제구,거제동,IDENTITY_HIGH,COORD_HIGH,SCORE_AVAILABLE,1.00,84.7,68.0,67.4,71.5,72.9,73.8,73.3,73.3
26470-127,"거제청구하이츠",연제구,거제동,IDENTITY_HIGH,COORD_HIGH,SCORE_AVAILABLE,1.00,62.1,44.6,32.0,56.1,48.7,50.2,50.5,49.0
26470-1191,"로터스빌리지",연제구,연산동,IDENTITY_LOW,COORD_LOW,NOT_ENOUGH_DATA,0.25,,,,67.2,,,,
26470-109,"한양(4차)",연제구,연산동,IDENTITY_MEDIUM,COORD_HIGH,SCORE_AVAILABLE,1.00,31.1,62.3,58.6,23.2,43.8,42.4,40.1,44.1
26470-67,"무궁화",연제구,연산동,IDENTITY_HIGH,COORD_HIGH,SCORE_AVAILABLE,1.00,41.3,61.5,74.3,28.0,51.3,49.7,47.3,51.6
26470-125,"진흥하늘이",연제구,거제동,IDENTITY_HIGH,COORD_HIGH,SCORE_AVAILABLE,1.00,71.1,62.5,71.5,46.0,62.8,62.8,60.7,63.4
26470-126,"동서하이빌",연제구,연산동,IDENTITY_HIGH,COORD_HIGH,SCORE_AVAILABLE,1.00,55.6,75.3,62.3,49.8,60.7,60.4,58.8,61.0
26470-1566,"아시아드코오롱하늘채",연제구,거제동,IDENTITY_HIGH,COORD_HIGH,SCORE_AVAILABLE,1.00,68.6,76.7,79.0,79.7,76.0,75.5,76.2,75.7
26470-11,"대원",연제구,거제동,IDENTITY_HIGH,COORD_HIGH,SCORE_AVAILABLE,1.00,54.5,65.5,73.9,28.0,55.5,54.5,51.3,56.2
26470-151,"청우하이빌",연제구,연산동,IDENTITY_HIGH,COORD_HIGH,SCORE_AVAILABLE,1.00,48.8,80.5,71.5,42.2,60.7,59.6,57.4,61.0
26470-1458,"시청역이즈팰리스2차",연제구,연산동,IDENTITY_HIGH,COORD_HIGH,SCORE_AVAILABLE,1.00,74.3,77.8,63.8,56.6,68.1,68.6,66.7,68.8
26470-164,"전원시티빌",연제구,거제동,IDENTITY_UNRESOLVED,COORD_LOW,NOT_ENOUGH_DATA,0.25,,,,47.8,,,,
26470-1555,"어반스퀘어",연제구,연산동,IDENTITY_UNRESOLVED,COORD_LOW,NOT_ENOUGH_DATA,0.25,,,,83.2,,,,
26470-1267,"케이에이치마이우스",연제구,연산동,IDENTITY_UNRESOLVED,COORD_LOW,NOT_ENOUGH_DATA,0.25,,,,69.4,,,,
26470-138,"중앙하이츠",연제구,연산동,IDENTITY_UNRESOLVED,COORD_LOW,NOT_ENOUGH_DATA,0.25,,,,49.6,,,,
26470-124,"성원맨투로빌",연제구,거제동,IDENTITY_MEDIUM,COORD_HIGH,SCORE_AVAILABLE,1.00,73.8,67.8,68.8,49.6,65.0,65.3,63.1,65.7
26470-3047,"레이카운티(1단지)",연제구,거제동,IDENTITY_HIGH,COORD_HIGH,SCORE_AVAILABLE,1.00,78.9,60.3,66.6,89.8,73.9,74.5,76.5,73.5
26140-1164,"대신롯데캐슬",서구,서대신동3가,IDENTITY_HIGH,COORD_HIGH,SCORE_AVAILABLE,1.00,53.7,57.1,69.6,76.1,64.1,63.3,65.4,63.3
26140-1285,"브라운스톤하이포레",서구,동대신동3가,IDENTITY_HIGH,COORD_HIGH,SCORE_AVAILABLE,1.00,38.6,53.5,35.4,78.9,51.6,51.8,55.1,50.6
26230-1633,"한라비발디",부산진구,전포동,IDENTITY_HIGH,COORD_HIGH,SCORE_AVAILABLE,1.00,71.5,66.3,79.3,66.1,70.8,70.4,70.2,70.9
26230-157,"한일하나로",부산진구,범천동,IDENTITY_HIGH,COORD_HIGH,SCORE_AVAILABLE,1.00,52.4,58.3,46.4,35.3,48.1,48.4,46.4,48.7
26230-114,"새영진",부산진구,가야동,IDENTITY_MEDIUM,COORD_HIGH,SCORE_AVAILABLE,1.00,69.3,59.2,68.0,28.0,56.1,56.2,52.6,57.3
26350-2269,"해운대중동경동하나메르빌",해운대구,중동,IDENTITY_HIGH,COORD_HIGH,SCORE_AVAILABLE,1.00,67.9,84.8,32.5,61.8,61.8,63.5,62.1,62.5
26470-31,"한양",연제구,거제동,IDENTITY_HIGH,COORD_HIGH,SCORE_AVAILABLE,1.00,76.8,51.6,58.0,42.6,57.3,58.2,56.1,58.2
26470-1921,"거제미소지움더퍼스트",연제구,거제동,IDENTITY_HIGH,COORD_HIGH,SCORE_AVAILABLE,1.00,67.6,57.7,39.4,76.6,60.3,61.7,63.1,60.2
26110-70,"근영빌라3동",중구,대청동4가,IDENTITY_LOW,COORD_HIGH,SCORE_AVAILABLE,1.00,32.7,64.4,76.4,37.0,52.6,50.4,49.3,52.4
26170-632,"수정(1175-1)",동구,수정동,IDENTITY_UNRESOLVED,COORD_HIGH,SCORE_AVAILABLE,1.00,45.8,44.3,59.9,8.0,39.5,38.8,35.1,40.5
26170-56,"토마하우스",동구,초량동,IDENTITY_LOW,COORD_HIGH,SCORE_AVAILABLE,1.00,81.4,67.3,66.5,42.4,64.4,65.1,62.0,65.6
26170-25,"수정(1161-7)",동구,수정동,IDENTITY_LOW,COORD_HIGH,SCORE_AVAILABLE,1.00,43.1,55.2,40.0,8.0,36.6,36.7,32.6,37.8
26170-642,"수성아파트(441-0)",동구,수정동,IDENTITY_HIGH,COORD_HIGH,SCORE_AVAILABLE,1.00,39.9,31.9,73.6,21.7,41.8,40.1,38.7,41.9
26200-37,"시영(169-1)",영도구,봉래동5가,IDENTITY_HIGH,COORD_HIGH,SCORE_AVAILABLE,1.00,28.4,29.6,54.4,26.3,34.7,33.4,33.1,34.5
26200-15,"동산(1106)",영도구,영선동4가,IDENTITY_LOW,COORD_HIGH,SCORE_AVAILABLE,0.75,,3.2,20.5,26.4,16.7,16.4,18.6,16.1
26200-9,"청성아트(33-5)",영도구,영선동1가,IDENTITY_HIGH,COORD_HIGH,SCORE_AVAILABLE,0.75,,74.6,60.4,34.7,56.5,56.3,52.2,57.7
26530-1096,"대하덕포(2,3호동)",사상구,덕포동,IDENTITY_LOW,COORD_HIGH,SCORE_AVAILABLE,1.00,54.2,58.6,54.8,16.8,46.1,46.1,42.1,47.2
26530-47,"신흥동백맨션",사상구,엄궁동,IDENTITY_LOW,COORD_HIGH,SCORE_AVAILABLE,1.00,28.8,50.5,78.8,29.8,47.0,44.5,43.5,46.7
26530-128,"초원펠레스빌B동",사상구,덕포동,IDENTITY_UNRESOLVED,COORD_HIGH,SCORE_AVAILABLE,1.00,32.9,28.3,81.7,51.4,48.6,46.1,48.2,47.5
26710-570,"명례솔터시티",기장군,장안읍 명례리,IDENTITY_LOW,COORD_HIGH,SCORE_AVAILABLE,1.00,14.9,4.5,8.0,76.0,25.9,26.2,32.8,24.0
26710-42,"형진강변프라자",기장군,정관읍 매학리,IDENTITY_LOW,COORD_HIGH,SCORE_AVAILABLE,1.00,25.0,71.2,62.0,29.8,47.0,45.1,43.3,46.9
26710-17,"팰리스빌1",기장군,기장읍 대라리,IDENTITY_LOW,COORD_HIGH,SCORE_AVAILABLE,1.00,42.0,49.9,41.8,47.8,45.4,45.4,45.6,45.3
26710-462,"동환라온제나기장",기장군,기장읍 대라리,IDENTITY_LOW,COORD_HIGH,SCORE_AVAILABLE,1.00,24.7,42.1,54.6,67.2,47.1,45.7,49.0,45.8
26710-53,"월드파크빌B동",기장군,기장읍 동부리,IDENTITY_LOW,COORD_HIGH,SCORE_AVAILABLE,1.00,36.7,52.0,82.8,51.4,55.7,53.4,54.1,55.0
26320-7,"동부제강사원",북구,구포동,IDENTITY_LOW,COORD_HIGH,SCORE_AVAILABLE,1.00,24.5,22.2,39.4,31.6,29.4,28.7,29.5,29.1
26320-36,"금곡8단지주공",북구,금곡동,IDENTITY_HIGH,COORD_HIGH,SCORE_AVAILABLE,1.00,67.1,24.3,45.0,55.1,47.9,49.0,49.9,48.0
26320-139,"도형리치빌A동",북구,구포동,IDENTITY_LOW,COORD_HIGH,SCORE_AVAILABLE,1.00,61.1,48.5,50.8,49.6,52.5,53.0,52.5,52.8
26320-21,"우정맨션가동",북구,구포동,IDENTITY_LOW,COORD_HIGH,SCORE_AVAILABLE,1.00,54.9,56.2,48.6,18.4,44.5,44.8,41.1,45.7
26320-97,"삼양파크빌(326-7)",북구,덕천동,IDENTITY_UNRESOLVED,COORD_HIGH,SCORE_AVAILABLE,1.00,68.0,73.7,65.4,46.0,63.3,63.4,60.9,64.0
26320-37,"금곡9단지주공",북구,금곡동,IDENTITY_HIGH,COORD_HIGH,SCORE_AVAILABLE,1.00,67.1,24.3,45.0,55.1,47.9,49.0,49.9,48.0
26290-311,"엘지메트로시티5",남구,용호동,IDENTITY_HIGH,COORD_HIGH,SCORE_AVAILABLE,0.75,,65.8,57.7,74.6,66.1,66.7,67.8,65.8
26470-3050,"레이카운티(4단지)",연제구,거제동,IDENTITY_HIGH,COORD_HIGH,SCORE_AVAILABLE,1.00,79.4,60.3,66.6,89.8,74.0,74.7,76.7,73.6
26290-44,"엘지메트로시티3",남구,용호동,IDENTITY_HIGH,COORD_HIGH,SCORE_AVAILABLE,1.00,27.1,65.8,57.7,73.0,55.9,54.4,57.0,54.6
26290-2686,"대연SKVIEWHills(2단지)",남구,대연동,IDENTITY_LOW,COORD_HIGH,SCORE_AVAILABLE,1.00,69.2,81.4,64.7,83.2,74.6,74.9,75.6,74.4
26290-2425,"홍익빌레트Ⅱ",남구,문현동,IDENTITY_LOW,COORD_HIGH,SCORE_AVAILABLE,1.00,86.7,76.5,34.1,73.8,67.8,70.4,69.6,68.6
26290-173,"미림크라운맨션(1465-5)",남구,대연동,IDENTITY_LOW,COORD_HIGH,SCORE_AVAILABLE,1.00,54.0,64.3,70.2,16.8,51.3,50.5,46.3,52.4
26290-322,"영신맨션1동",남구,용호동,IDENTITY_LOW,COORD_HIGH,SCORE_AVAILABLE,0.75,,59.8,48.2,15.2,41.1,40.6,35.9,42.3
26290-111,"금양에이스",남구,대연동,IDENTITY_LOW,COORD_HIGH,SCORE_AVAILABLE,1.00,36.9,64.1,66.8,47.8,53.9,52.4,52.1,53.5
26290-161,"대호(967-2)",남구,대연동,IDENTITY_LOW,COORD_HIGH,SCORE_AVAILABLE,1.00,46.8,47.8,72.1,13.6,45.1,43.8,40.5,45.8
26290-200,"흑석(1737-5)",남구,대연동,IDENTITY_UNRESOLVED,COORD_HIGH,SCORE_AVAILABLE,1.00,80.7,78.9,49.6,46.0,63.8,65.4,62.0,65.1
26290-90,"엘지메트로시티2",남구,용호동,IDENTITY_HIGH,COORD_HIGH,SCORE_AVAILABLE,0.75,,65.8,57.7,73.0,65.5,66.1,67.0,65.3
26500-2241,"마르빌주상복합",수영구,남천동,IDENTITY_LOW,COORD_HIGH,SCORE_AVAILABLE,1.00,63.7,68.7,63.0,85.6,70.3,70.3,72.2,69.7
26500-1776,"수영엔스타Ⅱ",수영구,수영동,IDENTITY_LOW,COORD_HIGH,SCORE_AVAILABLE,1.00,87.2,72.3,54.6,69.4,70.9,72.5,71.5,71.6
26500-44,"동방(822-3)",수영구,망미동,IDENTITY_LOW,COORD_HIGH,SCORE_AVAILABLE,1.00,43.5,50.2,44.6,15.2,38.4,38.3,35.2,39.3
26500-241,"광남2차",수영구,남천동,IDENTITY_LOW,COORD_HIGH,SCORE_AVAILABLE,1.00,80.7,79.7,60.4,33.4,63.5,64.6,59.9,65.2
26500-103,"우성골든빌",수영구,망미동,IDENTITY_LOW,COORD_HIGH,SCORE_AVAILABLE,1.00,49.8,48.3,52.1,51.4,50.4,50.3,50.5,50.3
26500-82,"광안리치빌B",수영구,광안동,IDENTITY_LOW,COORD_HIGH,SCORE_AVAILABLE,1.00,51.4,40.5,76.3,49.6,54.4,53.2,53.6,54.1
26500-188,"협성센트로3차",수영구,광안동,IDENTITY_LOW,COORD_HIGH,SCORE_AVAILABLE,1.00,62.3,71.7,58.0,51.4,60.9,61.1,59.5,61.3
26500-107,"신한백조",수영구,망미동,IDENTITY_LOW,COORD_HIGH,SCORE_AVAILABLE,1.00,29.1,61.2,56.4,15.2,40.5,39.1,36.1,40.9
26500-1937,"민락동신화하니엘그린시티공동주택",수영구,민락동,IDENTITY_LOW,COORD_HIGH,SCORE_AVAILABLE,1.00,27.4,52.4,63.5,76.0,54.8,53.0,56.6,53.2
26500-239,"마리나프리텔",수영구,남천동,IDENTITY_UNRESOLVED,COORD_HIGH,SCORE_AVAILABLE,1.00,91.0,75.2,77.9,42.4,71.6,72.3,68.2,73.1
26500-263,"광명맨션(539-3)",수영구,광안동,IDENTITY_UNRESOLVED,COORD_HIGH,SCORE_AVAILABLE,1.00,46.4,40.5,74.5,11.7,43.3,41.9,38.7,44.0
26410-1919,"해성체르니아파트2차",금정구,남산동,IDENTITY_LOW,COORD_HIGH,SCORE_AVAILABLE,1.00,52.5,52.5,59.1,57.0,55.3,54.9,55.4,55.1
26410-125,"석산7",금정구,남산동,IDENTITY_LOW,COORD_HIGH,SCORE_AVAILABLE,1.00,46.2,53.1,53.6,28.0,45.2,44.8,42.7,45.7
26410-25,"반도",금정구,부곡동,IDENTITY_LOW,COORD_HIGH,SCORE_AVAILABLE,1.00,64.8,73.9,70.5,16.8,56.5,56.2,51.0,58.0
26410-89,"금룡빌라",금정구,청룡동,IDENTITY_LOW,COORD_HIGH,SCORE_AVAILABLE,1.00,40.9,27.5,37.5,33.4,34.8,35.0,34.9,34.9
26380-167,"칠산주택조합",사하구,하단동,IDENTITY_LOW,COORD_HIGH,SCORE_AVAILABLE,1.00,42.4,53.3,59.5,18.4,43.4,42.5,39.6,44.1
26410-1907,"대묵M-PARK(베스트로즈힐)",금정구,서동,IDENTITY_LOW,COORD_HIGH,SCORE_AVAILABLE,1.00,90.8,67.9,67.4,55.0,70.3,71.4,69.0,71.3
26410-285,"금샘빌라(747-12)",금정구,구서동,IDENTITY_LOW,COORD_HIGH,SCORE_AVAILABLE,1.00,53.2,61.0,77.9,46.0,59.5,58.3,57.2,59.6
26410-198,"아름베스트빌3",금정구,구서동,IDENTITY_UNRESOLVED,COORD_HIGH,SCORE_AVAILABLE,1.00,76.3,58.4,53.0,47.8,58.9,60.1,58.1,59.8
26410-326,"금양위스빌(101동)",금정구,부곡동,IDENTITY_UNRESOLVED,COORD_HIGH,SCORE_AVAILABLE,1.00,30.1,56.7,71.3,51.4,52.4,50.3,51.1,51.6
26410-396,"삼진빌라(481-8)",금정구,남산동,IDENTITY_UNRESOLVED,COORD_HIGH,SCORE_AVAILABLE,1.00,61.1,66.4,60.1,46.0,58.4,58.5,56.7,58.9
26410-170,"선경1",금정구,구서동,IDENTITY_HIGH,COORD_HIGH,SCORE_AVAILABLE,1.00,69.4,65.1,73.8,48.5,64.2,64.0,62.1,64.7
26260-129,"삼익",동래구,사직동,IDENTITY_LOW,COORD_HIGH,SCORE_AVAILABLE,1.00,41.0,71.1,61.6,14.4,47.0,46.0,41.8,47.9
26260-21,"장미3",동래구,수안동,IDENTITY_LOW,COORD_HIGH,SCORE_AVAILABLE,1.00,64.5,47.0,52.4,17.6,45.4,46.0,42.2,46.7
26260-139,"진성",동래구,사직동,IDENTITY_LOW,COORD_HIGH,SCORE_AVAILABLE,1.00,70.0,74.6,66.2,14.4,56.3,56.5,50.7,58.1
26380-333,"베네스빌리지(889-6)",사하구,하단동,IDENTITY_LOW,COORD_HIGH,SCORE_AVAILABLE,1.00,35.5,53.7,46.0,46.0,45.3,44.8,44.9,45.0
26380-1,"괴정동568-10공동주택(최중호)",사하구,괴정동,IDENTITY_LOW,COORD_HIGH,SCORE_AVAILABLE,1.00,77.4,52.2,69.2,11.7,52.6,53.0,47.7,54.4
26380-1964,"JPark",사하구,괴정동,IDENTITY_LOW,COORD_HIGH,SCORE_AVAILABLE,1.00,55.0,60.7,48.4,78.4,60.6,61.0,63.0,60.1
26380-1931,"유원블루파크비동",사하구,하단동,IDENTITY_UNRESOLVED,COORD_HIGH,SCORE_AVAILABLE,1.00,55.1,65.7,66.7,76.0,65.9,65.3,66.9,65.3
26350-107,"건영2",해운대구,좌동,IDENTITY_HIGH,COORD_HIGH,SCORE_AVAILABLE,1.00,46.1,79.4,80.2,41.7,61.9,60.2,58.1,62.0
26470-1176,"리치W",연제구,연산동,IDENTITY_HIGH,COORD_HIGH,SCORE_AVAILABLE,1.00,24.4,66.5,68.4,49.7,52.3,50.1,50.5,51.5
26230-72,"문화",부산진구,부암동,IDENTITY_HIGH,COORD_LOW,NOT_ENOUGH_DATA,0.25,,,,20.0,,,,
26230-1600,"서면대우디오빌2",부산진구,전포동,IDENTITY_HIGH,COORD_HIGH,SCORE_AVAILABLE,1.00,64.8,75.0,60.1,68.1,67.0,67.2,67.0,67.0
26230-1602,"동우주택",부산진구,범천동,IDENTITY_HIGH,COORD_HIGH,SCORE_AVAILABLE,1.00,47.0,39.9,67.7,38.8,48.4,47.3,46.9,48.3
26230-169,"남경",부산진구,연지동,IDENTITY_HIGH,COORD_HIGH,SCORE_AVAILABLE,1.00,41.9,40.1,39.0,36.4,39.4,39.5,39.1,39.5
26230-1729,"양정센텀",부산진구,양정동,IDENTITY_HIGH,COORD_HIGH,SCORE_AVAILABLE,1.00,51.5,71.6,39.4,59.6,55.5,56.1,55.9,55.6
26230-187,"범천동프렌빌",부산진구,범천동,IDENTITY_HIGH,COORD_HIGH,SCORE_AVAILABLE,1.00,80.2,66.5,60.5,50.1,64.3,65.3,63.0,65.3
26230-2074,"홍익빌레트",부산진구,전포동,IDENTITY_HIGH,COORD_HIGH,SCORE_AVAILABLE,1.00,55.8,73.0,61.2,46.8,59.2,58.9,57.2,59.6
26230-2312,"TK골드뷰",부산진구,범천동,IDENTITY_HIGH,COORD_HIGH,SCORE_AVAILABLE,1.00,58.8,72.8,67.5,49.8,62.2,61.8,60.2,62.5
26230-2345,"모닝하우스",부산진구,범천동,IDENTITY_HIGH,COORD_HIGH,SCORE_AVAILABLE,1.00,67.4,68.2,56.0,48.1,59.9,60.5,58.5,60.6
26230-2414,"굿모닝뷰",부산진구,양정동,IDENTITY_HIGH,COORD_HIGH,SCORE_AVAILABLE,1.00,78.4,69.3,65.0,54.4,66.8,67.4,65.5,67.5
26230-244,"서면쌍용플래티넘",부산진구,전포동,IDENTITY_HIGH,COORD_HIGH,SCORE_AVAILABLE,1.00,71.2,79.3,35.9,62.2,62.1,63.9,62.6,62.8
26230-2443,"대동레미안더오션2",부산진구,부전동,IDENTITY_HIGH,COORD_HIGH,SCORE_AVAILABLE,1.00,59.5,84.3,52.5,56.3,63.1,63.5,61.9,63.6
26230-2490,"개금역대상웰리움",부산진구,개금동,IDENTITY_HIGH,COORD_HIGH,SCORE_AVAILABLE,1.00,56.3,68.1,48.5,62.8,58.9,59.3,59.4,58.9
26230-2491,"샛별스위트",부산진구,양정동,IDENTITY_HIGH,COORD_HIGH,SCORE_AVAILABLE,1.00,54.3,70.8,43.6,53.3,55.5,56.0,55.1,55.8
26230-2496,"야긴다하임",부산진구,부암동,IDENTITY_HIGH,COORD_HIGH,SCORE_AVAILABLE,1.00,52.6,75.9,60.0,55.3,60.9,60.6,59.7,61.0
26230-2556,"유창아이리치",부산진구,개금동,IDENTITY_HIGH,COORD_HIGH,SCORE_AVAILABLE,1.00,66.6,67.2,65.7,62.5,65.5,65.5,65.1,65.6
26230-2557,"대동레미안센트럴시티",부산진구,부전동,IDENTITY_HIGH,COORD_HIGH,SCORE_AVAILABLE,1.00,66.1,83.6,39.3,67.9,64.2,65.6,64.9,64.6
26230-2619,"궁전아이브더파크",부산진구,범천동,IDENTITY_HIGH,COORD_HIGH,SCORE_AVAILABLE,1.00,41.3,38.8,67.6,62.1,52.4,51.1,53.3,51.5
26230-2620,"허브팰리스서면",부산진구,부전동,IDENTITY_HIGH,COORD_HIGH,SCORE_AVAILABLE,1.00,80.8,72.9,50.6,69.4,68.4,69.9,69.2,69.0
26230-362,"남평파크빌",부산진구,개금동,IDENTITY_HIGH,COORD_HIGH,SCORE_AVAILABLE,1.00,56.2,64.5,69.0,37.9,56.9,56.3,54.0,57.4
26230-382,"대정그린빌",부산진구,개금동,IDENTITY_HIGH,COORD_HIGH,SCORE_AVAILABLE,1.00,74.1,67.6,57.2,33.8,58.2,59.0,55.3,59.5
26230-7,"서면",부산진구,범전동,IDENTITY_HIGH,COORD_HIGH,SCORE_AVAILABLE,1.00,81.7,66.4,82.7,17.2,62.0,62.0,56.3,63.8
26230-364,"동광하이빌(103)",부산진구,전포동,IDENTITY_HIGH,COORD_LOW,NOT_ENOUGH_DATA,0.25,,,,31.3,,,,
26350-154,"반여현대",해운대구,반여동,IDENTITY_HIGH,COORD_LOW,NOT_ENOUGH_DATA,0.25,,,,44.5,,,,
26350-170,"현대4",해운대구,반여동,IDENTITY_HIGH,COORD_LOW,NOT_ENOUGH_DATA,0.25,,,,25.1,,,,
26110-64,"도경오벨리스",중구,영주동,IDENTITY_HIGH,COORD_HIGH,SCORE_AVAILABLE,1.00,59.8,64.3,83.4,49.5,64.2,63.1,61.8,64.4
26110-784,"로얄플러스빌라",중구,영주동,IDENTITY_HIGH,COORD_HIGH,SCORE_AVAILABLE,1.00,41.7,29.7,27.1,38.6,34.3,35.0,35.3,34.4
26110-915,"보수허브센티움",중구,보수동3가,IDENTITY_HIGH,COORD_HIGH,SCORE_AVAILABLE,1.00,56.8,71.3,67.9,58.2,63.6,63.0,62.4,63.6
26110-929,"보수동해마루아파트2차",중구,보수동2가,IDENTITY_HIGH,COORD_HIGH,SCORE_AVAILABLE,1.00,41.9,63.7,75.6,53.0,58.5,56.9,56.9,58.1
26110-941,"로얄스카이캐슬",중구,부평동4가,IDENTITY_HIGH,COORD_HIGH,SCORE_AVAILABLE,1.00,68.9,73.7,65.3,59.1,66.8,66.9,65.7,67.1
26230-142,"진일",부산진구,개금동,IDENTITY_HIGH,COORD_HIGH,SCORE_AVAILABLE,1.00,34.6,40.4,77.8,20.8,43.4,41.2,39.6,43.4
26230-1730,"엘리시아",부산진구,양정동,IDENTITY_HIGH,COORD_HIGH,SCORE_AVAILABLE,1.00,65.7,75.1,67.6,43.5,63.0,62.9,60.2,63.7
26230-2341,"개금코아팰리스",부산진구,개금동,IDENTITY_HIGH,COORD_HIGH,SCORE_AVAILABLE,1.00,59.2,67.6,41.5,53.5,55.5,56.4,55.4,55.9
26230-2342,"GK하늘숲",부산진구,개금동,IDENTITY_HIGH,COORD_HIGH,SCORE_AVAILABLE,1.00,67.8,67.0,51.7,48.8,58.8,59.6,57.8,59.5
26230-24,"경원프라우드빌-I",부산진구,전포동,IDENTITY_HIGH,COORD_HIGH,SCORE_AVAILABLE,1.00,75.1,66.7,66.6,36.4,61.2,61.6,58.2,62.4
26230-2552,"양정퀸즈더블유에디션",부산진구,양정동,IDENTITY_HIGH,COORD_HIGH,SCORE_AVAILABLE,1.00,62.1,74.6,57.6,60.3,63.6,63.9,63.1,63.9
26230-367,"광후빌리지",부산진구,전포동,IDENTITY_HIGH,COORD_HIGH,SCORE_AVAILABLE,1.00,64.7,67.2,70.9,36.4,59.8,59.5,56.5,60.6
26230-47,"신화하이빌",부산진구,초읍동,IDENTITY_HIGH,COORD_HIGH,SCORE_AVAILABLE,1.00,27.2,47.1,68.0,37.2,44.9,42.8,42.8,44.4
26230-59,"부원맨션",부산진구,양정동,IDENTITY_HIGH,COORD_HIGH,SCORE_AVAILABLE,1.00,81.9,74.9,77.6,28.2,65.7,65.9,60.9,67.2
26230-6,"범전시영1동",부산진구,범전동,IDENTITY_HIGH,COORD_HIGH,SCORE_AVAILABLE,1.00,69.7,65.1,45.5,30.5,52.7,53.9,50.2,54.1
26230-68,"금호천지",부산진구,부암동,IDENTITY_HIGH,COORD_HIGH,SCORE_AVAILABLE,1.00,24.1,65.4,44.5,24.6,39.7,38.7,36.6,39.9
26350-111,"대림",해운대구,좌동,IDENTITY_HIGH,COORD_HIGH,SCORE_AVAILABLE,1.00,54.5,59.9,67.7,41.0,55.8,55.1,53.5,56.1
26350-120,"두산2",해운대구,좌동,IDENTITY_HIGH,COORD_HIGH,SCORE_AVAILABLE,1.00,78.4,84.1,73.6,33.1,67.3,67.5,62.7,68.8
26350-139,"화목",해운대구,좌동,IDENTITY_HIGH,COORD_HIGH,SCORE_AVAILABLE,1.00,72.8,84.6,59.9,37.3,63.7,64.3,60.2,65.0
26350-165,"왕자",해운대구,반여동,IDENTITY_HIGH,COORD_HIGH,SCORE_AVAILABLE,1.00,70.1,57.8,45.0,19.5,48.1,49.4,44.9,49.8
26350-18,"선프라자",해운대구,우동,IDENTITY_HIGH,COORD_HIGH,SCORE_AVAILABLE,1.00,53.8,65.0,60.1,54.5,58.3,58.0,57.5,58.4
26350-2373,"조희바다풍경",해운대구,송정동,IDENTITY_HIGH,COORD_HIGH,SCORE_AVAILABLE,1.00,55.8,26.0,19.8,56.3,39.5,41.3,42.8,39.5
26350-355,"화송빌라",해운대구,재송동,IDENTITY_HIGH,COORD_HIGH,SCORE_AVAILABLE,1.00,46.0,65.9,61.2,25.8,49.7,49.0,46.0,50.4
26110-8,"동림",중구,대청동4가,IDENTITY_HIGH,COORD_HIGH,SCORE_AVAILABLE,1.00,50.3,62.6,78.6,18.9,52.6,51.2,47.4,53.4
26110-820,"대성아르빌",중구,보수동2가,IDENTITY_HIGH,COORD_HIGH,SCORE_AVAILABLE,1.00,46.8,71.2,66.4,46.0,57.6,56.6,55.3,57.7
26110-871,"보수동봄여름가을겨울",중구,보수동2가,IDENTITY_HIGH,COORD_HIGH,SCORE_AVAILABLE,1.00,52.1,68.8,74.9,49.1,61.2,60.1,59.0,61.3
26110-921,"선경뉴빌APT",중구,대창동1가,IDENTITY_HIGH,COORD_HIGH,SCORE_AVAILABLE,1.00,64.2,60.8,52.2,54.4,57.9,58.5,57.7,58.3
26110-938,"서원블루오션F동",중구,보수동3가,IDENTITY_HIGH,COORD_HIGH,SCORE_AVAILABLE,1.00,68.6,71.6,63.9,63.1,66.8,67.0,66.3,67.0
26110-954,"한웅드리머스",중구,보수동3가,IDENTITY_HIGH,COORD_HIGH,SCORE_AVAILABLE,1.00,53.9,70.2,71.4,62.5,64.5,63.6,63.7,64.2
26170-14,"동성아트빌",동구,초량동,IDENTITY_HIGH,COORD_HIGH,SCORE_AVAILABLE,1.00,67.8,70.8,68.3,35.0,60.5,60.5,57.0,61.5
26170-32,"문화",동구,좌천동,IDENTITY_HIGH,COORD_LOW,NOT_ENOUGH_DATA,0.25,,,,16.2,,,,
26170-51,"초량하이츠빌리지",동구,초량동,IDENTITY_HIGH,COORD_HIGH,SCORE_AVAILABLE,1.00,73.9,65.7,51.1,35.5,56.6,57.7,54.3,57.9
26170-57,"선빌리지",동구,초량동,IDENTITY_HIGH,COORD_HIGH,SCORE_AVAILABLE,1.00,39.2,23.7,69.7,35.6,42.1,40.5,40.9,41.7
26170-612,"반도보라스카이뷰",동구,초량동,IDENTITY_HIGH,COORD_HIGH,SCORE_AVAILABLE,1.00,53.4,53.7,21.4,58.8,46.8,48.4,48.9,47.0
26170-679,"센트럴베이동원로얄듀크비스타",동구,초량동,IDENTITY_HIGH,COORD_HIGH,SCORE_AVAILABLE,1.00,74.2,60.2,22.0,64.7,55.3,57.9,57.6,55.9
26170-719,"선경뉴빌",동구,좌천동,IDENTITY_HIGH,COORD_HIGH,SCORE_AVAILABLE,1.00,83.9,57.6,49.1,53.8,61.1,62.8,61.1,62.1
26170-74,"태안하버빌",동구,수정동,IDENTITY_HIGH,COORD_HIGH,SCORE_AVAILABLE,1.00,49.0,62.2,47.4,36.9,48.9,49.0,47.1,49.4
26170-748,"부산역유림로미오",동구,초량동,IDENTITY_HIGH,COORD_HIGH,SCORE_AVAILABLE,1.00,79.4,60.7,25.4,68.8,58.6,61.3,61.2,59.3
26170-749,"부산역유림줄리엣",동구,초량동,IDENTITY_HIGH,COORD_HIGH,SCORE_AVAILABLE,1.00,79.6,64.7,24.8,68.8,59.5,62.2,61.9,60.2
26170-771,"동이라메르",동구,초량동,IDENTITY_HIGH,COORD_HIGH,SCORE_AVAILABLE,1.00,65.0,64.3,62.9,51.9,61.1,61.2,59.9,61.5
26170-810,"하버씨티",동구,초량동,IDENTITY_HIGH,COORD_HIGH,SCORE_AVAILABLE,1.00,59.2,65.1,77.5,54.4,64.0,63.1,62.3,64.1
26170-818,"성무아이반스타",동구,범일동,IDENTITY_HIGH,COORD_HIGH,SCORE_AVAILABLE,1.00,66.1,64.4,65.4,59.8,63.9,63.9,63.4,64.1
26170-823,"베스안오션뷰",동구,수정동,IDENTITY_HIGH,COORD_HIGH,SCORE_AVAILABLE,1.00,74.8,67.5,42.9,56.0,60.3,61.9,60.4,61.1
26170-830,"모티더베스트빌",동구,수정동,IDENTITY_HIGH,COORD_HIGH,SCORE_AVAILABLE,1.00,75.1,65.0,67.2,66.1,68.4,68.8,68.4,68.6
26170-833,"어반오션시티",동구,범일동,IDENTITY_HIGH,COORD_HIGH,SCORE_AVAILABLE,1.00,55.2,64.4,57.1,63.0,59.9,59.8,60.1,59.7
26170-835,"서면베스티움더시티",동구,범일동,IDENTITY_HIGH,COORD_HIGH,SCORE_AVAILABLE,1.00,69.7,66.9,34.8,68.6,60.0,61.7,61.8,60.3
26200-603,"시영(1동)",영도구,봉래동5가,IDENTITY_HIGH,COORD_HIGH,SCORE_AVAILABLE,1.00,30.1,35.7,50.4,18.3,33.6,32.6,31.2,33.8
26200-689,"제이스힐타워",영도구,남항동1가,IDENTITY_HIGH,COORD_HIGH,SCORE_AVAILABLE,1.00,42.4,67.2,57.1,53.6,55.1,54.3,54.2,54.8
26530-108,"남영",사상구,덕포동,IDENTITY_HIGH,COORD_HIGH,SCORE_AVAILABLE,1.00,58.4,45.8,46.7,39.1,47.5,48.1,46.8,48.1
26200-33,"골든빌리지",영도구,봉래동3가,IDENTITY_HIGH,COORD_HIGH,SCORE_AVAILABLE,1.00,24.6,59.5,76.3,33.8,48.6,46.0,45.2,48.1
26200-4,"남일",영도구,남항동3가,IDENTITY_HIGH,COORD_HIGH,SCORE_AVAILABLE,1.00,27.4,44.3,61.4,19.7,38.2,36.5,34.9,38.3
26200-56,"동광세화맨션",영도구,동삼동,IDENTITY_HIGH,COORD_HIGH,SCORE_AVAILABLE,1.00,29.3,48.9,58.3,24.5,40.2,38.8,37.3,40.3
26200-609,"대성타워",영도구,동삼동,IDENTITY_HIGH,COORD_HIGH,SCORE_AVAILABLE,1.00,25.2,51.3,58.2,42.9,44.4,42.8,43.2,43.8
26200-64,"삼창파크맨션2동",영도구,동삼동,IDENTITY_HIGH,COORD_HIGH,SCORE_AVAILABLE,1.00,29.5,47.0,63.4,24.2,41.0,39.3,37.9,41.0
26200-660,"페로스타워",영도구,동삼동,IDENTITY_HIGH,COORD_HIGH,SCORE_AVAILABLE,1.00,22.7,23.5,40.6,45.8,33.2,32.3,34.5,32.3
26200-695,"비온뒤",영도구,청학동,IDENTITY_HIGH,COORD_HIGH,SCORE_AVAILABLE,1.00,26.3,32.2,49.0,49.2,39.2,38.0,40.0,38.3
26200-719,"퀸페로스",영도구,남항동1가,IDENTITY_HIGH,COORD_HIGH,SCORE_AVAILABLE,1.00,28.0,75.0,65.3,56.4,56.2,54.3,54.8,55.4
26200-729,"클래식시티",영도구,청학동,IDENTITY_HIGH,COORD_HIGH,SCORE_AVAILABLE,1.00,24.6,35.2,50.9,53.4,41.0,39.7,42.1,40.0
26200-74,"전원파크맨션",영도구,동삼동,IDENTITY_HIGH,COORD_HIGH,SCORE_AVAILABLE,1.00,24.8,23.1,42.2,27.8,29.5,28.6,29.0,29.2
26200-740,"유원블루파크",영도구,봉래동1가,IDENTITY_HIGH,COORD_HIGH,SCORE_AVAILABLE,1.00,44.5,71.0,43.5,63.1,55.5,55.6,56.1,55.3
26200-743,"골든에이지",영도구,남항동2가,IDENTITY_HIGH,COORD_HIGH,SCORE_AVAILABLE,1.00,29.8,69.4,71.8,53.0,56.0,53.9,54.2,55.3
26200-744,"골드클래스",영도구,동삼동,IDENTITY_HIGH,COORD_HIGH,SCORE_AVAILABLE,1.00,22.9,43.7,53.8,54.2,43.6,42.1,44.2,42.6
26200-754,"비룡벨로스텔라",영도구,동삼동,IDENTITY_HIGH,COORD_HIGH,SCORE_AVAILABLE,1.00,28.7,31.7,56.7,58.2,43.8,42.4,45.2,42.7
26200-758,"로웰타워",영도구,대교동1가,IDENTITY_HIGH,COORD_HIGH,SCORE_AVAILABLE,1.00,54.2,64.3,28.9,61.3,52.2,53.4,53.6,52.3
26200-763,"영도봄여름가을겨울",영도구,대교동1가,IDENTITY_HIGH,COORD_HIGH,SCORE_AVAILABLE,1.00,48.8,64.3,38.2,67.4,54.7,55.2,56.3,54.4
26200-88,"선경하우스",영도구,영선동3가,IDENTITY_HIGH,COORD_HIGH,SCORE_AVAILABLE,1.00,28.6,52.2,69.1,35.0,46.2,44.2,43.6,45.9
26530-1093,"엘크루센트로아파트",사상구,감전동,IDENTITY_HIGH,COORD_HIGH,SCORE_AVAILABLE,1.00,78.4,43.8,78.7,66.5,66.9,66.8,67.4,66.9
26530-21,"유원",사상구,덕포동,IDENTITY_HIGH,COORD_HIGH,SCORE_AVAILABLE,1.00,78.9,52.9,75.7,24.3,57.9,58.1,54.0,59.4
26530-33,"우신모라",사상구,모라동,IDENTITY_HIGH,COORD_HIGH,SCORE_AVAILABLE,1.00,45.0,52.6,80.8,35.7,53.6,51.8,50.5,53.6
26530-48,"엄궁",사상구,엄궁동,IDENTITY_HIGH,COORD_HIGH,SCORE_AVAILABLE,1.00,8.0,21.6,28.6,18.0,19.0,18.0,18.3,18.7
26530-72,"주례",사상구,주례동,IDENTITY_HIGH,COORD_HIGH,SCORE_AVAILABLE,1.00,75.7,61.5,67.1,18.3,55.7,56.1,51.1,57.3
26530-801,"창우블루빌",사상구,주례동,IDENTITY_HIGH,COORD_HIGH,SCORE_AVAILABLE,1.00,70.4,68.3,61.2,49.5,62.3,62.8,60.8,63.0
26530-81,"현대무지개타운",사상구,주례동,IDENTITY_HIGH,COORD_HIGH,SCORE_AVAILABLE,1.00,53.0,46.8,73.7,35.7,52.3,51.3,49.8,52.5
26530-1037,"굿모닝뷰",사상구,괘법동,IDENTITY_HIGH,COORD_HIGH,SCORE_AVAILABLE,1.00,52.2,73.8,74.1,59.8,65.0,63.9,63.6,64.7
26530-105,"리치플러스",사상구,괘법동,IDENTITY_HIGH,COORD_HIGH,SCORE_AVAILABLE,1.00,82.1,65.9,41.6,44.6,58.6,60.6,57.7,59.9
26530-1057,"네오리더스사상",사상구,괘법동,IDENTITY_HIGH,COORD_HIGH,SCORE_AVAILABLE,1.00,84.0,72.5,31.0,66.8,63.5,66.2,65.1,64.5
26530-1073,"사상역경보센트리안",사상구,괘법동,IDENTITY_HIGH,COORD_HIGH,SCORE_AVAILABLE,1.00,63.4,77.4,58.0,67.7,66.6,66.9,66.6,66.7
26530-1077,"모라역베스티움더시티",사상구,모라동,IDENTITY_HIGH,COORD_HIGH,SCORE_AVAILABLE,1.00,62.5,41.1,67.1,73.2,61.0,60.7,62.9,60.4
26530-112,"고려아펠리아",사상구,주례동,IDENTITY_HIGH,COORD_HIGH,SCORE_AVAILABLE,1.00,82.1,64.9,82.4,41.3,67.7,67.6,64.4,68.7
26530-1121,"사상역봄여름가을겨울",사상구,괘법동,IDENTITY_HIGH,COORD_HIGH,SCORE_AVAILABLE,1.00,76.4,64.2,35.3,72.9,62.2,64.3,64.5,62.6
26530-127,"경동윈츠빌",사상구,주례동,IDENTITY_HIGH,COORD_HIGH,SCORE_AVAILABLE,1.00,79.1,62.6,60.0,59.4,65.3,66.2,65.1,65.9
26530-15,"덕포늘푸른",사상구,덕포동,IDENTITY_HIGH,COORD_HIGH,SCORE_AVAILABLE,1.00,61.7,43.6,73.1,43.8,55.5,55.0,54.1,55.8
26530-36,"창신그린힐",사상구,모라동,IDENTITY_HIGH,COORD_HIGH,SCORE_AVAILABLE,1.00,52.6,61.8,69.6,41.0,56.2,55.4,53.8,56.5
26530-39,"협성",사상구,모라동,IDENTITY_HIGH,COORD_HIGH,SCORE_AVAILABLE,1.00,59.0,54.7,30.5,30.1,43.6,45.0,42.3,44.7
26530-5,"일자맨션",사상구,괘법동,IDENTITY_HIGH,COORD_HIGH,SCORE_AVAILABLE,1.00,58.5,66.5,69.5,18.7,53.3,52.7,48.4,54.5
26530-54,"광우파크",사상구,주례동,IDENTITY_HIGH,COORD_HIGH,SCORE_AVAILABLE,1.00,57.3,58.4,83.7,21.7,55.3,54.0,50.4,56.1
26530-61,"주례벽산",사상구,주례동,IDENTITY_HIGH,COORD_HIGH,SCORE_AVAILABLE,1.00,48.5,33.2,50.4,39.9,43.0,42.9,42.8,43.1
26530-78,"태원",사상구,주례동,IDENTITY_HIGH,COORD_HIGH,SCORE_AVAILABLE,1.00,66.0,73.2,56.8,24.2,55.1,55.5,51.0,56.5
26530-85,"금강",사상구,학장동,IDENTITY_HIGH,COORD_HIGH,SCORE_AVAILABLE,1.00,17.0,47.4,53.9,42.0,40.1,38.2,39.2,39.3
26530-902,"휴그린",사상구,엄궁동,IDENTITY_HIGH,COORD_HIGH,SCORE_AVAILABLE,1.00,26.1,52.6,73.3,50.9,50.7,48.3,49.5,49.8
26530-909,"파밀리아",사상구,괘법동,IDENTITY_HIGH,COORD_HIGH,SCORE_AVAILABLE,1.00,80.0,64.4,32.1,52.5,57.3,59.6,57.7,58.4
26530-93,"삼정송림맨션",사상구,학장동,IDENTITY_HIGH,COORD_HIGH,SCORE_AVAILABLE,1.00,14.1,43.8,27.2,29.3,28.6,28.0,28.0,28.3
26530-930,"주례센텀",사상구,주례동,IDENTITY_HIGH,COORD_HIGH,SCORE_AVAILABLE,1.00,57.7,51.0,77.2,55.5,60.4,59.4,59.5,60.2
26530-96,"청파",사상구,학장동,IDENTITY_HIGH,COORD_HIGH,SCORE_AVAILABLE,1.00,26.2,47.4,31.3,27.7,33.1,32.9,32.0,33.2
26530-973,"파밀리아괘법4차",사상구,괘법동,IDENTITY_HIGH,COORD_HIGH,SCORE_AVAILABLE,1.00,55.2,74.0,66.5,58.5,63.5,63.0,62.3,63.5
26530-984,"진영프라임제이",사상구,주례동,IDENTITY_HIGH,COORD_HIGH,SCORE_AVAILABLE,1.00,75.7,51.6,47.0,52.0,56.6,58.0,56.9,57.4
26710-535,"동일스위트3차",기장군,정관읍 모전리,IDENTITY_HIGH,COORD_HIGH,SCORE_AVAILABLE,1.00,21.5,38.3,50.8,81.2,47.9,46.5,51.6,46.0
26710-66,"이진테마빌",기장군,기장읍 서부리,IDENTITY_HIGH,COORD_HIGH,SCORE_AVAILABLE,1.00,27.9,37.3,49.1,52.8,41.8,40.7,42.7,40.9
26710-15,"센트럴파크빌라6차",기장군,기장읍 대라리,IDENTITY_HIGH,COORD_HIGH,SCORE_AVAILABLE,1.00,22.0,32.7,76.0,35.5,41.6,38.9,39.7,40.7
26140-111,"전원비치맨션",서구,암남동,IDENTITY_HIGH,COORD_HIGH,SCORE_AVAILABLE,1.00,26.1,19.7,16.2,33.0,23.7,24.2,25.2,23.5
26140-112,"송도정림비치타운",서구,암남동,IDENTITY_HIGH,COORD_HIGH,SCORE_AVAILABLE,1.00,22.3,51.3,71.5,39.1,46.0,43.6,43.8,45.3
26140-1188,"에코펠리스",서구,충무동2가,IDENTITY_HIGH,COORD_HIGH,SCORE_AVAILABLE,1.00,66.8,70.6,45.7,60.6,60.9,62.0,61.1,61.3
26140-1215,"미소드림",서구,서대신동1가,IDENTITY_HIGH,COORD_HIGH,SCORE_AVAILABLE,1.00,77.2,70.6,71.9,52.5,68.0,68.3,66.2,68.8
26140-192,"유니온캐슬2차",서구,서대신동1가,IDENTITY_HIGH,COORD_HIGH,SCORE_AVAILABLE,1.00,81.1,71.1,65.7,39.4,64.3,65.1,61.4,65.6
26350-62,"센텀재송빌",해운대구,재송동,IDENTITY_HIGH,COORD_HIGH,SCORE_AVAILABLE,1.00,54.7,65.8,66.4,27.5,53.6,53.0,49.8,54.4
26710-23,"대진로얄",기장군,기장읍 동부리,IDENTITY_HIGH,COORD_HIGH,SCORE_AVAILABLE,1.00,58.9,59.0,69.3,36.1,55.8,55.3,53.0,56.4
26710-26,"동산백조",기장군,기장읍 동부리,IDENTITY_HIGH,COORD_HIGH,SCORE_AVAILABLE,1.00,52.2,49.8,37.4,25.2,41.1,41.9,39.3,42.1
26710-28,"부전베스트",기장군,기장읍 동부리,IDENTITY_HIGH,COORD_HIGH,SCORE_AVAILABLE,1.00,44.2,52.0,73.6,26.8,49.2,47.7,45.6,49.5
26710-382,"해맞이빌",기장군,일광읍 삼성리,IDENTITY_HIGH,COORD_HIGH,SCORE_AVAILABLE,1.00,69.1,47.1,11.3,42.6,42.5,45.4,43.9,43.7
26710-4,"욱일",기장군,기장읍 교리,IDENTITY_HIGH,COORD_HIGH,SCORE_AVAILABLE,1.00,41.4,54.0,61.1,35.3,48.0,47.0,45.7,48.1
26710-5,"전원그린맨션B동",기장군,기장읍 교리,IDENTITY_HIGH,COORD_HIGH,SCORE_AVAILABLE,1.00,39.6,49.9,64.0,37.7,47.8,46.5,45.8,47.7
26710-548,"씨앤스타빌",기장군,기장읍 청강리,IDENTITY_HIGH,COORD_HIGH,SCORE_AVAILABLE,1.00,36.7,43.0,25.1,64.1,42.2,42.8,45.2,41.6
26710-55,"대정베스트빌",기장군,기장읍 동부리,IDENTITY_HIGH,COORD_HIGH,SCORE_AVAILABLE,1.00,40.0,54.2,83.8,36.6,53.7,51.5,50.4,53.5
26710-592,"삼협아띠랑스",기장군,기장읍 대라리,IDENTITY_HIGH,COORD_HIGH,SCORE_AVAILABLE,1.00,73.9,64.6,35.1,56.6,57.6,59.5,58.2,58.4
26710-597,"에코하임기장",기장군,기장읍 대라리,IDENTITY_HIGH,COORD_HIGH,SCORE_AVAILABLE,1.00,70.9,65.9,28.5,56.6,55.5,57.6,56.4,56.3
26710-626,"에이원더시티",기장군,기장읍 대라리,IDENTITY_HIGH,COORD_HIGH,SCORE_AVAILABLE,1.00,71.6,65.6,29.4,59.4,56.5,58.6,57.7,57.2
26710-627,"동부산어반리움",기장군,기장읍 대라리,IDENTITY_HIGH,COORD_HIGH,SCORE_AVAILABLE,1.00,61.0,68.1,34.5,59.1,55.7,57.0,56.5,56.1
26710-643,"센트리움기장",기장군,기장읍 대라리,IDENTITY_HIGH,COORD_HIGH,SCORE_AVAILABLE,1.00,65.2,65.6,38.2,60.4,57.3,58.7,58.2,57.7
26710-8,"원재아트빌",기장군,기장읍 교리,IDENTITY_HIGH,COORD_HIGH,SCORE_AVAILABLE,1.00,36.1,47.3,61.5,34.7,44.9,43.6,42.9,44.8
26710-91,"대변그린비치빌",기장군,기장읍 대변리,IDENTITY_HIGH,COORD_HIGH,SCORE_AVAILABLE,1.00,17.0,4.0,82.2,40.2,35.9,32.6,35.6,34.4
26710-93,"세진오션리조트빌",기장군,일광읍 삼성리,IDENTITY_HIGH,COORD_HIGH,SCORE_AVAILABLE,1.00,36.9,29.3,10.9,36.3,28.4,29.7,30.0,28.6
26350-6,"대우마리나2",해운대구,우동,IDENTITY_HIGH,COORD_LOW,NOT_ENOUGH_DATA,0.25,,,,32.1,,,,
26350-2121,"두산위브포세이돈",해운대구,우동,IDENTITY_HIGH,COORD_LOW,NOT_ENOUGH_DATA,0.25,,,,59.7,,,,
26350-237,"프린스빌라",해운대구,우동,IDENTITY_HIGH,COORD_LOW,NOT_ENOUGH_DATA,0.25,,,,25.5,,,,
26350-2375,"마린시티자이",해운대구,우동,IDENTITY_HIGH,COORD_LOW,NOT_ENOUGH_DATA,0.25,,,,73.8,,,,
26140-106,"송도탑스빌",서구,암남동,IDENTITY_HIGH,COORD_HIGH,SCORE_AVAILABLE,1.00,27.5,51.7,57.0,46.1,45.6,44.1,44.7,44.9
26140-110,"일원타워맨션",서구,암남동,IDENTITY_HIGH,COORD_HIGH,SCORE_AVAILABLE,1.00,18.6,29.8,28.9,30.5,27.0,26.5,27.1,26.6
26140-1145,"오션스카이블루",서구,서대신동2가,IDENTITY_HIGH,COORD_HIGH,SCORE_AVAILABLE,1.00,69.6,72.8,66.8,49.7,64.7,64.9,62.7,65.4
26140-1204,"민송베른시티",서구,남부민동,IDENTITY_HIGH,COORD_HIGH,SCORE_AVAILABLE,1.00,49.8,59.6,67.9,55.5,58.2,57.3,57.4,57.9
26140-1220,"서원블루오션D동",서구,부민동1가,IDENTITY_HIGH,COORD_HIGH,SCORE_AVAILABLE,1.00,60.6,70.7,69.5,59.1,65.0,64.5,63.9,65.0
26140-1256,"한영리더스",서구,토성동5가,IDENTITY_HIGH,COORD_HIGH,SCORE_AVAILABLE,1.00,60.3,73.8,59.3,52.8,61.5,61.6,60.2,61.9
26140-1258,"대신에코팰리스",서구,서대신동1가,IDENTITY_HIGH,COORD_HIGH,SCORE_AVAILABLE,1.00,70.3,70.7,79.9,62.1,70.8,70.3,69.4,70.9
26140-1266,"미소지음6차",서구,동대신동1가,IDENTITY_HIGH,COORD_HIGH,SCORE_AVAILABLE,1.00,60.8,68.1,77.6,54.7,65.3,64.5,63.5,65.4
26140-1275,"효정풍경채",서구,서대신동3가,IDENTITY_HIGH,COORD_HIGH,SCORE_AVAILABLE,1.00,65.1,71.5,75.4,55.2,66.8,66.3,65.0,67.1
26140-154,"석포로얄캐슬3차",서구,서대신동2가,IDENTITY_HIGH,COORD_HIGH,SCORE_AVAILABLE,1.00,75.6,73.1,68.7,35.6,63.2,63.6,59.7,64.5
26140-172,"금호아트빌",서구,토성동1가,IDENTITY_HIGH,COORD_HIGH,SCORE_AVAILABLE,1.00,67.2,78.4,83.0,35.5,66.0,65.2,61.5,66.9
26140-56,"청산",서구,부용동1가,IDENTITY_HIGH,COORD_HIGH,SCORE_AVAILABLE,1.00,60.9,70.7,77.5,17.6,56.7,55.9,51.0,57.9
26140-64,"중보빌라",서구,토성동3가,IDENTITY_HIGH,COORD_HIGH,SCORE_AVAILABLE,1.00,44.9,63.5,77.4,36.8,55.7,54.0,52.3,55.8
26140-69,"아미전원빌라",서구,아미동2가,IDENTITY_HIGH,COORD_HIGH,SCORE_AVAILABLE,1.00,46.0,32.8,23.0,38.5,35.1,36.2,36.1,35.4
26140-81,"신흥동백빌라",서구,남부민동,IDENTITY_HIGH,COORD_HIGH,SCORE_AVAILABLE,1.00,44.3,57.3,58.5,23.2,45.8,45.1,42.3,46.4
26140-92,"금강송도타운",서구,암남동,IDENTITY_HIGH,COORD_HIGH,SCORE_AVAILABLE,1.00,22.7,38.0,52.7,28.7,35.5,34.0,33.9,35.2
26350-2242,"해운대양우내안애팰리스",해운대구,중동,IDENTITY_HIGH,COORD_HIGH,SCORE_AVAILABLE,1.00,40.7,56.6,62.9,60.5,55.2,54.1,55.2,54.5
26350-2327,"조희라메르",해운대구,송정동,IDENTITY_HIGH,COORD_HIGH,SCORE_AVAILABLE,1.00,49.3,26.0,24.1,52.0,37.9,39.1,40.6,37.8
26350-2381,"해운대경보이리스오션",해운대구,중동,IDENTITY_HIGH,COORD_HIGH,SCORE_AVAILABLE,1.00,64.6,80.4,70.6,72.5,72.0,71.7,71.7,71.9
26350-60,"삼화파크맨션",해운대구,재송동,IDENTITY_HIGH,COORD_HIGH,SCORE_AVAILABLE,1.00,74.6,49.8,48.0,25.5,49.5,50.8,47.1,50.9
26350-23,"해운파크맨션",해운대구,우동,IDENTITY_HIGH,COORD_LOW,NOT_ENOUGH_DATA,0.25,,,,26.4,,,,
26320-1784,"창신(B동)",북구,구포동,IDENTITY_HIGH,COORD_LOW,NOT_ENOUGH_DATA,0.25,,,,26.0,,,,
26290-23,"글로리리치빌",남구,대연동,IDENTITY_HIGH,COORD_HIGH,SCORE_AVAILABLE,1.00,65.6,74.0,62.3,35.2,59.3,59.4,56.0,60.3
26290-76,"무학프라자",남구,문현동,IDENTITY_HIGH,COORD_HIGH,SCORE_AVAILABLE,1.00,84.4,55.6,47.6,37.3,56.2,58.1,54.8,57.7
26320-11,"백조그린타운",북구,구포동,IDENTITY_HIGH,COORD_HIGH,SCORE_AVAILABLE,1.00,26.9,31.6,62.8,38.5,40.0,38.2,39.1,39.3
26320-114,"럭키2",북구,만덕동,IDENTITY_HIGH,COORD_HIGH,SCORE_AVAILABLE,1.00,51.5,52.1,63.2,55.4,55.6,55.0,55.3,55.3
26320-120,"벽산라인타운",북구,만덕동,IDENTITY_HIGH,COORD_HIGH,SCORE_AVAILABLE,1.00,67.0,44.6,77.5,63.9,63.3,62.8,63.6,63.0
26320-122,"북부",북구,만덕동,IDENTITY_HIGH,COORD_HIGH,SCORE_AVAILABLE,1.00,84.6,62.9,70.0,23.2,60.2,60.9,55.9,62.0
26320-1481,"화명동롯데캐슬멤버스",북구,화명동,IDENTITY_HIGH,COORD_HIGH,SCORE_AVAILABLE,1.00,46.1,55.9,56.1,61.7,54.9,54.4,55.5,54.5
26320-159,"미금기찰빌라",북구,덕천동,IDENTITY_HIGH,COORD_HIGH,SCORE_AVAILABLE,1.00,44.7,73.0,84.5,36.2,59.6,57.6,55.4,59.7
26320-1661,"묘성폴라리스",북구,구포동,IDENTITY_HIGH,COORD_HIGH,SCORE_AVAILABLE,1.00,63.3,66.4,57.6,49.9,59.3,59.6,58.1,59.8
26320-1701,"지평웰리브",북구,구포동,IDENTITY_HIGH,COORD_HIGH,SCORE_AVAILABLE,1.00,50.3,70.4,59.0,56.3,59.0,58.6,58.2,58.9
26320-19,"신진2차",북구,구포동,IDENTITY_HIGH,COORD_HIGH,SCORE_AVAILABLE,0.75,,31.9,63.1,32.1,42.4,40.9,40.3,42.3
26320-41,"대성하이츠빌",북구,금곡동,IDENTITY_HIGH,COORD_HIGH,SCORE_AVAILABLE,1.00,55.4,34.9,76.8,35.3,50.6,49.5,48.5,50.8
26320-56,"화명대우",북구,화명동,IDENTITY_HIGH,COORD_HIGH,SCORE_AVAILABLE,1.00,54.3,41.4,69.3,55.3,55.1,54.3,55.1,54.8
26320-66,"덕천대성",북구,덕천동,IDENTITY_HIGH,COORD_HIGH,SCORE_AVAILABLE,1.00,77.2,65.4,57.6,23.5,55.9,56.9,52.1,57.6
26320-72,"기비골마을",북구,덕천동,IDENTITY_HIGH,COORD_HIGH,SCORE_AVAILABLE,1.00,78.1,39.5,47.9,58.2,55.9,57.4,57.4,56.4
26320-80,"부원",북구,덕천동,IDENTITY_HIGH,COORD_HIGH,SCORE_AVAILABLE,1.00,83.6,44.6,61.1,19.5,52.2,53.3,48.9,54.0
26320-9,"명굉강변맨션",북구,구포동,IDENTITY_HIGH,COORD_HIGH,SCORE_AVAILABLE,1.00,58.4,37.7,53.3,25.1,43.6,43.9,41.6,44.5
26350-102,"협진태양",해운대구,중동,IDENTITY_HIGH,COORD_HIGH,SCORE_AVAILABLE,1.00,46.7,55.0,34.4,43.4,44.9,45.5,44.7,45.2
26350-2190,"쏠데까사",해운대구,송정동,IDENTITY_HIGH,COORD_HIGH,SCORE_AVAILABLE,1.00,54.3,27.0,27.4,51.4,40.0,41.4,42.4,40.1
26350-224,"대원",해운대구,재송동,IDENTITY_HIGH,COORD_HIGH,SCORE_AVAILABLE,1.00,18.6,34.6,41.3,33.4,32.0,30.9,31.5,31.5
26350-257,"삼안스튜디오1차",해운대구,중동,IDENTITY_HIGH,COORD_HIGH,SCORE_AVAILABLE,1.00,24.3,46.5,53.1,33.1,39.3,37.8,37.6,38.9
26350-41,"센텀안성타워",해운대구,재송동,IDENTITY_HIGH,COORD_HIGH,SCORE_AVAILABLE,1.00,34.0,60.0,78.3,33.4,51.5,49.2,47.9,51.3
26350-58,"혜성골든타운",해운대구,재송동,IDENTITY_HIGH,COORD_HIGH,SCORE_AVAILABLE,1.00,22.8,48.1,56.9,26.8,38.7,37.0,36.1,38.5
26350-68,"달맞이우성빌라트",해운대구,중동,IDENTITY_HIGH,COORD_HIGH,SCORE_AVAILABLE,1.00,26.3,46.3,55.3,30.1,39.5,38.0,37.4,39.3
26290-149,"광이드림타워",남구,대연동,IDENTITY_HIGH,COORD_LOW,NOT_ENOUGH_DATA,0.25,,,,35.0,,,,
26290-2339,"드림",남구,대연동,IDENTITY_HIGH,COORD_LOW,NOT_ENOUGH_DATA,0.25,,,,49.0,,,,
26290-1,"금강",남구,대연동,IDENTITY_HIGH,COORD_LOW,NOT_ENOUGH_DATA,0.25,,,,19.8,,,,
26290-1920,"은하",남구,대연동,IDENTITY_HIGH,COORD_LOW,NOT_ENOUGH_DATA,0.25,,,,38.2,,,,
26290-102,"대연동동일스위트",남구,대연동,IDENTITY_HIGH,COORD_HIGH,SCORE_AVAILABLE,1.00,76.5,80.2,41.0,60.8,64.6,66.4,64.7,65.5
26290-103,"희성수빌리지",남구,대연동,IDENTITY_HIGH,COORD_HIGH,SCORE_AVAILABLE,1.00,76.2,76.6,74.0,35.0,65.5,65.6,61.4,66.7
26290-104,"송원쉐르빌",남구,대연동,IDENTITY_HIGH,COORD_HIGH,SCORE_AVAILABLE,1.00,72.7,73.8,73.4,35.1,63.8,63.7,59.9,64.9
26290-129,"정원힐타워",남구,대연동,IDENTITY_HIGH,COORD_HIGH,SCORE_AVAILABLE,1.00,59.3,77.6,38.8,35.5,52.8,53.8,50.5,53.9
26290-131,"명진프라임빌",남구,대연동,IDENTITY_HIGH,COORD_HIGH,SCORE_AVAILABLE,1.00,56.7,76.9,35.3,36.0,51.2,52.3,49.2,52.2
26290-144,"글로리에버빌",남구,대연동,IDENTITY_HIGH,COORD_HIGH,SCORE_AVAILABLE,1.00,78.4,78.3,45.9,37.2,59.9,61.6,57.5,61.5
26290-214,"한백아트빌",남구,대연동,IDENTITY_HIGH,COORD_LOW,NOT_ENOUGH_DATA,0.25,,,,36.6,,,,
26290-182,"대동그린빌",남구,대연동,IDENTITY_HIGH,COORD_HIGH,SCORE_AVAILABLE,1.00,59.9,65.5,56.2,36.1,54.4,54.6,52.0,55.3
26290-1951,"영남빌로체",남구,우암동,IDENTITY_HIGH,COORD_HIGH,SCORE_AVAILABLE,1.00,37.8,46.3,47.7,46.1,44.5,44.0,44.4,44.2
26290-2014,"수피아주상복합",남구,용호동,IDENTITY_HIGH,COORD_HIGH,SCORE_AVAILABLE,1.00,25.6,70.1,53.4,53.3,50.6,49.2,49.8,49.9
26290-205,"예광스카이빌라",남구,대연동,IDENTITY_HIGH,COORD_HIGH,SCORE_AVAILABLE,1.00,86.5,79.3,62.7,33.7,65.6,66.7,61.8,67.3
26290-22,"대연동원",남구,대연동,IDENTITY_HIGH,COORD_HIGH,SCORE_AVAILABLE,1.00,57.7,80.3,64.3,55.2,64.4,64.0,62.7,64.6
26290-221,"삼정",남구,용호동,IDENTITY_HIGH,COORD_HIGH,SCORE_AVAILABLE,0.75,,69.3,54.6,34.2,52.7,52.6,49.0,53.7
26290-231,"영신맨션",남구,용호동,IDENTITY_HIGH,COORD_HIGH,SCORE_AVAILABLE,1.00,18.0,59.8,50.9,22.9,37.9,36.3,34.7,37.8
26290-233,"동산그린맨션",남구,용호동,IDENTITY_HIGH,COORD_HIGH,SCORE_AVAILABLE,1.00,25.2,68.2,64.5,22.1,45.0,43.0,40.6,45.1
26290-2520,"홍익빌레트Ⅲ",남구,문현동,IDENTITY_HIGH,COORD_HIGH,SCORE_AVAILABLE,1.00,85.1,76.5,36.5,51.7,62.4,64.9,62.0,63.8
26290-2523,"더베이하우스",남구,용호동,IDENTITY_HIGH,COORD_HIGH,SCORE_AVAILABLE,1.00,28.4,65.6,57.8,50.4,50.5,49.1,49.4,50.0
26290-2670,"미가",남구,용호동,IDENTITY_HIGH,COORD_HIGH,SCORE_AVAILABLE,1.00,27.4,69.3,63.9,55.5,54.0,52.2,52.9,53.2
26290-2701,"정성재아파트",남구,대연동,IDENTITY_HIGH,COORD_HIGH,SCORE_AVAILABLE,1.00,38.2,54.4,80.4,60.1,58.3,56.2,57.5,57.4
26290-310,"골든밸류빌",남구,문현동,IDENTITY_HIGH,COORD_HIGH,SCORE_AVAILABLE,1.00,71.3,59.9,62.8,51.4,61.4,61.8,60.4,61.9
26290-321,"중경맨션",남구,용호동,IDENTITY_HIGH,COORD_HIGH,SCORE_AVAILABLE,1.00,16.0,61.0,75.9,19.9,43.2,40.2,38.3,42.9
26290-40,"한진훼미리타운",남구,용호동,IDENTITY_HIGH,COORD_HIGH,SCORE_AVAILABLE,1.00,10.0,57.9,30.1,55.0,38.2,37.2,39.3,37.2
26470-1,"거성",연제구,거제동,IDENTITY_HIGH,COORD_HIGH,SCORE_AVAILABLE,1.00,73.1,53.4,44.2,26.5,49.3,50.7,47.0,50.8
26470-83,"세영",연제구,연산동,IDENTITY_HIGH,COORD_LOW,NOT_ENOUGH_DATA,0.25,,,,20.0,,,,
26290-91,"영광드림타워",남구,대연동,IDENTITY_HIGH,COORD_HIGH,SCORE_AVAILABLE,1.00,71.3,83.7,34.4,36.4,56.5,58.3,54.2,58.0
26470-100,"창신",연제구,연산동,IDENTITY_HIGH,COORD_HIGH,SCORE_AVAILABLE,1.00,42.3,48.7,73.7,23.8,47.1,45.6,43.4,47.4
26470-1198,"신우피렌체",연제구,연산동,IDENTITY_HIGH,COORD_HIGH,SCORE_AVAILABLE,1.00,48.8,80.2,77.3,50.3,64.1,62.7,61.3,64.1
26470-1251,"포세이돈",연제구,연산동,IDENTITY_HIGH,COORD_HIGH,SCORE_AVAILABLE,1.00,58.9,78.3,55.8,46.4,59.9,60.0,57.8,60.5
26470-129,"서진하이트빌",연제구,연산동,IDENTITY_HIGH,COORD_HIGH,SCORE_AVAILABLE,1.00,37.5,81.2,74.1,36.4,57.3,55.5,53.2,57.4
26470-1422,"월드파크3",연제구,거제동,IDENTITY_HIGH,COORD_HIGH,SCORE_AVAILABLE,1.00,77.9,68.3,43.3,58.7,62.1,63.8,62.4,62.9
26470-1424,"에이스리버팰리스",연제구,연산동,IDENTITY_HIGH,COORD_HIGH,SCORE_AVAILABLE,1.00,39.4,54.3,69.8,57.3,55.2,53.7,54.7,54.5
26470-145,"목련빌라",연제구,연산동,IDENTITY_HIGH,COORD_HIGH,SCORE_AVAILABLE,1.00,46.8,81.1,81.0,36.0,61.2,59.5,56.7,61.5
26470-1519,"명품블루파크",연제구,연산동,IDENTITY_HIGH,COORD_HIGH,SCORE_AVAILABLE,1.00,20.3,63.7,80.2,59.4,55.9,52.9,54.7,54.6
26470-153,"윤강하이츠빌라",연제구,연산동,IDENTITY_HIGH,COORD_HIGH,SCORE_AVAILABLE,1.00,37.4,63.3,75.7,35.1,52.9,51.0,49.5,52.8
26470-1565,"지성캐슬",연제구,연산동,IDENTITY_HIGH,COORD_HIGH,SCORE_AVAILABLE,1.00,46.9,84.5,82.8,55.2,67.4,65.6,64.5,67.1
26470-1915,"시청역동원시티비스타",연제구,연산동,IDENTITY_HIGH,COORD_HIGH,SCORE_AVAILABLE,1.00,57.7,79.2,62.3,69.4,67.1,66.9,67.0,67.0
26470-198,"늘푸른파크",연제구,연산동,IDENTITY_HIGH,COORD_HIGH,SCORE_AVAILABLE,1.00,17.1,50.4,64.6,35.3,41.9,39.5,39.7,41.2
26470-207,"보성하이츠빌라2차",연제구,연산동,IDENTITY_HIGH,COORD_HIGH,SCORE_AVAILABLE,1.00,59.7,77.5,60.3,32.9,57.6,57.6,54.0,58.6
26470-215,"신풍골든",연제구,연산동,IDENTITY_HIGH,COORD_HIGH,SCORE_AVAILABLE,1.00,51.9,83.1,78.6,37.2,62.7,61.4,58.4,63.2
26470-85,"연산쌍용",연제구,연산동,IDENTITY_HIGH,COORD_HIGH,SCORE_AVAILABLE,1.00,68.8,80.9,48.6,47.2,61.4,62.4,59.6,62.4
26470-99,"진흥목화",연제구,연산동,IDENTITY_HIGH,COORD_HIGH,SCORE_AVAILABLE,1.00,48.8,76.7,62.5,27.2,53.8,53.1,49.6,54.6
26500-112,"망미",수영구,망미동,IDENTITY_HIGH,COORD_HIGH,SCORE_AVAILABLE,1.00,74.1,55.7,35.3,19.7,46.2,48.1,43.6,48.0
26500-1392,"성원상떼빌",수영구,광안동,IDENTITY_HIGH,COORD_HIGH,SCORE_AVAILABLE,1.00,87.5,75.3,64.5,52.5,69.9,71.1,68.2,71.1
26500-17,"글로벌",수영구,광안동,IDENTITY_HIGH,COORD_HIGH,SCORE_AVAILABLE,1.00,72.7,67.1,44.8,39.7,56.1,57.5,54.5,57.3
26500-2132,"라움팰리스타워",수영구,남천동,IDENTITY_HIGH,COORD_HIGH,SCORE_AVAILABLE,1.00,83.5,76.6,75.8,60.6,74.1,74.5,72.6,74.8
26500-242,"대우포르투나",수영구,남천동,IDENTITY_HIGH,COORD_HIGH,SCORE_AVAILABLE,1.00,60.9,77.5,31.4,46.7,54.1,55.6,53.3,55.0
26500-266,"송현다미랑",수영구,민락동,IDENTITY_HIGH,COORD_HIGH,SCORE_AVAILABLE,1.00,22.2,49.3,68.8,44.1,46.1,43.8,44.6,45.3
26500-32,"소라맨션",수영구,남천동,IDENTITY_HIGH,COORD_LOW,NOT_ENOUGH_DATA,0.25,,,,20.3,,,,
26500-101,"크라운",수영구,망미동,IDENTITY_HIGH,COORD_HIGH,SCORE_AVAILABLE,1.00,46.5,39.4,56.1,19.7,40.4,39.9,37.6,41.1
26500-1382,"동트레",수영구,광안동,IDENTITY_HIGH,COORD_HIGH,SCORE_AVAILABLE,1.00,63.7,77.4,48.1,44.9,58.5,59.3,56.7,59.4
26500-150,"솔내음파비르",수영구,광안동,IDENTITY_HIGH,COORD_HIGH,SCORE_AVAILABLE,1.00,56.4,77.6,43.6,37.2,53.7,54.3,51.4,54.6
26500-155,"금잔디",수영구,광안동,IDENTITY_HIGH,COORD_HIGH,SCORE_AVAILABLE,1.00,75.7,76.5,68.4,22.7,60.8,61.2,55.8,62.5
26500-156,"보람빌리지",수영구,광안동,IDENTITY_HIGH,COORD_HIGH,SCORE_AVAILABLE,1.00,62.6,77.6,50.5,35.1,56.4,57.1,53.6,57.5
26500-158,"아침해오름",수영구,광안동,IDENTITY_HIGH,COORD_HIGH,SCORE_AVAILABLE,1.00,76.9,76.1,59.7,38.2,62.7,63.6,59.7,64.0
26500-173,"승우맨션(나동)",수영구,광안동,IDENTITY_HIGH,COORD_HIGH,SCORE_AVAILABLE,1.00,74.7,67.6,41.7,23.8,52.0,53.6,48.9,53.7
26500-1737,"남천알파타워",수영구,남천동,IDENTITY_HIGH,COORD_HIGH,SCORE_AVAILABLE,1.00,68.8,72.3,68.0,50.5,64.9,64.9,63.0,65.5
26500-1838,"파크블루V",수영구,광안동,IDENTITY_HIGH,COORD_HIGH,SCORE_AVAILABLE,1.00,80.8,76.3,47.4,52.3,64.2,65.9,63.3,65.3
26500-1941,"광일센텀스카이뷰",수영구,광안동,IDENTITY_HIGH,COORD_HIGH,SCORE_AVAILABLE,1.00,86.4,78.9,74.4,56.3,74.0,74.6,72.0,74.9
26500-197,"남강스위트홈",수영구,광안동,IDENTITY_HIGH,COORD_HIGH,SCORE_AVAILABLE,1.00,67.8,74.6,49.5,37.4,57.3,58.3,54.9,58.5
26500-1984,"삼인스카이뷰",수영구,남천동,IDENTITY_HIGH,COORD_HIGH,SCORE_AVAILABLE,1.00,78.3,61.6,58.6,51.2,62.4,63.4,61.5,63.3
26500-206,"주안골드빌리지",수영구,광안동,IDENTITY_HIGH,COORD_HIGH,SCORE_AVAILABLE,1.00,74.4,71.0,48.6,36.9,57.7,59.0,55.4,59.0
26500-2172,"센텀디아이리더스",수영구,광안동,IDENTITY_HIGH,COORD_HIGH,SCORE_AVAILABLE,1.00,89.3,78.1,70.9,55.7,73.5,74.4,71.6,74.6
26500-2288,"리부스남천",수영구,남천동,IDENTITY_HIGH,COORD_HIGH,SCORE_AVAILABLE,1.00,83.4,74.5,81.9,56.8,74.2,74.2,72.0,74.9
26500-2349,"남천세원수아파트",수영구,남천동,IDENTITY_HIGH,COORD_HIGH,SCORE_AVAILABLE,1.00,64.6,79.4,37.2,67.0,62.1,63.4,62.9,62.4
26500-2368,"광안에코하임센트럴뷰",수영구,광안동,IDENTITY_HIGH,COORD_HIGH,SCORE_AVAILABLE,1.00,77.1,71.6,51.4,59.4,64.9,66.1,64.6,65.6
26500-243,"광안명진웰리치",수영구,광안동,IDENTITY_HIGH,COORD_HIGH,SCORE_AVAILABLE,1.00,63.8,69.9,31.9,41.5,51.8,53.4,50.9,52.8
26500-2478,"광안포디움프레스티지",수영구,광안동,IDENTITY_HIGH,COORD_HIGH,SCORE_AVAILABLE,1.00,61.6,65.2,40.8,73.7,60.3,61.3,62.4,60.2
26500-64,"금토그랑프리빌",수영구,민락동,IDENTITY_HIGH,COORD_HIGH,SCORE_AVAILABLE,1.00,38.7,68.5,50.7,35.0,48.2,47.6,45.8,48.5
26500-70,"동산오차드힐",수영구,광안동,IDENTITY_HIGH,COORD_HIGH,SCORE_AVAILABLE,1.00,51.0,55.6,57.5,41.6,51.4,51.1,49.9,51.7
26500-76,"망미스위트빌",수영구,망미동,IDENTITY_HIGH,COORD_HIGH,SCORE_AVAILABLE,1.00,36.4,46.0,75.5,35.0,48.2,46.3,45.6,48.0
26500-88,"예광스카이파크",수영구,망미동,IDENTITY_HIGH,COORD_HIGH,SCORE_AVAILABLE,1.00,43.6,48.4,70.4,36.0,49.6,48.2,47.2,49.6
26500-9,"산호비치",수영구,광안동,IDENTITY_HIGH,COORD_HIGH,SCORE_AVAILABLE,1.00,51.1,69.9,40.7,27.9,47.4,47.9,44.6,48.4
26410-2432,"금정산태진팰리스2차",금정구,장전동,IDENTITY_HIGH,COORD_HIGH,SCORE_AVAILABLE,1.00,66.4,82.6,43.3,61.5,63.4,64.6,63.3,64.0
26410-161,"부영벽산",금정구,구서동,IDENTITY_HIGH,COORD_HIGH,SCORE_AVAILABLE,1.00,74.8,68.2,61.2,44.9,62.3,62.9,60.3,63.2
26410-182,"일신크리스탈빌라",금정구,구서동,IDENTITY_HIGH,COORD_HIGH,SCORE_AVAILABLE,1.00,45.0,53.3,63.2,26.9,47.1,46.2,44.0,47.6
26410-1908,"명승명가",금정구,구서동,IDENTITY_HIGH,COORD_HIGH,SCORE_AVAILABLE,1.00,60.3,67.7,64.5,46.0,59.6,59.4,57.6,60.1
26410-200,"궁전쉐르빌",금정구,구서동,IDENTITY_HIGH,COORD_HIGH,SCORE_AVAILABLE,1.00,74.3,61.4,63.7,36.4,59.0,59.5,56.4,60.1
26410-2190,"구서동피닉스빌",금정구,구서동,IDENTITY_HIGH,COORD_HIGH,SCORE_AVAILABLE,1.00,83.9,68.4,49.5,48.2,62.5,64.2,61.4,63.8
26410-2220,"남산동신화하니엘",금정구,남산동,IDENTITY_HIGH,COORD_HIGH,SCORE_AVAILABLE,1.00,86.9,54.5,78.3,60.0,69.9,70.4,69.3,70.5
26410-2259,"삼한골든뷰",금정구,구서동,IDENTITY_HIGH,COORD_HIGH,SCORE_AVAILABLE,1.00,59.3,66.2,61.6,65.3,63.1,63.0,63.3,63.0
26410-2425,"(207-3)",금정구,서동,IDENTITY_HIGH,COORD_HIGH,SCORE_AVAILABLE,1.00,77.8,65.1,52.6,60.7,64.1,65.3,64.2,64.7
26410-268,"성원맨투로빌",금정구,구서동,IDENTITY_HIGH,COORD_HIGH,SCORE_AVAILABLE,1.00,77.8,60.5,51.2,51.0,60.1,61.5,59.7,61.0
26410-280,"구서벽산메가트리움",금정구,구서동,IDENTITY_HIGH,COORD_HIGH,SCORE_AVAILABLE,1.00,57.4,68.9,65.5,50.0,60.5,60.0,58.7,60.7
26410-289,"구서쌍용스윗닷홈",금정구,구서동,IDENTITY_HIGH,COORD_HIGH,SCORE_AVAILABLE,1.00,46.9,51.0,62.7,46.1,51.7,50.9,50.6,51.6
26410-309,"중앙시티빌",금정구,부곡동,IDENTITY_HIGH,COORD_HIGH,SCORE_AVAILABLE,1.00,53.1,56.6,48.2,31.9,47.5,47.7,45.4,48.2
26410-330,"정원맨션",금정구,서동,IDENTITY_HIGH,COORD_HIGH,SCORE_AVAILABLE,1.00,45.6,48.3,76.4,22.8,48.3,46.7,44.3,48.7
26500-125,"홍익라이프가동",수영구,민락동,IDENTITY_HIGH,COORD_HIGH,SCORE_AVAILABLE,1.00,41.4,53.2,79.2,36.4,52.6,50.7,49.6,52.5
26500-1618,"성우스카이뷰",수영구,광안동,IDENTITY_HIGH,COORD_HIGH,SCORE_AVAILABLE,1.00,65.1,68.8,41.4,47.3,55.7,56.8,54.9,56.5
26500-1702,"한성그린",수영구,남천동,IDENTITY_HIGH,COORD_HIGH,SCORE_AVAILABLE,1.00,78.0,55.7,39.9,45.3,54.7,56.6,54.5,55.9
26500-1705,"일성센텀스카이뷰",수영구,광안동,IDENTITY_HIGH,COORD_HIGH,SCORE_AVAILABLE,1.00,88.7,78.0,67.7,52.6,71.8,72.8,69.7,72.9
26500-1800,"병산프리덤",수영구,민락동,IDENTITY_HIGH,COORD_HIGH,SCORE_AVAILABLE,1.00,26.1,53.6,63.8,48.1,47.9,46.0,46.8,47.1
26500-187,"부일그린빌",수영구,광안동,IDENTITY_HIGH,COORD_HIGH,SCORE_AVAILABLE,1.00,55.9,63.6,69.2,37.4,56.5,55.8,53.6,57.0
26500-1964,"정원센텀뷰",수영구,광안동,IDENTITY_HIGH,COORD_HIGH,SCORE_AVAILABLE,1.00,79.9,78.5,62.1,57.5,69.5,70.4,68.2,70.3
26500-217,"로타리",수영구,광안동,IDENTITY_HIGH,COORD_HIGH,SCORE_AVAILABLE,1.00,83.5,74.1,65.1,20.4,60.8,61.7,55.9,62.8
26500-2180,"광안지음주상복합",수영구,광안동,IDENTITY_HIGH,COORD_HIGH,SCORE_AVAILABLE,1.00,59.5,72.8,43.3,56.4,58.0,58.8,57.9,58.4
26500-220,"신라탑스빌",수영구,광안동,IDENTITY_HIGH,COORD_HIGH,SCORE_AVAILABLE,1.00,88.8,78.5,77.4,34.7,69.8,70.4,65.5,71.5
26500-2286,"광안비치올리브씨",수영구,광안동,IDENTITY_HIGH,COORD_HIGH,SCORE_AVAILABLE,1.00,48.8,55.6,59.9,72.4,59.2,58.6,60.6,58.4
26410-16,"금정",금정구,부곡동,IDENTITY_HIGH,COORD_LOW,NOT_ENOUGH_DATA,0.25,,,,21.8,,,,
26410-2431,"산들마을",금정구,구서동,IDENTITY_HIGH,COORD_HIGH,SCORE_AVAILABLE,1.00,52.8,68.9,64.3,55.6,60.4,59.8,59.3,60.4
26410-187,"진흥목화",금정구,구서동,IDENTITY_HIGH,COORD_HIGH,SCORE_AVAILABLE,1.00,63.8,57.1,78.7,44.3,61.0,60.2,58.6,61.4
26410-1906,"해성비발디",금정구,남산동,IDENTITY_HIGH,COORD_HIGH,SCORE_AVAILABLE,1.00,55.2,69.5,56.9,39.1,55.2,55.1,52.8,55.8
26410-1927,"해피투모로우",금정구,부곡동,IDENTITY_HIGH,COORD_HIGH,SCORE_AVAILABLE,1.00,83.4,76.6,42.9,54.7,64.4,66.4,63.9,65.6
26410-205,"멤버스빌라트",금정구,구서동,IDENTITY_HIGH,COORD_HIGH,SCORE_AVAILABLE,1.00,68.7,68.3,52.3,34.7,56.0,56.8,53.4,57.2
26410-213,"구서건흥",금정구,구서동,IDENTITY_HIGH,COORD_HIGH,SCORE_AVAILABLE,1.00,88.5,64.4,35.2,39.7,57.0,59.6,55.9,58.7
26410-2134,"금성타운",금정구,회동동,IDENTITY_HIGH,COORD_HIGH,SCORE_AVAILABLE,1.00,28.1,11.4,15.1,54.1,27.2,27.8,31.3,26.4
26410-2138,"부산대역삼정그린코아마운틴동",금정구,부곡동,IDENTITY_HIGH,COORD_HIGH,SCORE_AVAILABLE,1.00,83.8,75.6,41.0,60.9,65.3,67.5,65.6,66.4
26410-2182,"청룡동협성엠파이어",금정구,청룡동,IDENTITY_HIGH,COORD_HIGH,SCORE_AVAILABLE,1.00,88.5,52.0,79.6,68.2,72.1,72.5,72.3,72.4
26410-220,"동산오챠드힐",금정구,청룡동,IDENTITY_HIGH,COORD_HIGH,SCORE_AVAILABLE,1.00,79.0,51.9,74.7,49.8,63.9,64.1,62.5,64.5
26410-229,"우남카사벨라",금정구,남산동,IDENTITY_HIGH,COORD_HIGH,SCORE_AVAILABLE,1.00,68.1,62.3,70.8,41.6,60.7,60.6,58.2,61.4
26410-2297,"지성캐슬",금정구,남산동,IDENTITY_HIGH,COORD_HIGH,SCORE_AVAILABLE,1.00,70.5,62.3,73.4,55.8,65.5,65.4,64.3,65.9
26410-231,"남산미네르빌",금정구,남산동,IDENTITY_HIGH,COORD_HIGH,SCORE_AVAILABLE,1.00,69.2,58.8,69.1,37.2,58.6,58.6,55.9,59.4
26410-2323,"백리명가에덴",금정구,장전동,IDENTITY_HIGH,COORD_HIGH,SCORE_AVAILABLE,1.00,63.1,80.6,48.6,57.3,62.4,63.1,61.7,62.9
26410-2400,"골든팰리스-더파크",금정구,청룡동,IDENTITY_HIGH,COORD_HIGH,SCORE_AVAILABLE,1.00,57.8,33.5,49.0,56.6,49.2,49.6,50.7,49.1
26410-246,"해성체르니B동",금정구,남산동,IDENTITY_HIGH,COORD_LOW,NOT_ENOUGH_DATA,0.25,,,,36.3,,,,
26410-2487,"휴림아르페",금정구,구서동,IDENTITY_HIGH,COORD_HIGH,SCORE_AVAILABLE,1.00,54.9,69.5,66.8,59.1,62.6,62.0,61.7,62.5
26410-2552,"남평N-CITY",금정구,구서동,IDENTITY_HIGH,COORD_HIGH,SCORE_AVAILABLE,1.00,67.1,66.4,59.0,63.6,64.0,64.4,64.1,64.2
26410-277,"새천년골든밸류빌",금정구,구서동,IDENTITY_HIGH,COORD_HIGH,SCORE_AVAILABLE,1.00,64.1,66.5,59.2,42.5,58.1,58.3,56.1,58.8
26410-278,"덕인센추리온",금정구,구서동,IDENTITY_HIGH,COORD_HIGH,SCORE_AVAILABLE,1.00,72.4,68.3,46.4,44.5,57.9,59.2,56.6,59.0
26410-283,"벽송",금정구,구서동,IDENTITY_HIGH,COORD_HIGH,SCORE_AVAILABLE,1.00,53.9,70.8,69.3,39.0,58.3,57.5,55.2,58.7
26410-322,"홍원메르디앙",금정구,부곡동,IDENTITY_HIGH,COORD_HIGH,SCORE_AVAILABLE,1.00,55.9,65.5,74.3,37.6,58.3,57.4,55.1,58.8
26410-53,"금강빌라",금정구,장전동,IDENTITY_HIGH,COORD_HIGH,SCORE_AVAILABLE,1.00,25.7,37.9,67.1,25.4,39.0,37.0,36.3,38.8
26410-6,"신동아",금정구,서동,IDENTITY_HIGH,COORD_HIGH,SCORE_AVAILABLE,1.00,61.5,63.4,55.9,25.0,51.4,51.7,48.0,52.6
26410-245,"해성체르니",금정구,남산동,IDENTITY_HIGH,COORD_HIGH,SCORE_AVAILABLE,1.00,49.3,45.6,53.8,36.3,46.2,46.0,44.9,46.5
26260-1898,"허브센티움Ⅲ",동래구,온천동,IDENTITY_HIGH,COORD_HIGH,SCORE_AVAILABLE,1.00,89.0,75.0,51.8,55.7,67.9,69.7,67.1,69.1
26260-1998,"허브팰리스",동래구,온천동,IDENTITY_HIGH,COORD_HIGH,SCORE_AVAILABLE,1.00,81.1,80.9,58.5,59.0,69.9,71.0,68.8,70.7
26260-2042,"대가하이츠",동래구,명장동,IDENTITY_HIGH,COORD_HIGH,SCORE_AVAILABLE,1.00,49.6,34.8,67.5,56.7,52.1,51.2,52.7,51.6
26260-2052,"온천동유림노르웨이숲",동래구,온천동,IDENTITY_HIGH,COORD_HIGH,SCORE_AVAILABLE,1.00,55.5,79.2,24.7,71.8,57.8,59.3,59.8,57.8
26260-2055,"천일스카이원",동래구,명륜동,IDENTITY_HIGH,COORD_HIGH,SCORE_AVAILABLE,1.00,70.4,78.4,71.1,70.7,72.7,72.6,72.3,72.7
26260-2134,"아델리아",동래구,낙민동,IDENTITY_HIGH,COORD_HIGH,SCORE_AVAILABLE,1.00,59.4,65.7,82.3,56.9,66.1,64.9,64.4,66.0
26260-2196,"블리시움",동래구,낙민동,IDENTITY_HIGH,COORD_HIGH,SCORE_AVAILABLE,1.00,65.4,67.9,83.0,60.1,69.1,68.2,67.6,69.1
26410-133,"왕신하이츠빌라",금정구,남산동,IDENTITY_HIGH,COORD_HIGH,SCORE_AVAILABLE,1.00,54.0,65.4,49.9,26.9,49.1,49.3,46.0,50.0
26410-155,"남영하이빌",금정구,구서동,IDENTITY_HIGH,COORD_HIGH,SCORE_AVAILABLE,1.00,54.8,68.9,69.6,36.6,57.5,56.7,54.2,58.0
26410-2084,"남산하이시티",금정구,남산동,IDENTITY_HIGH,COORD_HIGH,SCORE_AVAILABLE,1.00,53.4,61.5,55.7,53.9,56.1,56.0,55.7,56.2
26410-222,"남산그린",금정구,청룡동,IDENTITY_HIGH,COORD_HIGH,SCORE_AVAILABLE,1.00,64.0,53.9,68.8,33.4,55.0,54.8,52.2,55.8
26410-224,"네오밸리스",금정구,청룡동,IDENTITY_HIGH,COORD_HIGH,SCORE_AVAILABLE,1.00,43.0,24.0,30.5,36.4,33.5,34.1,34.4,33.6
26410-2284,"우일아내트",금정구,남산동,IDENTITY_HIGH,COORD_HIGH,SCORE_AVAILABLE,1.00,64.9,63.1,69.4,50.2,61.9,61.7,60.3,62.3
26410-2345,"온천리젠시타워아파트",금정구,부곡동,IDENTITY_HIGH,COORD_HIGH,SCORE_AVAILABLE,1.00,81.5,77.5,42.3,57.4,64.7,66.7,64.4,65.8
26410-239,"정구팰리스",금정구,남산동,IDENTITY_HIGH,COORD_HIGH,SCORE_AVAILABLE,1.00,89.0,65.7,52.0,32.6,59.8,61.7,57.2,61.6
26410-240,"태경그린빌",금정구,남산동,IDENTITY_HIGH,COORD_HIGH,SCORE_AVAILABLE,1.00,85.5,66.4,58.3,36.3,61.6,63.0,59.0,63.2
26410-2492,"대성타워팰리스",금정구,구서동,IDENTITY_HIGH,COORD_HIGH,SCORE_AVAILABLE,1.00,79.7,64.2,56.7,61.6,65.5,66.7,65.7,66.2
26410-2606,"구서1차봄여름가을겨울",금정구,구서동,IDENTITY_HIGH,COORD_HIGH,SCORE_AVAILABLE,1.00,86.8,61.7,43.2,68.3,65.0,67.2,66.6,65.7
26410-300,"행복이가득한집A",금정구,장전동,IDENTITY_HIGH,COORD_HIGH,SCORE_AVAILABLE,1.00,18.7,32.6,56.6,29.8,34.4,32.5,32.9,33.9
26410-323,"부곡일천베스파",금정구,부곡동,IDENTITY_HIGH,COORD_HIGH,SCORE_AVAILABLE,1.00,55.8,66.6,68.0,44.1,58.6,58.0,56.3,59.0
26410-325,"희재하이빌",금정구,부곡동,IDENTITY_HIGH,COORD_HIGH,SCORE_AVAILABLE,1.00,35.3,57.8,83.4,36.1,53.1,50.7,49.7,52.9
26410-329,"부호하이츠",금정구,부곡동,IDENTITY_HIGH,COORD_HIGH,SCORE_AVAILABLE,1.00,86.5,82.7,31.3,36.4,59.2,62.0,57.2,61.2
26410-381,"석탑그레이스빌",금정구,구서동,IDENTITY_HIGH,COORD_HIGH,SCORE_AVAILABLE,1.00,80.7,67.3,45.1,41.0,58.5,60.3,57.0,59.9
26410-390,"태안에버빌",금정구,부곡동,IDENTITY_HIGH,COORD_HIGH,SCORE_AVAILABLE,1.00,68.5,76.9,63.0,40.1,62.1,62.4,59.1,63.1
26260-2062,"씨티포레",동래구,온천동,IDENTITY_HIGH,COORD_LOW,NOT_ENOUGH_DATA,0.25,,,,54.4,,,,
26260-1468,"SK허브올리브",동래구,온천동,IDENTITY_HIGH,COORD_HIGH,SCORE_AVAILABLE,1.00,75.8,84.1,22.3,64.3,61.6,64.3,62.7,62.6
26260-1752,"홍림그린피아",동래구,온천동,IDENTITY_HIGH,COORD_HIGH,SCORE_AVAILABLE,1.00,58.1,76.8,26.3,52.0,53.3,54.9,53.4,54.0
26260-1777,"비룡벨로스텔라",동래구,온천동,IDENTITY_HIGH,COORD_HIGH,SCORE_AVAILABLE,1.00,75.2,81.1,61.7,50.2,67.1,67.7,64.9,68.0
26260-1778,"금오에코팰리스",동래구,온천동,IDENTITY_HIGH,COORD_HIGH,SCORE_AVAILABLE,1.00,70.9,77.5,39.8,46.8,58.7,60.3,57.5,59.8
26260-1849,"태경에버리치2차",동래구,온천동,IDENTITY_HIGH,COORD_HIGH,SCORE_AVAILABLE,1.00,72.2,76.0,65.6,48.1,65.5,65.8,63.2,66.3
26260-1899,"오름캐슬",동래구,사직동,IDENTITY_HIGH,COORD_HIGH,SCORE_AVAILABLE,1.00,68.6,76.7,74.9,52.1,68.1,67.7,65.7,68.6
26260-1909,"더블루원",동래구,온천동,IDENTITY_HIGH,COORD_HIGH,SCORE_AVAILABLE,1.00,77.2,75.0,56.2,52.6,65.3,66.3,63.9,66.2
26260-1924,"더블루원2차",동래구,온천동,IDENTITY_HIGH,COORD_HIGH,SCORE_AVAILABLE,1.00,74.4,81.0,61.5,52.6,67.4,68.0,65.5,68.2
26260-1987,"더블루원3차",동래구,온천동,IDENTITY_HIGH,COORD_HIGH,SCORE_AVAILABLE,1.00,72.6,71.2,60.3,55.0,64.8,65.4,63.7,65.4
26260-2038,"신화하니엘더라임",동래구,온천동,IDENTITY_HIGH,COORD_HIGH,SCORE_AVAILABLE,1.00,58.2,82.4,17.8,60.8,54.8,56.8,55.9,55.4
26260-205,"남평파크뷰",동래구,사직동,IDENTITY_HIGH,COORD_HIGH,SCORE_AVAILABLE,1.00,46.2,48.3,74.5,35.8,51.2,49.8,48.6,51.2
26260-2057,"M포레뷰",동래구,온천동,IDENTITY_HIGH,COORD_HIGH,SCORE_AVAILABLE,1.00,87.6,74.8,53.2,53.8,67.3,69.0,66.3,68.6
26260-2102,"명륜소도베르크",동래구,명륜동,IDENTITY_HIGH,COORD_HIGH,SCORE_AVAILABLE,1.00,78.7,78.7,58.2,54.1,67.4,68.5,66.0,68.4
26260-226,"현대아트빌",동래구,복천동,IDENTITY_HIGH,COORD_HIGH,SCORE_AVAILABLE,1.00,49.6,51.3,76.8,36.4,53.5,52.2,50.8,53.7
26260-227,"웰스플러스",동래구,복천동,IDENTITY_HIGH,COORD_HIGH,SCORE_AVAILABLE,1.00,67.2,74.5,60.3,40.7,60.6,61.0,58.0,61.6
26260-234,"하나로2차",동래구,수안동,IDENTITY_HIGH,COORD_HIGH,SCORE_AVAILABLE,1.00,85.7,76.5,54.0,34.5,62.7,64.3,59.6,64.5
26260-2435,"아시아드삼정그린코아더시티",동래구,사직동,IDENTITY_HIGH,COORD_HIGH,SCORE_AVAILABLE,1.00,81.2,75.2,67.6,67.0,72.7,73.4,72.3,73.2
26260-2436,"디아트50",동래구,온천동,IDENTITY_HIGH,COORD_HIGH,SCORE_AVAILABLE,1.00,50.9,69.7,32.1,58.1,52.7,53.7,53.4,52.9
26260-249,"로얄캐슬",동래구,명륜동,IDENTITY_HIGH,COORD_HIGH,SCORE_AVAILABLE,1.00,68.5,77.3,72.2,41.6,64.9,64.7,61.6,65.7
26260-291,"동경쉐르빌102동",동래구,온천동,IDENTITY_HIGH,COORD_HIGH,SCORE_AVAILABLE,1.00,79.5,75.7,59.1,41.3,63.9,64.9,61.3,65.2
26260-359,"목영해돋이",동래구,온천동,IDENTITY_HIGH,COORD_HIGH,SCORE_AVAILABLE,1.00,52.3,75.6,41.2,43.1,53.0,53.6,51.5,53.6
26260-363,"삼오에펠빌리지",동래구,온천동,IDENTITY_HIGH,COORD_HIGH,SCORE_AVAILABLE,1.00,51.6,68.8,28.6,26.1,43.8,44.9,41.5,44.9
26260-89,"라경유닉스빌라",동래구,온천동,IDENTITY_HIGH,COORD_HIGH,SCORE_AVAILABLE,1.00,53.3,70.3,62.1,35.0,55.2,54.7,52.1,55.8
26380-93,"부원",사하구,당리동,IDENTITY_HIGH,COORD_LOW,NOT_ENOUGH_DATA,0.25,,,,18.4,,,,
26260-199,"동경쉐르빌",동래구,온천동,IDENTITY_HIGH,COORD_HIGH,SCORE_AVAILABLE,1.00,78.5,75.8,60.4,41.0,63.9,64.8,61.2,65.2
26260-304,"궁전스카이",동래구,사직동,IDENTITY_HIGH,COORD_HIGH,SCORE_AVAILABLE,1.00,69.4,77.8,63.7,41.0,63.0,63.3,60.0,64.0
26260-93,"태건아트빌",동래구,온천동,IDENTITY_HIGH,COORD_HIGH,SCORE_AVAILABLE,1.00,40.3,47.1,69.2,34.7,47.8,46.4,45.5,47.8
26380-1581,"다대영동비치타워",사하구,다대동,IDENTITY_HIGH,COORD_HIGH,SCORE_AVAILABLE,1.00,83.9,67.6,44.2,58.8,63.6,65.6,63.9,64.6
26380-1811,"정원포트빌",사하구,다대동,IDENTITY_HIGH,COORD_HIGH,SCORE_AVAILABLE,1.00,84.6,67.3,61.0,48.5,65.4,66.5,63.8,66.5
26380-1875,"지원시티파크",사하구,장림동,IDENTITY_HIGH,COORD_HIGH,SCORE_AVAILABLE,1.00,52.8,57.4,41.3,69.9,55.4,55.9,57.4,55.0
26380-1881,"경성스마트더블유",사하구,괴정동,IDENTITY_HIGH,COORD_HIGH,SCORE_AVAILABLE,1.00,70.1,68.9,62.2,65.3,66.6,67.0,66.6,66.8
26380-1949,"괴정웰메이드홈",사하구,괴정동,IDENTITY_HIGH,COORD_HIGH,SCORE_AVAILABLE,1.00,66.1,61.0,69.4,58.3,63.7,63.5,63.0,63.8
26380-195,"선경쉐르빌",사하구,하단동,IDENTITY_HIGH,COORD_HIGH,SCORE_AVAILABLE,1.00,39.0,55.9,41.4,35.5,43.0,42.8,41.6,43.2
26380-1954,"리뷰캐슬아파트",사하구,괴정동,IDENTITY_HIGH,COORD_HIGH,SCORE_AVAILABLE,1.00,54.5,48.8,48.5,55.9,51.9,52.2,52.7,51.9
26380-1955,"IDS아델하임",사하구,괴정동,IDENTITY_HIGH,COORD_HIGH,SCORE_AVAILABLE,1.00,76.0,72.1,43.5,71.6,65.8,67.4,67.2,66.2
26380-1956,"우성로얄캐슬",사하구,다대동,IDENTITY_HIGH,COORD_HIGH,SCORE_AVAILABLE,1.00,89.0,67.1,57.3,53.0,66.6,68.2,65.7,67.8
26380-1960,"아람센트럴시티",사하구,하단동,IDENTITY_HIGH,COORD_HIGH,SCORE_AVAILABLE,1.00,78.2,78.7,60.9,54.8,68.2,69.0,66.7,69.0
26380-1970,"오현리버뷰",사하구,하단동,IDENTITY_HIGH,COORD_HIGH,SCORE_AVAILABLE,1.00,33.2,53.8,40.2,52.0,44.8,44.5,45.3,44.4
26380-2002,"괴정어반푸르지오",사하구,괴정동,IDENTITY_HIGH,COORD_HIGH,SCORE_AVAILABLE,1.00,84.2,72.9,35.8,68.4,65.3,67.8,66.7,66.2
26380-2009,"유성해네스타워",사하구,괴정동,IDENTITY_HIGH,COORD_HIGH,SCORE_AVAILABLE,1.00,80.1,74.2,56.4,57.9,67.1,68.3,66.4,68.0
26380-2020,"대티역스마트더블유인공지능",사하구,괴정동,IDENTITY_HIGH,COORD_HIGH,SCORE_AVAILABLE,1.00,87.3,56.6,73.6,66.8,71.1,71.8,71.2,71.5
26380-203,"청솔맨션",사하구,신평동,IDENTITY_HIGH,COORD_HIGH,SCORE_AVAILABLE,1.00,53.2,34.4,47.3,23.2,39.5,39.8,37.8,40.3
26380-212,"장림대동맨션",사하구,장림동,IDENTITY_HIGH,COORD_HIGH,SCORE_AVAILABLE,1.00,77.6,61.2,62.6,38.0,59.8,60.6,57.4,61.0
26380-278,"감천현대",사하구,감천동,IDENTITY_HIGH,COORD_HIGH,SCORE_AVAILABLE,1.00,23.9,49.0,50.1,45.0,42.0,40.7,41.5,41.3
26380-304,"한아루시빌",사하구,괴정동,IDENTITY_HIGH,COORD_HIGH,SCORE_AVAILABLE,1.00,81.9,57.2,52.9,37.2,57.3,58.7,55.5,58.7
26380-6,"금호",사하구,괴정동,IDENTITY_HIGH,COORD_HIGH,SCORE_AVAILABLE,1.00,40.2,56.6,69.5,28.5,48.7,47.2,45.2,48.9
26380-71,"투윈빌리지",사하구,괴정동,IDENTITY_HIGH,COORD_HIGH,SCORE_AVAILABLE,1.00,65.5,71.3,55.1,35.5,56.8,57.3,54.1,57.9
26380-9,"삼성타워",사하구,괴정동,IDENTITY_HIGH,COORD_HIGH,SCORE_AVAILABLE,1.00,52.1,19.2,53.0,36.4,40.2,40.1,40.2,40.3
26350-151,"대우금사",해운대구,반여동,IDENTITY_HIGH,COORD_HIGH,SCORE_AVAILABLE,1.00,68.6,19.6,28.0,39.8,39.0,41.0,40.6,39.8
26350-183,"삼한그린맨션",해운대구,반송동,IDENTITY_HIGH,COORD_HIGH,SCORE_AVAILABLE,1.00,46.6,32.9,31.4,26.8,34.4,35.2,33.9,35.1
26380-1772,"더웰리스",사하구,감천동,IDENTITY_HIGH,COORD_HIGH,SCORE_AVAILABLE,1.00,27.2,56.1,65.5,46.8,48.9,47.0,47.5,48.2
26380-181,"보해이브빌",사하구,하단동,IDENTITY_HIGH,COORD_HIGH,SCORE_AVAILABLE,1.00,78.7,78.0,57.1,40.1,63.5,64.6,60.7,64.8
26380-1858,"예그린숲",사하구,괴정동,IDENTITY_HIGH,COORD_HIGH,SCORE_AVAILABLE,1.00,80.0,71.3,39.5,53.5,61.1,63.1,60.9,62.2
26380-187,"하단센토빌",사하구,하단동,IDENTITY_HIGH,COORD_HIGH,SCORE_AVAILABLE,1.00,64.2,68.5,80.4,37.1,62.6,61.8,58.8,63.3
26380-1909,"퍼스트클래스",사하구,괴정동,IDENTITY_HIGH,COORD_LOW,NOT_ENOUGH_DATA,0.25,,,,52.0,,,,
26380-192,"세양리버빌라트",사하구,하단동,IDENTITY_HIGH,COORD_HIGH,SCORE_AVAILABLE,1.00,32.6,49.9,40.3,39.1,40.5,40.1,39.9,40.4
26380-196,"청호",사하구,하단동,IDENTITY_HIGH,COORD_HIGH,SCORE_AVAILABLE,1.00,90.4,77.4,73.4,36.4,69.4,70.3,65.5,71.1
26380-1963,"경성스마트더블유아파트2차",사하구,괴정동,IDENTITY_HIGH,COORD_HIGH,SCORE_AVAILABLE,1.00,67.3,69.6,55.0,64.1,64.0,64.6,64.2,64.3
26380-1976,"영원베네스트아파트",사하구,괴정동,IDENTITY_HIGH,COORD_HIGH,SCORE_AVAILABLE,1.00,85.5,70.9,63.9,57.9,69.5,70.6,68.6,70.4
26380-1991,"일성아이앤유",사하구,당리동,IDENTITY_HIGH,COORD_HIGH,SCORE_AVAILABLE,1.00,50.9,64.0,71.6,54.5,60.3,59.2,58.9,60.1
26380-2006,"에스제이파베르",사하구,당리동,IDENTITY_HIGH,COORD_HIGH,SCORE_AVAILABLE,1.00,86.0,73.8,67.7,55.7,70.8,71.7,69.3,71.8
26380-2067,"헤리츠리더스하단",사하구,하단동,IDENTITY_HIGH,COORD_HIGH,SCORE_AVAILABLE,1.00,79.9,78.3,60.1,70.3,72.2,73.2,72.3,72.6
26380-271,"신도",사하구,감천동,IDENTITY_HIGH,COORD_HIGH,SCORE_AVAILABLE,1.00,22.8,29.6,66.4,33.4,38.0,35.8,36.6,37.3
26380-320,"한울엠비시어스",사하구,하단동,IDENTITY_HIGH,COORD_HIGH,SCORE_AVAILABLE,1.00,82.8,78.1,54.2,38.5,63.4,64.8,60.6,65.0
26380-329,"프론티어빌",사하구,하단동,IDENTITY_HIGH,COORD_HIGH,SCORE_AVAILABLE,1.00,38.3,55.5,48.4,35.6,44.4,43.9,42.8,44.6
26380-330,"한주",사하구,하단동,IDENTITY_HIGH,COORD_HIGH,SCORE_AVAILABLE,1.00,45.9,65.5,60.3,37.6,52.3,51.6,49.8,52.6
26380-339,"성경센스빌",사하구,장림동,IDENTITY_HIGH,COORD_HIGH,SCORE_AVAILABLE,1.00,82.7,58.7,75.4,44.2,65.3,65.6,63.0,66.2
26380-40,"신동양",사하구,괴정동,IDENTITY_HIGH,COORD_HIGH,SCORE_AVAILABLE,1.00,57.5,61.2,74.2,22.7,53.9,53.1,49.4,54.8
26380-529,"금일아트빌라",사하구,괴정동,IDENTITY_HIGH,COORD_HIGH,SCORE_AVAILABLE,1.00,75.3,72.9,49.6,33.4,57.8,59.1,55.0,59.3
26380-75,"나산리츠빌라",사하구,괴정동,IDENTITY_HIGH,COORD_HIGH,SCORE_AVAILABLE,1.00,67.5,53.2,61.0,34.7,54.1,54.4,51.9,55.0
26380-78,"화목하이츠빌",사하구,괴정동,IDENTITY_HIGH,COORD_HIGH,SCORE_AVAILABLE,1.00,77.7,68.4,69.6,35.5,62.8,63.2,59.5,64.1
26380-86,"대동아람아파트",사하구,당리동,IDENTITY_HIGH,COORD_HIGH,SCORE_AVAILABLE,1.00,46.8,58.4,77.4,22.0,51.2,49.6,46.6,51.7
26380-87,"대암가든",사하구,당리동,IDENTITY_HIGH,COORD_HIGH,SCORE_AVAILABLE,1.00,48.3,36.4,71.6,24.2,45.1,43.9,42.1,45.5
26350-1,"경남마리나",해운대구,우동,IDENTITY_HIGH,COORD_LOW,NOT_ENOUGH_DATA,0.25,,,,42.0,,,,
26110-10,"대림에이스타운",중구,보수동1가,IDENTITY_HIGH,COORD_HIGH,SCORE_AVAILABLE,1.00,42.1,52.9,75.4,41.3,52.9,51.3,50.6,52.7
26110-17,"송파지오스빌라트",중구,보수동2가,IDENTITY_HIGH,COORD_HIGH,SCORE_AVAILABLE,1.00,52.9,63.7,77.6,39.6,58.5,57.2,55.4,58.7
26110-26,"향원인터빌",중구,부평동4가,IDENTITY_HIGH,COORD_HIGH,SCORE_AVAILABLE,1.00,62.9,72.7,59.9,35.3,57.7,57.9,54.6,58.7
26110-931,"보수3차봄여름가을겨울",중구,보수동3가,IDENTITY_HIGH,COORD_HIGH,SCORE_AVAILABLE,1.00,66.2,71.8,65.2,62.4,66.4,66.5,65.8,66.6
26140-1006,"에르모사",서구,서대신동1가,IDENTITY_HIGH,COORD_HIGH,SCORE_AVAILABLE,1.00,70.3,67.5,49.1,44.1,57.7,58.8,56.3,58.7
26140-102,"기산비치타운",서구,암남동,IDENTITY_HIGH,COORD_HIGH,SCORE_AVAILABLE,1.00,25.5,37.7,59.1,45.2,41.9,40.2,41.6,41.1
26140-105,"송도타워맨션",서구,암남동,IDENTITY_HIGH,COORD_HIGH,SCORE_AVAILABLE,1.00,26.0,23.4,19.2,38.5,26.8,27.1,28.5,26.4
26140-1062,"부백웨스턴타워",서구,서대신동3가,IDENTITY_HIGH,COORD_HIGH,SCORE_AVAILABLE,1.00,61.1,69.5,75.2,47.7,63.4,62.7,60.9,63.7
26140-1099,"미소지음",서구,동대신동1가,IDENTITY_HIGH,COORD_HIGH,SCORE_AVAILABLE,1.00,56.3,67.6,76.1,52.0,63.0,62.0,61.0,63.1
26140-1346,"서원블루오션G동",서구,부용동1가,IDENTITY_HIGH,COORD_HIGH,SCORE_AVAILABLE,1.00,57.6,69.1,79.9,65.7,68.1,67.0,67.2,67.7
26140-68,"아미맨션",서구,아미동2가,IDENTITY_HIGH,COORD_HIGH,SCORE_AVAILABLE,1.00,45.0,28.9,23.6,39.9,34.3,35.4,35.7,34.5
26170-71,"필우파크",동구,수정동,IDENTITY_HIGH,COORD_HIGH,SCORE_AVAILABLE,1.00,45.0,41.7,33.9,22.2,35.7,36.2,34.1,36.5
26200-696,"한울시너스",영도구,남항동1가,IDENTITY_HIGH,COORD_HIGH,SCORE_AVAILABLE,1.00,24.2,67.5,58.9,54.8,51.3,49.6,50.5,50.5
26230-102,"서면시즈빌",부산진구,당감동,IDENTITY_HIGH,COORD_HIGH,SCORE_AVAILABLE,1.00,78.5,65.8,38.9,46.1,57.3,59.3,56.7,58.6
26230-159,"유인인터빌",부산진구,범천동,IDENTITY_HIGH,COORD_HIGH,SCORE_AVAILABLE,1.00,57.5,60.3,31.2,41.6,47.6,48.9,47.2,48.4
26230-1601,"동원퀸스빌",부산진구,범천동,IDENTITY_HIGH,COORD_HIGH,SCORE_AVAILABLE,1.00,36.9,38.8,66.1,42.9,46.2,44.7,45.2,45.7
26230-195,"전포동위너비타",부산진구,전포동,IDENTITY_HIGH,COORD_HIGH,SCORE_AVAILABLE,1.00,48.7,77.4,59.8,41.4,56.8,56.3,54.1,57.2
26260-10,"삼부",동래구,수안동,IDENTITY_HIGH,COORD_HIGH,SCORE_AVAILABLE,1.00,53.3,65.2,78.9,19.5,54.2,53.0,49.0,55.1
26260-103,"청수하이빌",동래구,온천동,IDENTITY_HIGH,COORD_HIGH,SCORE_AVAILABLE,1.00,68.5,71.1,59.1,35.5,58.5,59.0,55.6,59.7
26260-117,"대륙코리아나",동래구,사직동,IDENTITY_HIGH,COORD_HIGH,SCORE_AVAILABLE,1.00,64.9,74.2,77.6,36.6,63.3,62.7,59.4,64.1
26260-1455,"궁전아이브",동래구,온천동,IDENTITY_HIGH,COORD_HIGH,SCORE_AVAILABLE,1.00,73.4,79.7,58.6,49.3,65.3,66.0,63.3,66.2
26260-1491,"대신리치플러스",동래구,낙민동,IDENTITY_HIGH,COORD_HIGH,SCORE_AVAILABLE,1.00,69.2,65.1,84.6,46.5,66.4,65.6,63.5,66.9
26260-1543,"동일센트럴",동래구,낙민동,IDENTITY_HIGH,COORD_HIGH,SCORE_AVAILABLE,1.00,66.9,65.1,83.7,50.2,66.5,65.6,64.1,66.8
26260-161,"골드타워",동래구,안락동,IDENTITY_HIGH,COORD_HIGH,SCORE_AVAILABLE,1.00,74.9,56.6,59.3,35.3,56.5,57.3,54.3,57.7
26260-1718,"대화빌",동래구,온천동,IDENTITY_HIGH,COORD_HIGH,SCORE_AVAILABLE,1.00,68.1,70.8,57.4,46.4,60.7,61.2,58.9,61.5
26260-1907,"온천동산들파르테",동래구,온천동,IDENTITY_HIGH,COORD_HIGH,SCORE_AVAILABLE,1.00,56.3,80.4,17.8,50.1,51.1,53.1,51.2,51.9
26260-1989,"동래센트럴파크",동래구,온천동,IDENTITY_HIGH,COORD_HIGH,SCORE_AVAILABLE,1.00,69.9,70.8,57.7,53.9,63.1,63.7,62.0,63.7
26260-2122,"용진스타티스7차",동래구,온천동,IDENTITY_HIGH,COORD_HIGH,SCORE_AVAILABLE,1.00,62.8,83.0,19.0,61.6,56.6,58.8,57.6,57.3
26260-261,"협성스카이라인80",동래구,온천동,IDENTITY_HIGH,COORD_HIGH,SCORE_AVAILABLE,1.00,70.1,82.9,25.1,62.4,60.1,62.4,60.9,60.9
26260-310,"청호파크빌라",동래구,사직동,IDENTITY_HIGH,COORD_HIGH,SCORE_AVAILABLE,1.00,82.5,70.3,67.6,26.0,61.6,62.3,57.3,63.3
26260-3648,"래미안포레스티지1단지(장전동)",금정구,장전동,IDENTITY_HIGH,COORD_HIGH,SCORE_AVAILABLE,1.00,42.4,65.4,61.0,71.6,60.1,59.2,61.0,59.3
26260-56,"동부현대",동래구,온천동,IDENTITY_HIGH,COORD_HIGH,SCORE_AVAILABLE,1.00,36.7,41.1,67.8,47.1,48.2,46.6,47.4,47.6
26290-100,"금보",남구,대연동,IDENTITY_HIGH,COORD_HIGH,SCORE_AVAILABLE,1.00,72.3,80.1,38.2,23.4,53.5,55.2,49.9,55.4
26290-101,"대승타워",남구,대연동,IDENTITY_HIGH,COORD_HIGH,SCORE_AVAILABLE,1.00,87.0,80.1,34.3,43.8,61.3,63.9,60.0,63.1
26290-2147,"대동레미안",남구,대연동,IDENTITY_HIGH,COORD_HIGH,SCORE_AVAILABLE,1.00,46.6,37.3,53.8,44.6,45.6,45.2,45.5,45.5
26290-249,"대암",남구,문현동,IDENTITY_HIGH,COORD_HIGH,SCORE_AVAILABLE,1.00,83.8,68.6,47.1,21.3,55.2,57.1,51.6,57.3
26320-111,"동원맨션",북구,만덕동,IDENTITY_HIGH,COORD_HIGH,SCORE_AVAILABLE,1.00,64.3,63.7,78.5,42.8,62.3,61.6,59.5,62.8
26350-117,"대창",해운대구,좌동,IDENTITY_HIGH,COORD_HIGH,SCORE_AVAILABLE,1.00,51.1,58.4,61.8,37.3,52.2,51.6,49.9,52.5
26380-125,"옥돌",사하구,당리동,IDENTITY_HIGH,COORD_HIGH,SCORE_AVAILABLE,1.00,81.3,71.5,67.7,35.5,64.0,64.7,60.6,65.4
26380-131,"강변타워",사하구,하단동,IDENTITY_HIGH,COORD_HIGH,SCORE_AVAILABLE,1.00,39.2,44.8,43.3,36.2,40.9,40.7,40.1,41.0
26380-139,"대영파크맨션",사하구,하단동,IDENTITY_HIGH,COORD_HIGH,SCORE_AVAILABLE,1.00,37.1,70.7,51.6,25.1,46.1,45.4,42.5,46.7
26380-177,"하단한신원룸",사하구,하단동,IDENTITY_HIGH,COORD_HIGH,SCORE_AVAILABLE,1.00,55.3,68.8,33.4,40.2,49.4,50.5,48.3,50.2
26380-211,"극동정림",사하구,장림동,IDENTITY_HIGH,COORD_HIGH,SCORE_AVAILABLE,1.00,71.2,43.8,54.0,54.6,55.9,56.7,56.5,56.3
26410-121,"남산삼전빌라",금정구,남산동,IDENTITY_HIGH,COORD_HIGH,SCORE_AVAILABLE,1.00,66.3,64.9,51.4,26.8,52.3,53.1,49.2,53.6
26410-152,"고려",금정구,구서동,IDENTITY_HIGH,COORD_HIGH,SCORE_AVAILABLE,1.00,74.3,59.5,53.6,23.2,52.6,53.7,49.3,54.2
26410-2231,"세왕자이연",금정구,청룡동,IDENTITY_HIGH,COORD_HIGH,SCORE_AVAILABLE,1.00,88.3,51.7,76.8,55.2,68.0,68.6,67.1,68.7
26410-2267,"온천장역삼정그린코아",금정구,장전동,IDENTITY_HIGH,COORD_HIGH,SCORE_AVAILABLE,1.00,67.6,81.5,39.9,67.1,64.0,65.4,64.7,64.5
26290-139,"썬그린빌리지",남구,대연동,IDENTITY_HIGH,COORD_LOW,NOT_ENOUGH_DATA,0.25,,,,33.9,,,,