aptSeq,name,sggCd,umdName,prodTotal,shadowTotal,prodTransport,shadowTransport
26440-114,"외진가센트럴타워",26440,대저1동,55,55,73.49,74.68
26140-1353,"비스타동원더비치테라스",26140,암남동,55,57,42.11,43.13
26260-151,"에스케이쁘띠메종",26260,안락동,46,45,34.95,33.45
26140-15,"문화",26140,동대신동3가,55,55,68.90,56.46
26350-2582,"협성루에나센텀",26350,재송동,75,,81.13,
26140-1202,"일광",26140,아미동2가,60,,73.33,
26140-63,"문화",26140,토성동2가,62,63,65.68,66.73
26350-283,"스카이맨션",26350,중동,43,39,53.81,49.05
26350-271,"에이스빌라",26350,중동,31,28,30.53,27.66
26140-913,"보람",26140,서대신동2가,43,44,35.10,35.73
26350-225,"태석101동",26350,우동,53,,46.41,
26260-1821,"명륜아이파크2단지",26260,복천동,59,59,58.81,58.81
26140-1290,"대신푸르지오2차",26140,서대신동2가,41,42,37.03,38.63
26140-1356,"대신해모로센트럴아파트",26140,서대신동2가,47,48,62.28,63.16
26350-2093,"더샵센텀파크1차",26350,재송동,62,62,75.67,75.79
26350-2374,"에이스스카이뷰",26350,송정동,65,66,62.92,64.73
26140-11,"구덕금호",26140,동대신동3가,54,,54.63,
26140-917,"해오름",26140,토성동5가,54,55,69.84,71.24
26350-134,"SKVIEW",26350,좌동,35,35,29.69,30.53
26350-32,"명유그린",26350,재송동,47,47,35.93,35.19
26350-106,"건영1",26350,좌동,47,47,37.84,38.49
26140-128,"충무제1",26140,충무동2가,35,37,39.68,42.18
26140-77,"문화",26140,남부민동,44,45,48.70,51.41
26350-249,"대림맨션",26350,중동,51,49,64.93,60.09
26140-1361,"e편한세상송도더퍼스트비치",26140,암남동,60,61,52.60,52.58
26350-2285,"해운대힐스테이트위브",26350,중동,51,49,27.45,24.56
26350-3370,"드파인센텀",26350,반여동,67,65,70.89,68.20
26350-258,"석공힐타운",26350,중동,29,26,28.13,25.48
26350-109,"경남선경",26350,좌동,36,37,19.70,20.46
26230-136,"엘지신개금(2-2)",26230,개금동,57,58,49.97,50.00
26470-1160,"해운그린빌",26470,연산동,53,53,46.20,47.06
26110-881,"코모도에스테이트",26110,대청동1가,63,64,67.52,69.17
26230-2382,"포세이돈",26230,양정동,56,56,50.56,52.09
26110-46,"동아(160-0)",26110,영주동,43,43,37.42,34.70
26230-2598,"포레나부산초읍",26230,초읍동,55,54,45.37,45.50
26230-4540,"양정자이더샵SKVIEW아파트(2단지)",26230,양정동,45,45,34.34,34.51
26230-135,"엘지신개금(2-1)",26230,개금동,65,65,57.02,55.71
26290-2614,"문현동월가아파트",26290,문현동,56,56,50.35,49.62
26230-65,"현대1차",26230,양정동,28,28,19.90,19.89
26230-71,"메리움",26230,부암동,61,,71.74,
26230-2507,"서면라이포레",26230,범천동,67,67,75.78,75.60
26230-240,"서면롯데캐슬스카이",26230,전포동,52,52,65.79,68.73
26230-4542,"래미안어반파크1단지",26230,연지동,55,57,21.36,25.63
26230-2441,"메리온시티",26230,양정동,45,45,49.53,49.87
26230-141,"개금주공2",26230,개금동,31,31,23.11,23.36
26230-96,"백양뜨란채,주공아파트(1단지)",26230,당감동,39,40,36.41,37.64
26230-2559,"서면2차봄여름가을겨울",26230,당감동,66,66,77.52,77.51
26230-2866,"양정포레힐즈스위첸1단지",26230,양정동,50,50,31.23,30.77
26230-108,"벽산1",26230,가야동,34,34,10.37,10.27
26230-66,"현대2차",26230,양정동,40,40,36.61,36.37
26230-2464,"서면DS·협성엘리시안아파트",26230,범천동,37,37,21.25,21.57
26230-1857,"연지자이2차",26230,연지동,42,45,22.83,27.54
26230-95,"개금주공3단지",26230,당감동,46,47,40.09,42.19
26230-1790,"마제스타워서면",26230,부암동,47,48,45.01,45.43
26290-261,"동림리라",26290,우암동,49,49,69.78,69.78
26260-2109,"온천천경동리인타워",26260,낙민동,43,43,43.67,45.72
26470-1331,"해운파크빌",26470,연산동,60,60,55.47,56.26
26230-2437,"영림로즈빌",26230,가야동,57,57,66.61,67.00
26230-2854,"서면비스타동원",26230,당감동,49,50,42.28,44.48
26230-118,"이화",26230,가야동,32,32,36.52,36.38
26230-127,"개금우드빌",26230,개금동,21,21,18.14,18.03
26230-23,"화신거화2",26230,전포동,25,25,23.96,23.43
26230-34,"청구",26230,연지동,34,36,22.58,27.22
26230-2582,"가야동그린시티",26230,가야동,60,59,75.23,74.76
26230-2541,"더샵골드6",26230,전포동,51,51,41.26,42.86
26230-354,"두산위브센티움",26230,범천동,59,59,46.79,46.85
26230-1802,"서면세종그랑시아",26230,전포동,59,60,56.39,58.16
26230-131,"성도",26230,개금동,28,28,23.75,24.29
26230-2456,"서면TK골드뷰",26230,부전동,38,36,24.46,23.51
26230-355,"대동레미안",26230,범천동,55,56,62.61,62.80
26230-1727,"에스엔디파인빌",26230,부전동,52,50,48.45,48.05
26230-144,"한진",26230,개금동,33,32,27.35,27.41
26230-104,"가야삼정그린코아",26230,가야동,35,34,26.74,26.01
26230-1906,"삼정그린코아",26230,초읍동,54,,46.34,
26230-2048,"서면블리체",26230,부전동,49,47,29.40,26.43
26230-1452,"다산몽레브",26230,가야동,54,53,46.95,46.93
26230-2600,"연지보해이브더파크",26230,연지동,61,64,56.84,65.51
26230-1943,"더블루오피스텔",26230,전포동,57,,53.51,
26230-2472,"범내골역이즈팰리스",26230,범천동,66,66,74.26,74.45
26230-2386,"메리온시티",26230,전포동,66,,76.50,
26230-2444,"가야누리애",26230,범천동,57,57,47.37,47.81
26230-93,"삼익아파트",26230,당감동,52,52,50.00,52.18
26230-2063,"서면앙쥬빌주상복합",26230,전포동,58,59,61.28,64.17
26500-100,"복음",26500,망미동,42,42,40.17,40.17
26230-37,"연지2청구",26230,연지동,40,42,28.33,33.64
26230-1882,"부산서면동문굿모닝힐",26230,부암동,69,70,76.20,76.17
26230-2484,"서면동일파크스위트3차",26230,부암동,59,59,46.41,46.30
26230-84,"협성피닉스타운",26230,부암동,31,31,24.18,24.73
26230-146,"개금아이파크",26230,개금동,53,53,47.87,46.99
26230-2575,"범일역이즈",26230,범천동,56,56,75.00,75.18
26230-2646,"e편한세상서면더센트럴",26230,범천동,38,38,25.84,25.62
26230-1,"네오스포",26230,부전동,31,,25.14,
26230-54,"한신",26230,초읍동,43,42,49.81,48.80
26230-2120,"강진융프라우",26230,범천동,63,64,72.96,73.30
26350-35,"센텀삼익아파트",26350,재송동,63,63,67.60,67.65
26230-254,"한신센타뷰",26230,가야동,53,52,56.88,55.22
26230-357,"경동",26230,연지동,41,42,28.47,32.30
26230-2325,"수목하우스",26230,양정동,61,60,81.31,81.58
26230-2395,"동양팰리스",26230,전포동,54,54,44.02,45.64
26230-1703,"서면이-편한세상",26230,범천동,63,63,65.34,66.03
26230-2428,"개금역스마트더블유",26230,개금동,65,64,70.85,69.03
26230-2603,"협성휴포레시티즌파크",26230,부암동,54,55,36.98,37.87
26230-2523,"개금역금강펜테리움더스퀘어아파트",26230,개금동,77,76,80.18,79.73
26230-2641,"시민공원일동미라주시티",26230,부암동,60,61,61.71,62.41
26230-133,"시영(1~5동)",26230,개금동,46,46,52.32,51.74
26230-179,"경원프라우드-2",26230,전포동,55,57,68.56,72.20
26230-243,"서면베르빌2",26230,범천동,50,50,63.77,64.34
26230-2856,"롯데캐슬라센트",26230,부암동,41,41,25.13,25.45
26500-1368,"카라디움",26500,민락동,62,62,83.04,82.55
26230-36,"화인",26230,연지동,39,40,38.41,42.63
26230-85,"화승",26230,부암동,52,53,35.44,35.89
26230-1861,"더샵센트럴스타",26230,부전동,45,43,42.91,42.28
26230-2070,"백양산삼정그린코아",26230,부암동,27,28,18.62,18.79
26230-2599,"서면3차봄여름가을겨울",26230,범천동,51,51,50.64,50.79
26230-55,"한일맨션",26230,초읍동,53,52,48.84,48.20
26230-1706,"현호네오빌",26230,부전동,44,42,46.64,45.25
26230-212,"한웅인터빌",26230,전포동,51,52,43.43,45.79
26230-2645,"서면스위트엠골드에비뉴",26230,범천동,57,57,57.18,57.27
26230-1709,"일동미라주",26230,부암동,50,51,58.18,59.13
26230-87,"국제프라자",26230,당감동,42,42,43.11,44.17
26230-58,"백조",26230,양정동,51,51,70.47,71.23
26230-86,"국제백양",26230,당감동,42,42,34.36,35.17
26230-31,"세동한신",26230,연지동,44,46,30.81,35.00
26230-1636,"타워베르빌",26230,부암동,63,64,71.38,71.61
26230-145,"현대",26230,개금동,31,31,26.69,26.40
26230-128,"동원화인패밀리",26230,개금동,43,43,23.17,22.57
26230-89,"동원타워",26230,당감동,50,50,37.71,38.54
26230-2574,"개금동포르투나",26230,개금동,77,76,81.94,81.39
26230-106,"동원",26230,가야동,48,48,32.96,32.94
26230-124,"화신",26230,가야동,55,54,44.52,44.66
26230-11,"서면한신",26230,전포동,53,54,49.90,51.88
26230-2434,"양정클래스원",26230,양정동,55,54,67.79,68.57
26230-239,"쌍용스윗닷홈",26230,부암동,39,39,22.17,22.03
26230-363,"글로벌타워",26230,개금동,76,75,88.91,88.24
26230-2845,"서면롯데캐슬엘루체",26230,부전동,63,62,38.35,37.65
26500-1809,"성우센텀스카이뷰비",26500,광안동,40,41,33.36,33.96
26230-221,"블루스카이빌(159-3)",26230,초읍동,61,60,53.28,53.60
26230-2596,"연지에코팰리스",26230,연지동,53,53,76.21,78.05
26230-2291,"산들파르테",26230,양정동,50,51,44.85,45.76
26230-109,"벽산2",26230,가야동,45,45,25.55,25.37
26230-2459,"서면동일파크스위트2차",26230,부암동,51,52,31.43,32.47
26230-1673,"백양산월드메르디앙",26230,부암동,38,38,31.97,32.83
26230-2850,"e편한세상시민공원1단지",26230,전포동,48,49,36.24,37.57
26230-2555,"리츠캐슬",26230,범천동,64,64,53.94,54.31
26230-26,"로얄",26230,연지동,60,63,62.70,70.60
26230-352,"한솔폴라리스",26230,부전동,63,63,51.48,53.57
26230-99,"태화현대1",26230,당감동,48,49,68.00,69.17
26230-97,"백양푸른채",26230,당감동,32,33,36.31,37.19
26230-40,"초읍그린",26230,초읍동,54,53,53.09,53.30
26230-1733,"쌍용스윗닷홈스카이",26230,부암동,61,61,70.95,70.43
26230-2308,"KH마이우스",26230,전포동,65,,70.74,
26230-245,"서면노르웨이아침",26230,전포동,47,48,43.87,46.57
26230-2368,"홍림로얄뷰",26230,당감동,59,59,74.31,74.38
26230-230,"부암동리젠트힐",26230,부암동,64,64,77.83,76.09
26230-2305,"다온미즈",26230,개금동,53,53,54.09,54.43
26230-1751,"연지자이",26230,연지동,51,52,27.98,32.62
26350-2,"경동",26350,우동,50,,45.31,
26230-246,"대우디오빌1",26230,범천동,63,62,79.99,80.10
26230-33,"일동대영",26230,연지동,56,,66.09,
26230-14,"예일프라자",26230,전포동,57,,56.65,
26230-1995,"가야삼한사랑채",26230,가야동,47,46,61.58,60.62
26230-107,"마마",26230,가야동,45,,48.05,
26530-1012,"사상센텀아파트",26530,괘법동,54,54,47.20,47.08
26530-1021,"대상로웰아파트",26530,모라동,67,67,75.76,75.60
26230-2565,"에스제이파베르",26230,범천동,61,61,60.29,60.79
26230-1976,"범일역풍림아이원",26230,범천동,50,50,42.97,43.21
26230-42,"대진파레스필즈",26230,초읍동,31,30,48.26,47.30
26230-2378,"타워팰리스",26230,양정동,49,,58.91,
26230-75,"삼부본동",26230,부암동,48,49,66.50,66.65
26230-2461,"대동레미안더오션",26230,부전동,47,44,40.98,38.55
26230-1999,"동아블루시아",26230,초읍동,60,59,46.72,46.10
26230-91,"백산",26230,당감동,39,39,23.53,25.17
26230-1998,"서면센트리움",26230,부암동,56,56,72.25,72.08
26230-134,"신양맨션",26230,개금동,43,,54.25,
26230-1669,"롯데갤러리움",26230,양정동,55,56,48.39,49.54
26230-170,"동연아미가",26230,전포동,59,59,64.48,66.53
26230-1872,"다솜빌",26230,부전동,54,,50.99,
26230-81,"일성인포",26230,부암동,62,62,71.21,70.81
26230-67,"송백그린",26230,양정동,54,55,58.44,59.70
26230-1634,"신화골든뷰",26230,전포동,51,52,43.27,44.51
26230-178,"동조리젠시",26230,범천동,35,35,27.76,27.90
26230-2328,"한진스카이뷰",26230,양정동,49,49,49.07,50.88
26230-2316,"골든엠파이어",26230,당감동,62,62,83.07,83.40
26230-242,"대원플러스빌",26230,양정동,54,53,73.78,73.38
26230-2527,"세원秀아파트",26230,초읍동,57,56,50.00,50.00
26230-101,"금호그랜드타운",26230,당감동,48,,67.78,
26230-39,"덕인디오네빌",26230,연지동,55,56,69.57,71.91
26230-30,"삼익아파트",26230,연지동,43,45,42.22,46.60
26350-133,"해운대 센트럴파크",26350,좌동,46,46,52.07,52.60
26230-1641,"삼익(10,11동)",26230,당감동,48,49,50.99,52.80
26230-2560,"서면루미랑스",26230,부암동,67,67,75.15,75.46
26530-1046,"천아하늘정원",26530,괘법동,61,60,44.46,42.77
26230-2593,"가야누리애더센트리즈",26230,범천동,63,63,60.80,61.00
26230-2624,"서면지원더뷰파크",26230,부암동,56,56,67.11,66.13
26230-2387,"성원더프라임아파트",26230,부전동,57,55,54.49,53.08
26230-264,"삼성비치타운",26230,부전동,63,64,73.85,75.08
26230-217,"탑패밀리",26230,범천동,67,67,82.37,82.26
26230-2853,"서면동원시티비스타",26230,부전동,62,61,75.53,75.00
26230-2567,"전포유림노르웨이숲",26230,전포동,52,52,38.55,39.68
26230-63,"양정삼성타워",26230,양정동,45,,60.37,
26230-1592,"개금우드빌(1-9)",26230,개금동,35,35,27.71,28.12
26230-78,"성암",26230,부암동,50,50,64.35,63.29
26230-226,"화지빌라트",26230,초읍동,42,41,46.53,46.10
26230-92,"삼성",26230,당감동,50,51,43.11,43.94
26230-2583,"대능더에스티지",26230,양정동,51,51,43.02,43.89
26230-2447,"목연정M팰리스",26230,전포동,71,,72.96,
26230-1672,"유림노르웨이숲",26230,연지동,37,39,24.55,29.76
26230-1974,"서면엘리시움",26230,전포동,60,61,52.34,54.60
26230-2171,"폴더윈하이츠",26230,범천동,32,,24.36,
26230-122,"한일하나로",26230,가야동,55,55,37.22,37.77
26230-70,"럭키무지개타운",26230,부암동,51,,58.05,
26230-1610,"그린파크",26230,초읍동,38,,45.18,
26230-2430,"토운모닝톤",26230,범천동,63,,68.88,
26230-2269,"지오베스트빌",26230,양정동,53,,71.76,
26230-2011,"세영",26230,부전동,63,,55.22,
26230-9,"대산",26230,전포동,25,,22.54,
26230-2204,"파인트리",26230,당감동,59,,35.57,
26230-379,"삼경",26230,개금동,64,,71.09,
26350-2216,"센텀협성르네상스타운",26350,재송동,62,61,68.50,68.68
26230-1690,"한일유앤아이(890-1)",26230,전포동,54,55,56.51,58.96
26230-207,"서면베스트빌",26230,전포동,52,53,51.37,53.72
26230-22,"화신거화",26230,전포동,32,32,29.62,29.68
26230-2250,"수정캐슬",26230,양정동,54,54,50.80,50.47
26200-20,"샛별나동",26200,신선동2가,36,,48.91,
26230-167,"새롬하이빌2차",26230,범천동,34,34,30.95,30.80
26230-2385,"서면팰리스",26230,전포동,50,51,43.57,46.02
26230-2270,"유성해네스타워",26230,전포동,61,62,61.39,63.09
26230-2549,"개금동아이리스5차애비뉴",26230,개금동,65,64,69.42,67.50
26230-389,"대훈아트빌",26230,개금동,46,47,47.99,48.70
26230-2440,"더샵골드5",26230,양정동,55,55,46.76,47.28
26230-1591,"시영(12~17동)",26230,개금동,51,51,53.21,53.47
26230-2546,"우일아내트",26230,범천동,53,53,48.86,49.34
26230-154,"세인한아름",26230,범천동,24,24,14.82,14.85
26230-28,"봉황",26230,연지동,46,48,33.87,38.97
26230-205,"동광하이빌(106)",26230,전포동,36,36,42.45,43.91
26230-375,"골든",26230,범천동,54,54,54.35,54.75
26230-2343,"평광우리가",26230,범천동,44,44,46.55,46.52
26230-126,"대동",26230,개금동,35,35,9.43,10.07
26230-2111,"양정이즈팰리스",26230,양정동,63,63,64.44,65.94
26230-3,"전자종합상가",26230,부전동,44,,71.60,
26230-15,"우영",26230,전포동,47,47,68.53,67.14
26230-213,"청아",26230,전포동,60,61,78.60,79.85
26230-208,"아세만화니트",26230,양정동,43,43,41.47,41.46
26230-152,"서면항도타워맨션",26230,범천동,39,39,33.34,33.01
26230-56,"한일하나로",26230,초읍동,54,,57.04,
26230-369,"금오아트빌",26230,전포동,52,,58.75,
26230-353,"유원타워",26230,부전동,50,,55.43,
26230-2436,"범천동이즈팰리스",26230,범천동,59,60,70.80,71.15
26230-88,"동원",26230,당감동,42,43,23.53,25.17
26230-2532,"허브팰리스",26230,범천동,56,56,44.91,45.22
26230-25,"한성시티빌",26230,전포동,52,52,58.13,60.34
26230-247,"해오름2차",26230,부전동,43,42,52.14,52.02
26230-189,"태석해오름A",26230,부전동,41,39,51.76,52.37
26230-2485,"수목하우스",26230,양정동,57,54,50.31,50.05
26230-82,"한림",26230,부암동,32,32,20.32,20.41
26230-2393,"연지동삼정그린코아",26230,연지동,61,,56.48,
26230-125,"고원",26230,개금동,28,,17.91,
26230-2544,"더블루",26230,개금동,58,58,58.64,59.15
26230-192,"보영미네르빌",26230,부전동,56,55,56.13,56.23
26230-120,"진성",26230,가야동,44,44,35.86,35.55
26230-182,"동아",26230,가야동,54,54,65.13,64.58
26230-225,"블루스카이빌(3차)",26230,초읍동,53,,51.74,
26230-233,"솔내음파미유",26230,부암동,26,,20.01,
26230-2398,"린다비스타",26230,범천동,44,45,45.69,45.80
26230-2469,"스타파크",26230,범천동,54,54,56.67,57.29
26230-2370,"전포센티움",26230,전포동,64,65,69.16,71.40
26230-2519,"가야센트리움",26230,가야동,67,,61.35,
26230-1980,"대성문퀸즈더블유",26230,양정동,46,46,43.49,43.91
26230-168,"동양크리스탈",26230,범천동,47,47,62.05,62.25
26230-105,"국민",26230,가야동,63,63,69.66,68.77
26230-143,"태림",26230,개금동,32,,29.09,
26230-123,"해운",26230,가야동,30,,33.79,
26230-2355,"리첸타워",26230,초읍동,45,44,52.31,50.90
26230-60,"산호맨션",26230,양정동,50,50,43.49,43.92
26230-201,"전원타워빌",26230,양정동,53,53,48.29,48.05
26230-2822,"래미안어반파크아파트",26230,연지동,55,50,28.33,33.64
26350-123,"롯데3차",26350,좌동,59,59,54.98,55.57
26230-238,"성원쌍떼뷰",26230,개금동,62,,68.17,
26230-1643,"범전시영2동",26230,범전동,55,,72.50,
26230-1796,"대원빌라2차",26230,부전동,55,53,54.75,53.81
26230-129,"반도보라맨션",26230,개금동,41,41,28.20,27.41
26230-2611,"(292-28)",26230,초읍동,48,48,60.51,61.40
26230-2233,"몽뜨레",26230,전포동,59,59,65.52,66.23
26230-260,"건오힐타워",26230,당감동,66,66,93.11,92.78
26230-2517,"연지센트럴파크",26230,연지동,49,50,65.77,71.04
26230-64,"초원",26230,양정동,38,,46.57,
26230-386,"남경(177-210)",26230,개금동,66,68,70.91,69.48
26230-2621,"그린센트",26230,부암동,56,57,65.48,65.48
26230-235,"동남주상복합",26230,당감동,50,52,31.56,33.82
26230-190,"서면그린빌",26230,범천동,57,57,81.87,82.16
26230-2450,"태영아너스",26230,개금동,62,62,66.56,65.72
26230-209,"덕포그랜드힐",26230,양정동,54,54,54.86,55.24
26230-2067,"시티파크",26230,개금동,63,62,68.97,67.66
26230-1890,"홍림로즈빌",26230,당감동,52,53,61.17,63.88
26230-259,"청보",26230,양정동,48,48,60.20,61.54
26230-227,"협성베스트하우스",26230,초읍동,43,,49.13,
26230-2138,"홍림세르빌",26230,당감동,57,,63.27,
26230-153,"성림타워",26230,범천동,34,34,31.19,31.10
26230-44,"선경",26230,초읍동,53,53,44.21,44.60
26230-2,"부영",26230,부전동,34,,34.97,
26230-2529,"스윗팰리스",26230,전포동,64,,70.38,
26230-214,"코이노빌",26230,부전동,45,,63.56,
26230-262,"새한아트빌",26230,전포동,53,54,69.29,72.09
26230-2849,"시청역중앙하이츠",26230,양정동,60,,46.64,
26230-186,"골드스카이80",26230,당감동,57,,72.73,
26350-129,"상록",26350,좌동,58,58,65.11,66.08
26230-16,"일산(317-40)",26230,전포동,28,28,29.60,29.13
26230-183,"금오파크뷰",26230,연지동,49,,74.21,
26230-2647,"노블파크",26230,양정동,53,,53.70,
26230-48,"아남하이츠",26230,초읍동,53,,52.51,
26230-2859,"허브팰리스더파크",26230,부암동,69,,67.85,
26230-268,"모닝빌라트",26230,개금동,54,54,58.84,59.72
26350-110,"대동타운",26350,좌동,45,,44.52,
26230-2487,"연지동백리명가에덴",26230,연지동,52,,77.11,
26260-23,"조성하이츠",26260,수안동,40,39,22.62,21.74
26350-2580,"센텀KCC스위첸",26350,반여동,65,63,76.68,75.00
26350-2347,"동화마을5",26350,반송동,70,69,78.13,79.56
26350-48,"장산동국",26350,재송동,25,,18.02,
26350-172,"현대일성2",26350,반여동,35,30,26.86,24.19
26350-126,"벽산2",26350,좌동,50,51,43.46,44.61
26350-127,"삼성",26350,좌동,41,42,49.74,51.98
26350-136,"한라",26350,좌동,60,60,55.01,56.94
26350-2398,"해운대경동리인뷰1차",26350,중동,62,60,52.34,49.19
26350-301,"센텀롯데캐슬2차",26350,반여동,56,54,35.96,33.91
26350-2328,"달맞이유림노르웨이숲",26350,중동,53,50,47.56,42.35
26350-210,"일동미라주",26350,반여동,46,44,46.07,45.36
26350-2271,"센텀두산위브",26350,우동,46,44,42.04,37.15
26350-184,"삼한그린타운1",26350,반송동,53,51,45.36,44.13
26350-2107,"센텀동부센트레빌",26350,재송동,61,61,64.41,64.71
26350-171,"현대그린맨션",26350,반여동,56,52,60.31,56.46
26350-104,"달맞이경동메르빌",26350,중동,50,46,42.97,36.59
26350-121,"두산1차아파트",26350,좌동,24,25,26.39,27.03
26350-114,"대우",26350,좌동,42,43,34.55,35.13
26350-166,"우방신세계타운",26350,반여동,56,53,38.20,36.82
26230-137,"영화",26230,개금동,39,,48.79,
26350-122,"롯데2",26350,좌동,44,45,21.39,22.28
26350-2166,"해운대두산위브더제니스",26350,우동,55,55,21.37,17.83
26230-2483,"초읍포레스타아파트",26230,초읍동,46,,40.45,
26230-223,"일신파크빌",26230,초읍동,53,,42.29,
26230-1933,"양정해광빌리지",26230,양정동,48,,32.36,
26230-258,"양지코쿤",26230,부전동,37,,35.75,
26350-2162,"해운대 I PARK",26350,우동,55,56,26.52,26.85
26260-190,"삼정그린코아",26260,온천동,28,28,9.33,9.60
26350-53,"한영비치",26350,재송동,44,43,32.97,31.82
26350-2119,"해운대중동금호어울림",26350,중동,64,62,75.40,74.29
26350-29,"금호",26350,재송동,51,50,37.81,37.37
26350-112,"대림2",26350,좌동,50,51,38.72,39.81
26350-155,"벽산한솔타운",26350,반여동,56,,49.85,
26350-190,"삼정코아",26350,좌동,75,,86.03,
26350-2091,"센텀롯데캐슬3차아파트",26350,반여동,63,61,58.15,56.57
26350-115,"대우2",26350,좌동,63,63,53.05,54.39
26350-2148,"해운대케이씨씨스위첸",26350,좌동,66,66,68.48,69.95
26350-182,"삼한2",26350,반송동,51,51,56.48,55.77
26350-180,"벽산삼협",26350,반송동,55,53,36.50,35.50
26350-99,"해운대동일",26350,중동,65,64,83.28,81.60
26350-2117,"현대하이페리온",26350,우동,53,51,31.91,25.57
26350-160,"보람",26350,반여동,33,28,35.03,32.61
26350-40,"신동아",26350,재송동,44,43,42.68,42.53
26350-12,"센텀마리나",26350,우동,38,,30.67,
26350-2114,"대우트럼프월드센텀",26350,우동,64,,89.62,
26350-2092,"더샵센텀파크2차",26350,재송동,64,64,84.18,84.89
26350-42,"에이스",26350,재송동,32,31,16.79,15.91
26350-118,"동부",26350,좌동,48,49,66.73,68.27
26350-294,"송정세양시에당",26350,송정동,40,42,44.91,46.99
26350-178,"남흥",26350,반송동,45,,40.57,
26230-57,"초읍우신(269-8)",26230,초읍동,54,63,50.00,50.00
26230-2458,"금광예다움",26230,연지동,62,,63.51,
26230-171,"황금빌리지",26230,초읍동,49,,56.94,
26350-2385,"센텀리슈빌2단지",26350,재송동,54,53,65.44,65.72
26230-2369,"동국에버리치",26230,양정동,55,,53.33,
26500-124,"홍익라이프나동",26500,민락동,53,,56.81,
26260-1956,"명륜2차아이파크1단지",26260,명륜동,48,47,19.89,20.00
26350-130,"신성",26350,좌동,44,44,49.85,51.12
26350-55,"현대(1042-2)",26350,재송동,55,53,41.25,40.01
26350-303,"해운대비치베르빌",26350,중동,62,60,63.53,60.95
26350-132,"영남",26350,좌동,40,40,34.55,34.69
26230-365,"남경하이츠빌라",26230,전포동,46,47,41.89,44.24
26350-2229,"해운대자이1단지",26350,우동,58,59,52.98,52.92
26350-2125,"해운대중동롯데캐슬마스터2",26350,중동,63,62,61.63,60.23
26350-125,"벽산1",26350,좌동,68,68,81.24,82.86
26350-7,"대우마리나3",26350,우동,54,,48.77,
26350-158,"센텀대림",26350,반여동,66,,62.01,
26350-20,"신동아",26350,우동,43,,59.84,
26350-63,"참빛마을2",26350,재송동,57,56,50.03,49.35
26350-116,"대원",26350,좌동,62,63,55.82,57.38
26350-135,"LH뜨란채아파트",26350,좌동,45,45,48.17,49.29
26350-138,"현대",26350,좌동,51,52,45.47,46.59
26350-2138,"센텀파미르",26350,재송동,54,54,49.29,49.22
26350-189,"센텀센시빌",26350,우동,50,49,52.10,47.15
26350-137,"한일",26350,좌동,49,49,56.06,56.88
26350-286,"아크로뷰",26350,중동,68,65,66.09,63.58
26350-25,"현대카멜리아",26350,우동,44,,42.33,
26350-67,"센텀그린타워",26350,재송동,46,,65.45,
26350-124,"롯데4",26350,좌동,48,49,41.75,42.65
26350-16,"센텀삼환Nauville",26350,우동,51,53,69.34,70.52
26350-161,"신동아",26350,반여동,43,,40.43,
26230-1640,"삼익9동",26230,당감동,50,,48.53,
26230-2317,"서면동일파크스위트1차",26230,부암동,60,60,54.41,54.98
26230-203,"동광하이빌(102)",26230,전포동,34,,39.96,
26230-2654,"시민공원삼정그린코아더베스트",26230,부암동,66,67,59.01,59.37
26230-4560,"가야역롯데캐슬스카이엘",26230,가야동,64,63,70.53,70.77
26230-4535,"백양산서희스타힐스",26230,부암동,37,38,25.03,25.36
26230-116,"영진(5-43)",26230,가야동,53,52,70.84,68.62
26230-115,"시영",26230,가야동,41,40,53.31,50.67
26230-4572,"양정자이더샵SKVIEW아파트(1단지)",26230,양정동,45,46,27.36,27.58
26230-2457,"다해미네스트",26230,연지동,51,53,39.64,43.90
26230-1694,"대원칸타빌멤버스",26230,양정동,54,54,48.04,48.43
26230-148,"경남",26230,범천동,48,48,48.48,48.73
26230-2861,"초읍월드메르디앙에듀포레",26230,초읍동,52,51,50.00,50.00
26230-1590,"시영(6~11동)",26230,개금동,47,47,44.39,43.98
26230-1824,"개금롯데캐슬",26230,개금동,55,55,43.64,43.46
26230-2604,"양정이즈카운티",26230,양정동,35,35,30.61,30.14
26230-2121,"서면동일스위트",26230,범천동,54,54,61.69,61.92
26230-19,"전포시영",26230,전포동,23,24,21.52,21.65
26230-1667,"벽산블루밍",26230,당감동,39,40,45.92,47.57
26230-161,"무궁화아파트101동,102동,103동,105동,106동",26230,당감동,47,48,25.42,27.07
26230-180,"삼정코아",26230,전포동,66,67,76.12,77.20
26230-2566,"삼한골든뷰센트럴파크",26230,범전동,67,69,58.04,70.92
26230-191,"세운이노빌",26230,범천동,54,54,63.86,63.77
26230-2629,"서면아이파크1단지",26230,전포동,48,48,37.24,38.57
26230-346,"화성빌라트",26230,양정동,40,,44.95,
26230-2373,"서면봄여름가을겨울",26230,당감동,54,55,54.31,57.83
26230-43,"삼환",26230,초읍동,29,28,41.71,40.10
26230-2290,"서면유림노르웨이숲",26230,범천동,63,63,74.37,74.73
26230-1905,"블루스카이",26230,가야동,34,34,36.21,35.28
26230-50,"창신그린힐",26230,초읍동,42,42,53.66,54.20
26230-117,"유림",26230,가야동,45,44,45.36,44.34
26230-1700,"가야케이티이편한세상",26230,가야동,67,67,61.26,60.97
26230-113,"삼우",26230,가야동,48,48,58.17,57.80
26230-8,"대동파크",26230,전포동,24,24,22.35,21.66
26230-21,"화신",26230,전포동,32,32,25.25,24.63
26230-2628,"개금미네스트",26230,개금동,63,62,64.32,64.18
26350-140,"화목데파트",26350,좌동,68,68,81.65,81.91
26230-35,"한신타워",26230,연지동,44,46,28.33,33.64
26230-2462,"양정역퀸즈팰리스",26230,양정동,54,54,55.49,55.52
26230-98,"태우선파크",26230,당감동,46,47,32.12,33.26
26230-2571,"골든팰리스더리치",26230,범천동,58,58,65.73,66.23
26230-2359,"한울트라움아파트",26230,당감동,51,51,36.22,37.42
26230-132,"성도빌라",26230,개금동,30,30,23.17,22.94
26230-73,"미주",26230,부암동,41,42,33.13,34.27
26230-2630,"서면아이파크2단지",26230,전포동,42,42,35.04,35.71
26230-2399,"세원수아파트",26230,당감동,57,57,74.46,74.77
26230-150,"로얄",26230,범천동,24,24,12.52,12.65
26230-121,"진일",26230,가야동,45,44,43.99,43.59
26230-1642,"개금주공3단지(518-0)",26230,당감동,47,48,40.09,42.19
26230-90,"무궁화(108-116동)",26230,당감동,49,50,23.93,25.72
26230-2407,"스윗팰리스",26230,연지동,45,47,68.06,72.12
26260-2098,"포레나동래",26260,낙민동,59,59,81.39,81.37
26350-2134,"더샵센텀스타",26350,재송동,60,60,75.29,75.67
26350-22,"센텀현대",26350,우동,49,50,56.54,54.27
26350-2257,"해운대래미안",26350,중동,68,66,54.77,51.46
26350-2120,"대우트럼프월드마린",26350,우동,43,44,21.22,23.07
26350-164,"센텀SKVIEW아파트",26350,반여동,67,65,60.54,59.49
26350-5,"대우마리나1",26350,우동,55,,56.49,
26350-159,"센텀자유",26350,반여동,42,39,39.51,38.44
26350-2118,"센텀우신골든빌",26350,재송동,48,48,40.46,40.10
26350-2372,"해운대센텀트루엘1단지",26350,반여동,50,47,46.61,45.79
26350-26,"협성그린파크",26350,우동,20,,10.04,
26350-274,"삼안스튜디오2000",26350,중동,29,26,26.46,23.81
26350-28,"센텀글로리아",26350,재송동,27,26,21.72,20.77
26350-2206,"해운대경동제이드",26350,우동,54,53,51.44,46.88
26350-51,"재송동코오롱",26350,재송동,27,26,17.16,16.05
26350-142,"경동지-플러스",26350,좌동,72,73,79.76,81.11
26350-30,"남성선파크",26350,재송동,41,40,28.63,28.22
26350-162,"센텀SD",26350,반여동,48,,80.84,
26350-47,"센텀골든파크",26350,재송동,27,,11.11,
26350-113,"대림3",26350,좌동,43,44,46.23,48.04
26350-266,"삼안스튜디오2차",26350,중동,26,,30.53,
26350-2377,"럭키골든스위트",26350,중동,65,63,64.78,62.46
26350-2334,"센텀경동리인",26350,우동,50,50,60.70,59.07
26350-24,"현대",26350,우동,43,,51.18,
26350-2335,"해운대경보이리스힐아파트",26350,송정동,30,31,13.99,15.51
26230-2155,"가야동원로얄듀크",26230,가야동,54,54,67.41,67.36
26350-2378,"엘시티",26350,중동,53,50,36.56,30.54
26440-26,"지사금강펜테리움",26440,지사동,37,36,40.83,41.42
26440-22,"엘크루블루오션",26440,명지동,55,55,48.34,48.34
26440-125,"더샵명지퍼스트월드3단지",26440,명지동,47,47,46.05,46.05
26440-82,"명지국제신도시호반베르디움2차",26440,명지동,58,58,53.95,53.95
26440-123,"더샵명지퍼스트월드2단지",26440,명지동,47,47,46.88,46.88
26440-76,"명지협성휴포레",26440,명지동,44,44,45.02,45.02
26440-47,"명지1차 금강펜테리움 센트럴파크",26440,명지동,53,53,50.83,50.83
26440-23,"명지두산위브포세이돈",26440,명지동,56,56,60.38,60.38
26440-56,"명지국제신도시호반베르디움1차",26440,명지동,60,60,54.15,54.15
26440-18,"퀸덤1차링컨타운",26440,명지동,42,42,60.18,60.18
26440-59,"명지2차금강펜테리움센트럴파크",26440,명지동,49,49,47.72,47.72
26440-111,"e편한세상명지",26440,명지동,43,43,45.85,45.85
26440-109,"더힐시그니처",26440,명지동,67,67,56.44,56.44
26440-90,"지사과학삼정그린코아",26440,지사동,33,32,34.27,34.91
26350-3,"공작맨션",26350,우동,49,,64.72,
26230-119,"가야일산주택",26230,가야동,43,43,33.23,33.25
26230-149,"대원아파트",26230,범천동,58,58,60.72,60.76
26230-5,"동원",26230,범전동,26,47,9.02,46.42
26230-4549,"시민공원비스타동원",26230,부암동,45,45,25.13,25.45
26230-2865,"서면서한이다음",26230,범천동,35,35,15.61,16.03
26230-215,"HY원룸",26230,부전동,47,46,53.48,53.59
26230-1632,"금수하이빌",26230,가야동,43,,40.51,
26230-2206,"범내골역한라비발디STUDIO422",26230,범천동,54,54,52.23,52.77
26230-2580,"대동레미안센트럴시티5",26230,범천동,62,,67.28,
26230-100,"태화현대2",26230,당감동,44,46,50.50,53.04
26440-72,"명진파크뷰",26440,지사동,37,36,55.61,55.82
26440-95,"유나베네스2차",26440,녹산동,31,30,33.76,34.35
26440-61,"명지대방노블랜드오션뷰2차",26440,명지동,57,57,48.75,48.75
26440-102,"부산명지중흥S-클래스에듀오션",26440,명지동,64,64,53.53,53.53
26440-108,"스위트팰리스",26440,명지동,42,42,45.85,45.85
26440-45,"에일린의 뜰",26440,명지동,55,55,46.68,46.68
26440-77,"부산명지중흥S-클래스프라디움",26440,명지동,64,64,52.91,52.91
26440-17,"퀸덤1차에디슨타운",26440,명지동,46,46,58.93,58.93
26440-37,"엘크루솔마레",26440,명지동,35,35,37.54,37.54
26440-33,"명지오션시티한신휴플러스",26440,명지동,41,41,37.75,37.75
26440-15,"극동스타클래스",26440,명지동,48,48,44.18,44.18
26440-32,"명지오션시티삼정그린코아",26440,명지동,43,43,53.95,53.95
26440-16,"롯데캐슬",26440,명지동,54,54,56.02,56.02
26440-58,"명지대방노블랜드오션뷰1차",26440,명지동,59,59,43.15,43.15
26440-14,"부산신호윌더하임",26440,신호동,34,33,55.68,56.30
26440-150,"에코델타스마트시티수자인",26440,강동동,41,,44.17,
26440-19,"퀸덤1차아인슈타인타운",26440,명지동,52,52,43.35,43.35
26440-31,"부산신호사랑으로부영2차",26440,신호동,43,43,52.40,53.18
26440-120,"명지화전우방아이유쉘",26440,화전동,39,38,51.50,51.80
26440-94,"유나베네스1차",26440,녹산동,35,34,37.61,38.09
26440-96,"태원더블루원",26440,대저1동,56,,85.19,
26440-316,"강서자이에코델타",26440,강동동,47,,39.41,
26440-147,"에코델타호반써밋스마트시티",26440,강동동,,,,
26440-128,"공항마을리베르하임주상복합",26440,대저2동,48,47,67.81,68.28
26440-27,"부산신호사랑으로부영1차",26440,신호동,37,36,47.77,48.62
26440-112,"우창더뷰",26440,대저1동,50,49,79.21,80.01
26110-9,"새들맨션",26110,대청동4가,51,53,50.00,49.35
26110-42,"흥아거북",26110,영주동,62,62,61.81,61.90
26110-32,"동아(92-0)",26110,영주동,51,51,52.71,52.10
26110-16,"노블레스힐",26110,보수동2가,56,,86.56,
26110-775,"우남이채롬",26110,영주동,61,,52.66,
26110-38,"은하아파트",26110,영주동,37,36,46.13,45.20
26110-11,"시영",26110,보수동1가,41,,53.60,
26110-950,"서린엘마르센트로뷰",26110,중앙동4가,54,,71.72,
26110-840,"예그린",26110,부평동4가,40,,39.71,
26110-15,"흑교",26110,보수동2가,30,,11.47,
26110-4,"대동맨션",26110,동광동5가,42,,53.44,
26110-904,"미소지음주상복합",26110,보수동1가,65,58,56.08,32.34
26110-65,"경우빌라",26110,대청동4가,44,37,48.39,33.85
26110-40,"초원",26110,영주동,46,47,52.86,53.90
26110-939,"선경에이스",26110,보수동3가,45,45,27.05,27.05
26110-901,"부평파크",26110,부평동4가,60,58,72.44,73.13
26110-947,"목연정M팰리스",26110,부평동4가,65,66,37.18,39.65
26110-893,"보수2차봄여름가을겨울",26110,보수동2가,63,63,68.48,67.36
26110-48,"그린빌",26110,보수동1가,55,49,39.20,23.26
26110-33,"동주파크",26110,영주동,34,34,32.68,32.30
26110-888,"미소지움아파트",26110,영주동,73,74,70.63,72.10
26110-51,"대근하버빌타운",26110,부평동4가,43,39,42.74,44.51
26110-943,"보수에코팰리스",26110,보수동3가,47,47,43.25,43.25
26110-781,"대암보수맨션",26110,보수동1가,48,49,64.63,55.84
26110-942,"엘스퀘어",26110,중앙동4가,41,42,53.42,54.14
26110-29,"신생",26110,신창동2가,45,46,52.32,53.51
26110-843,"보수동한웅베어스",26110,보수동2가,57,54,62.73,55.79
26110-905,"부평부백자연애",26110,부평동4가,58,55,67.38,65.03
26110-837,"그린시티",26110,대청동2가,58,59,58.50,61.45
26110-24,"부평",26110,부평동2가,56,57,65.98,69.01
26170-41,"아름빌106동",26170,범일동,39,,36.20,
26110-945,"센텀엘카사",26110,보수동2가,51,,34.22,
26110-27,"향원부평타워",26110,부평동4가,37,,62.99,
26110-780,"동호이루마시티",26110,대청동4가,62,,78.93,
26110-49,"목연정빌라",26110,부평동4가,48,,41.22,
26110-23,"금성",26110,부평동2가,58,,83.75,
26110-770,"청운아파트1동",26110,영주동,39,,38.02,
26110-28,"용두산맨션",26110,신창동1가,46,,46.58,
26110-25,"월드밸리",26110,부평동2가,54,,61.64,
26110-5,"동광",26110,동광동5가,39,,49.42,
26170-827,"범양레우스센트럴베이",26170,초량동,71,72,88.51,89.66
26170-628,"두산위브범일뉴타운",26170,좌천동,47,47,49.71,49.64
26170-12,"한성아트빌",26170,초량동,52,,66.98,
26170-809,"오션브릿지",26170,범일동,53,51,34.84,31.64
26170-860,"두산위브더제니스하버시티",26170,범일동,50,50,31.51,30.09
26170-675,"진흥마제스타워범일",26170,범일동,67,68,85.79,88.01
26170-841,"부산항일동미라주더오션(1지구)",26170,좌천동,54,55,59.78,63.89
26170-825,"e편한세상부산항",26170,초량동,61,63,57.89,59.20
26170-826,"협성휴포레부산진역오션뷰",26170,수정동,61,60,72.32,71.82
26170-813,"좌천서린엘마르더뷰",26170,좌천동,33,33,18.15,17.50
26170-641,"두산위브포세이돈2",26170,범일동,37,,28.52,
26110-30,"금호",26110,영주동,51,50,46.96,44.90
26110-2,"부원",26110,대창동1가,43,44,61.26,63.11
26170-10,"화신1",26170,초량동,32,32,21.52,20.32
26170-38,"한성기린",26170,범일동,59,61,73.89,76.40
26170-802,"센텀동원2차",26170,초량동,62,63,77.12,77.18
26170-815,"지원더뷰오션1차",26170,초량동,46,46,45.24,45.19
26170-807,"린다스마트포레",26170,좌천동,60,60,72.90,72.28
26170-781,"오름CASTLE",26170,수정동,64,62,62.85,62.98
26170-3,"동일파크",26170,초량동,37,38,35.40,35.39
26170-834,"초량베스티움센트럴베이",26170,초량동,54,55,35.78,35.21
26170-53,"배룡그린빌라",26170,초량동,54,,53.93,
26170-26,"아르미나아파트",26170,수정동,34,34,25.21,24.79
26170-31,"동원드림타운",26170,좌천동,55,57,43.93,44.22
26170-625,"청명골드타워",26170,초량동,49,,40.91,
26170-42,"아름빌107동",26170,범일동,39,,34.75,
26170-8,"초량마마맨션",26170,초량동,41,42,26.90,26.11
26170-21,"덕림아파트",26170,수정동,47,47,51.95,53.78
26170-24,"수성아파트(440-0)",26170,수정동,41,41,34.00,34.28
26170-789,"범일역이즈팰리스",26170,범일동,47,46,68.04,65.84
26170-54,"썬플라워빌",26170,초량동,58,,62.65,
26170-618,"좌천시민(741-1)",26170,좌천동,37,37,25.77,23.65
26170-7,"전원파크맨션아파트",26170,초량동,38,,35.59,
26170-77,"좌천시민(737-1)",26170,좌천동,41,42,34.41,34.06
26170-85,"아름빌102동",26170,범일동,38,37,33.63,35.15
26170-9,"초원",26170,초량동,46,47,58.49,55.81
26170-793,"베스안하우스2차",26170,수정동,55,54,48.42,47.37
26170-801,"오션스타",26170,초량동,54,55,46.84,46.83
26170-864,"북항에코하임센트럴뷰",26170,수정동,65,64,60.76,60.52
26170-805,"금초파크",26170,범일동,44,43,40.70,40.36
26170-824,"지원더뷰오션2차",26170,초량동,45,45,38.33,38.03
26170-62,"영림",26170,초량동,38,40,36.81,36.97
26170-629,"예그린",26170,초량동,52,52,39.17,40.03
26170-731,"봄여름가을겨울",26170,범일동,55,54,71.55,69.52
26170-46,"한사랑빌라트",26170,초량동,45,47,36.47,38.79
26170-780,"남평N-CITY",26170,초량동,37,37,33.63,33.82
26170-799,"장원하이드파크",26170,초량동,44,45,40.53,41.38
26170-33,"제일",26170,좌천동,43,45,30.05,28.92
26170-822,"대영아르피나",26170,초량동,68,,54.31,
26170-29,"협성파크",26170,수정동,35,35,33.41,33.55
26170-69,"대근아트빌라(355-1)",26170,수정동,42,41,49.99,49.19
26170-769,"베스안하우스",26170,수정동,64,63,78.58,78.27
26170-836,"부산역삼정그린코아더시티",26170,초량동,62,,50.87,
26170-67,"배룡비치텔",26170,초량동,53,54,40.54,41.73
26170-28,"청광",26170,수정동,47,,48.88,
26170-577,"노블시티",26170,좌천동,54,,34.09,
26170-88,"수정동하이츠빌리지",26170,수정동,56,,65.25,
26170-837,"범일역삼정그린코아더시티",26170,범일동,63,,69.75,
26170-674,"금광팰리스",26170,초량동,51,,32.89,
26170-6,"신우",26170,초량동,46,,61.89,
26170-741,"퍼스트빌",26170,범일동,61,,71.74,
26170-83,"성지하나로",26170,범일동,36,,27.23,
26170-60,"체어빌골드",26170,초량동,34,,27.11,
26170-72,"양지빌라",26170,수정동,52,,42.53,
26170-43,"KCB센트리움",26170,초량동,46,,64.69,
26170-36,"삼익",26170,범일동,49,,72.19,
26170-17,"늘푸른포스트빌",26170,초량동,61,,56.53,
26170-55,"썬리치",26170,초량동,57,,54.77,
26200-768,"영도센트럴에일린의뜰",26200,봉래동4가,54,54,36.06,36.76
26200-597,"한일유앤아이",26200,청학동,53,52,50.00,50.00
26200-41,"미주비치",26200,청학동,54,54,60.26,59.90
26170-633,"수정(1186-1)",26170,수정동,36,35,38.29,38.83
26170-58,"하이츠빌리지-1",26170,초량동,38,39,38.03,37.62
26170-631,"수정(1181-4)",26170,수정동,43,49,51.24,53.01
26170-16,"유승아트(110-41)",26170,초량동,44,49,46.26,48.36
26170-630,"수정(1173-3)",26170,수정동,46,53,48.93,50.19
26170-52,"대근아트빌라(106-11)",26170,초량동,50,55,55.16,56.96
26170-857,"범일퀸즈W에디션",26170,범일동,53,53,42.18,43.72
26170-710,"한울시너스",26170,초량동,61,62,57.85,58.89
26200-96,"진명드림빌",26200,남항동2가,46,47,42.55,43.27
26170-752,"센텀타워",26170,좌천동,63,64,81.98,83.72
26170-808,"범일동서면영동리원",26170,범일동,47,45,39.12,36.37
26200-772,"부산오션시티푸르지오",26200,동삼동,46,47,36.50,36.50
26200-16,"반도보라",26200,영선동4가,60,48,50.00,35.07
26200-49,"한라비치",26200,청학동,52,52,52.97,53.00
26200-601,"신영도롯데낙천대",26200,청학동,56,55,55.40,54.50
26200-126,"원우엔리치빌",26200,청학동,49,49,51.35,50.90
26200-1220,"오션라이프에일린의뜰1단지",26200,동삼동,47,47,47.79,48.09
26200-53,"경전",26200,동삼동,51,51,43.00,43.48
26200-1221,"오션라이프에일린의뜰2단지",26200,동삼동,49,49,46.69,47.23
26200-54,"국제마마뉴비치타운",26200,동삼동,55,55,45.21,45.19
26200-47,"청운",26200,청학동,50,49,51.76,51.35
26200-17,"영도대원",26200,영선동4가,50,42,50.00,41.85
26200-80,"함지그린",26200,동삼동,41,41,44.85,45.06
26200-622,"영도신도브래뉴",26200,청학동,58,58,49.73,49.40
26200-76,"조양비취맨션",26200,동삼동,50,50,44.60,45.19
26200-57,"동산파크타운",26200,동삼동,55,,57.00,
26200-8,"남항화랑맨션",26200,남항동3가,39,39,35.27,35.76
26200-734,"롯데캐슬블루오션",26200,동삼동,63,63,47.91,48.16
26200-112,"동삼그린힐",26200,동삼동,49,49,57.49,57.44
26200-595,"절영아파트(215동-217동)",26200,동삼동,56,56,56.81,56.78
26200-60,"벽산비치",26200,동삼동,65,65,49.39,49.54
26200-698,"영도일동미라주브라이튼(2단지)",26200,동삼동,53,54,48.77,49.28
26200-116,"동부산아이존빌",26200,영선동2가,66,66,47.61,47.92
26200-18,"영선2동4동",26200,영선동4가,52,,50.00,
26200-774,"청학우성스마트시티뷰",26200,청학동,55,55,45.68,45.80
26200-721,"남항부백자연애",26200,남항동1가,42,42,16.70,16.70
26200-26,"미광마린타워",26200,봉래동2가,62,62,72.23,73.03
26200-75,"절영아파트(208동-214동)",26200,동삼동,56,57,58.04,58.03
26200-71,"에덴금호",26200,동삼동,44,44,52.76,52.77
26200-6,"영도화랑",26200,남항동3가,38,38,33.33,33.83
26200-79,"태종파크맨션(227-233)",26200,동삼동,52,52,50.00,50.00
26200-59,"반도보라비치타운",26200,동삼동,40,41,54.42,54.54
26200-39,"대룡파크맨션",26200,청학동,47,47,41.36,40.70
26200-34,"영도유림",26200,봉래동4가,40,41,37.75,38.61
26200-699,"영도일동미라주브라이튼(1단지)",26200,동삼동,54,54,54.73,54.87
26200-5,"남항무궁화맨션",26200,남항동3가,38,38,33.33,33.78
26200-22,"영광그린",26200,신선동2가,38,38,45.52,46.33
26200-25,"대교타운",26200,봉래동1가,60,60,68.16,68.80
26200-24,"영광골든타워",26200,봉래동1가,55,55,85.79,86.47
26200-58,"동삼절영3",26200,동삼동,60,60,57.36,57.70
26200-737,"영도경동리인",26200,동삼동,43,44,38.59,38.74
26200-117,"동삼동한진로즈힐",26200,동삼동,58,58,58.96,58.63
26200-46,"일신마리나",26200,청학동,51,51,58.64,58.10
26200-596,"유림노르웨이숲비치",26200,동삼동,45,45,52.21,52.17
26200-65,"삼창파크타운3차",26200,동삼동,60,60,55.65,55.86
26200-78,"태림",26200,동삼동,56,56,50.00,50.00
26200-707,"오션블루",26200,봉래동2가,69,69,84.55,84.66
26200-101,"동진",26200,봉래동2가,53,53,71.69,72.13
26200-739,"정림위더스하임",26200,남항동1가,51,51,77.96,77.96
26200-760,"힐링파크",26200,영선동2가,57,58,55.36,55.30
26200-750,"대성베른시티1동",26200,동삼동,50,50,49.75,49.93
26200-124,"영선1동",26200,영선동4가,59,,50.00,
26200-73,"유나맨션",26200,동삼동,52,52,44.11,44.14
26200-600,"모닝아일랜드",26200,대교동2가,69,,79.78,
26200-55,"도시",26200,동삼동,45,45,52.21,52.44
26200-67,"삼창파크타운5동6동",26200,동삼동,57,57,56.38,56.65
26200-1,"대동대교맨션",26200,대평동1가,56,57,82.29,83.33
26200-42,"삼창",26200,청학동,39,,40.55,
26200-66,"삼창파크타운1동2동",26200,동삼동,50,50,57.98,58.36
26200-62,"동삼동삼창그린타운(679-1)",26200,동삼동,39,39,41.78,42.16
26200-68,"삼한경희",26200,동삼동,49,49,45.64,45.92
26200-50,"화신",26200,청학동,51,51,43.79,43.70
26200-21,"신선",26200,신선동2가,44,44,51.14,51.75
26200-13,"청솔아트빌라",26200,영선동3가,49,,50.34,
26200-87,"혜광드림팰리스",26200,남항동1가,49,49,54.82,54.82
26200-671,"플러스원",26200,청학동,54,53,41.63,41.30
26200-30,"오양대교맨션",26200,봉래동3가,66,66,95.00,95.00
26200-598,"천지해오름",26200,청학동,45,46,52.97,52.40
26200-675,"뉴스카이",26200,남항동1가,44,44,41.84,41.84
26200-89,"혜광마린팰리스",26200,청학동,44,44,46.90,46.55
26200-753,"더킹페로스아파트",26200,남항동1가,62,62,66.39,66.39
26200-731,"아이블리스",26200,대교동2가,72,72,87.84,87.94
26200-642,"청성",26200,영선동2가,54,55,53.84,53.94
26200-706,"성우펠리체리움",26200,봉래동3가,53,53,38.75,38.75
26200-51,"보성아트빌",26200,청학동,54,53,54.32,54.20
26200-114,"하나빌",26200,대평동1가,57,58,74.10,74.78
26200-680,"대교마루빌",26200,봉래동2가,61,61,76.63,77.28
26200-104,"한진중공업사원",26200,봉래동5가,48,48,42.30,43.09
26200-103,"수근에이스타운",26200,봉래동3가,54,54,38.75,38.75
26200-12,"영선무궁화맨션",26200,영선동3가,39,39,41.48,41.85
26200-81,"형제오션뷰",26200,동삼동,42,,47.91,
26530-59,"럭키주례2",26530,주례동,37,38,37.19,39.93
26200-72,"우일화랑",26200,동삼동,32,33,43.99,44.53
26200-29,"봉래",26200,봉래동3가,38,38,38.75,38.75
26200-125,"영선3동",26200,영선동4가,38,,50.00,
26200-86,"신흥동백1차",26200,동삼동,51,51,57.73,57.57
26200-770,"어반젠트리",26200,대교동1가,71,,86.12,
26200-127,"대동",26200,대평동1가,50,50,78.17,78.90
26200-702,"퀸즈팰리스",26200,청학동,56,,51.89,
26200-69,"신흥동백맨션8",26200,동삼동,60,60,53.07,53.10
26200-751,"한우리6차",26200,대교동1가,65,,76.03,
26200-43,"영광마린타워",26200,청학동,40,40,44.87,44.30
26200-688,"유진캐슬",26200,봉래동4가,36,37,46.99,47.82
26200-745,"에코팰리스",26200,영선동1가,63,,48.35,
26200-63,"삼창파크맨션1동",26200,동삼동,52,52,62.46,62.38
26200-681,"더페로스",26200,영선동3가,52,,42.75,
26200-711,"그린팰리스",26200,대교동2가,71,,76.08,
26200-107,"장원",26200,동삼동,58,,54.23,
26530-983,"레스틴뷰(restynv)",26530,괘법동,56,56,78.42,78.42
26530-16,"덕포청구",26530,덕포동,45,45,36.76,37.83
26530-76,"주례청구",26530,주례동,47,47,26.55,25.99
26530-32,"우성2차",26530,모라동,45,,36.37,
26530-65,"엘지신주례1",26530,주례동,50,50,34.72,33.50
26200-90,"남항동썬플라자",26200,영선동2가,56,56,46.92,47.36
26200-45,"원우",26200,청학동,47,49,50.00,50.00
26200-594,"태림맨션(94-0)",26200,대평동1가,47,54,78.00,78.85
26200-70,"신흥동백2",26200,동삼동,44,51,38.46,38.61
26200-83,"한나라빌6동7동",26200,동삼동,47,43,42.39,42.82
26200-783,"오션라이프에일린의뜰2단지",26200,동삼동,55,47,52.03,52.24
26200-782,"더퍼스트아파트",26200,대교동2가,63,56,43.22,43.40
26200-115,"페로스빌",26200,청학동,40,41,53.51,53.00
26200-106,"청학스카이파크",26200,청학동,52,51,51.35,50.90
26530-819,"덕포동벽산블루밍",26530,덕포동,53,51,51.49,49.31
26530-51,"엄궁2차한신",26530,엄궁동,50,50,52.25,52.25
26530-22,"자유",26530,덕포동,41,40,54.07,51.66
26530-1043,"사상구남역동원로얄듀크",26530,모라동,50,49,47.03,46.82
26530-89,"반도보라타운",26530,학장동,52,52,54.20,54.61
26530-1142,"사상중흥에스-클래스그랜드센트럴",26530,덕포동,65,64,69.52,68.19
26530-60,"반도보라",26530,주례동,51,51,41.37,41.02
26530-1137,"주례롯데캐슬골드스마트",26530,주례동,52,53,44.81,46.07
26530-29,"부원맨션",26530,모라동,40,43,50.00,56.43
26530-26,"모라벽산",26530,모라동,47,47,44.50,43.41
26530-809,"쌍용스윗닷홈",26530,엄궁동,57,57,56.75,56.75
26530-18,"벽산신익타운",26530,덕포동,36,35,33.76,32.83
26530-49,"엄궁대림",26530,엄궁동,49,49,50.00,50.00
26530-35,"주공4",26530,모라동,28,27,22.49,20.84
26530-56,"대성",26530,주례동,51,52,60.04,62.02
26530-903,"덕포경동메르빌",26530,덕포동,39,38,34.41,31.40
26530-62,"본동맨션",26530,주례동,36,37,43.37,42.28
26530-994,"주례경동리인",26530,주례동,52,53,48.34,48.63
26530-75,"주례맨션",26530,주례동,55,56,65.58,68.18
26530-130,"한일유엔아이",26530,주례동,66,67,49.90,51.19
26530-31,"우성",26530,모라동,52,,54.64,
26530-88,"목화",26530,학장동,51,52,47.75,48.09
26530-837,"롯데캐슬",26530,엄궁동,68,68,52.25,52.25
26530-79,"주례한효",26530,주례동,45,,30.30,
26530-83,"구덕극동",26530,학장동,51,52,63.20,63.18
26530-1113,"센트럴스타힐스",26530,괘법동,57,57,39.68,39.29
26530-4,"사상강변동원",26530,괘법동,57,56,46.41,44.72
26530-58,"럭키주례1",26530,주례동,35,,40.35,
26530-94,"신구덕우성",26530,학장동,51,52,42.20,42.54
26530-28,"백양그린",26530,모라동,44,46,27.50,28.26
26530-104,"어진빌라",26530,괘법동,44,43,67.90,66.82
26530-24,"모라동원타운",26530,모라동,45,45,47.57,46.43
26530-926,"학장동삼정그린코아아파트",26530,학장동,53,53,46.70,47.30
26530-66,"엘지신주례2",26530,주례동,59,60,50.38,51.47
26530-74,"주례2차동일",26530,주례동,55,55,40.37,39.96
26530-37,"학산그린타운",26530,모라동,51,51,42.27,41.52
26530-41,"동양한신",26530,삼락동,59,59,51.53,51.81
26530-2,"괘법한신2",26530,괘법동,48,48,35.39,35.67
26530-45,"삼성타워",26530,엄궁동,40,40,40.10,40.10
26530-92,"학장동2차삼성",26530,학장동,61,62,52.70,53.34
26530-803,"모라리버빌",26530,모라동,68,67,79.07,76.59
26530-73,"주례1차동일",26530,주례동,53,53,28.64,27.09
26530-84,"학장극동",26530,학장동,45,45,37.40,37.45
26530-87,"학장동양",26530,학장동,38,,58.10,
26530-86,"구학마을",26530,학장동,41,42,53.60,54.61
26530-91,"1차삼성",26530,학장동,49,50,45.50,45.71
26530-95,"정남파크맨션",26530,학장동,45,45,43.70,44.12
26530-966,"파밀리아괘법3차",26530,괘법동,55,55,52.73,52.04
26530-46,"신엄궁대동",26530,엄궁동,48,48,50.00,50.00
26530-30,"삼정그린코아",26530,모라동,56,56,65.57,67.06
26530-64,"벽산신화",26530,주례동,39,40,51.60,52.77
26530-97,"학장대림",26530,학장동,35,35,41.90,42.22
26530-976,"사상샬레",26530,괘법동,36,36,30.63,30.15
26530-103,"윈저빌타운",26530,괘법동,44,44,51.48,50.60
26530-115,"금오리치",26530,주례동,31,31,24.96,25.01
26530-23,"벽산하나로타운",26530,덕포동,34,,25.04,
26530-1036,"팍스타운",26530,주례동,76,,81.96,
26530-980,"은하하우스",26530,괘법동,27,27,25.51,24.30
26530-1045,"일루스타",26530,괘법동,59,,38.62,
26530-148,"섬진4차",26530,엄궁동,67,67,60.35,60.35
26530-43,"엄궁럭키",26530,엄궁동,39,39,40.10,40.10
26530-53,"코오롱",26530,엄궁동,49,49,53.15,53.15
26530-90,"학장벽산",26530,학장동,53,54,54.50,55.24
26530-20,"오양힐타운",26530,덕포동,34,,35.44,
26530-17,"부원파크타운",26530,덕포동,39,37,47.56,44.99
26530-27,"무학",26530,모라동,48,49,48.75,50.37
26530-1068,"비룡벨로스텔라",26530,덕포동,63,62,76.09,75.48
26530-34,"유진맨션",26530,모라동,41,,44.91,
26530-44,"엄궁로얄화교아파트",26530,엄궁동,46,46,46.85,46.85
26530-1054,"모라동비버힐아파트",26530,모라동,63,,70.89,
26530-40,"화인",26530,모라동,52,,51.08,
26530-6,"한신",26530,괘법동,39,,35.27,
26530-98,"학장무학",26530,학장동,62,62,56.90,57.46
26530-70,"주례제일타워맨션",26530,주례동,38,39,38.99,39.23
26530-119,"무학다솜",26530,엄궁동,39,39,42.80,42.80
26530-71,"조양",26530,주례동,52,53,50.95,53.30
26530-77,"창조센추리",26530,주례동,60,60,77.72,77.96
26530-1025,"올유레스틴뷰",26530,괘법동,45,45,37.96,36.85
26530-8,"위드한빛",26530,괘법동,23,22,25.17,24.20
26530-804,"모라동골든파크",26530,모라동,65,64,74.33,73.57
26530-941,"파밀리아2",26530,괘법동,53,53,42.21,40.46
26530-963,"대성캐슬",26530,괘법동,55,55,80.73,80.97
26530-80,"현대",26530,주례동,56,,64.01,
26530-1083,"파크블루11차",26530,괘법동,59,58,45.04,44.33
26530-63,"송림주택",26530,주례동,50,52,73.57,76.97
26530-50,"엄궁한신1차",26530,엄궁동,45,45,51.80,51.80
26530-1148,"보해썬시티리버파크",26530,괘법동,58,58,31.94,31.75
26530-109,"주은타워빌",26530,괘법동,51,51,58.35,57.45
26530-1095,"모라B",26530,모라동,46,,55.79,
26530-25,"모라A",26530,모라동,43,44,56.65,55.96
26530-38,"한일",26530,모라동,42,44,54.81,57.79
26530-57,"동일",26530,주례동,54,55,58.63,61.35
26530-942,"강일프라임빌",26530,괘법동,52,52,80.51,80.72
26530-981,"사상역이즈팰리스",26530,괘법동,44,44,41.53,40.20
26530-149,"대현빌라",26530,괘법동,37,,54.09,
26530-132,"부창스카이빌",26530,모라동,54,,41.21,
26530-82,"홍익",26530,주례동,45,,37.63,
26530-13,"금잔디",26530,덕포동,59,,56.87,
26530-114,"선도아트빌",26530,주례동,65,,75.32,
26710-640,"일광대성베르힐",26710,일광읍 삼성리,52,50,30.02,31.75
26710-630,"일광자이푸르지오1단지",26710,일광읍 삼성리,57,56,46.07,51.27
26710-608,"정관가화만사성더테라스2차",26710,정관읍 방곡리,62,67,55.94,60.80
26710-484,"정관동일스위트1차",26710,정관읍 용수리,53,53,50.00,50.00
26710-598,"정관가화만사성더테라스1차",26710,정관읍 방곡리,65,69,51.62,55.40
26530-1080,"스카이뷰",26530,감전동,50,50,61.71,62.19
26530-14,"대하덕포(1호동)",26530,덕포동,54,55,53.25,52.16
26530-123,"삼화그린빌",26530,괘법동,55,54,46.49,45.38
26530-1669,"엘메르",26530,감전동,62,55,65.90,65.56
26530-147,"삼광(585-77)",26530,학장동,53,46,51.20,52.06
26530-19,"아카페타운",26530,덕포동,61,62,63.60,63.23
26530-131,"삼광(585-78)",26530,학장동,55,48,54.50,55.56
26530-1040,"괘법동포르투나",26530,괘법동,61,61,55.29,55.02
26530-1081,"사상역포르투나더테라스",26530,괘법동,62,61,54.46,53.75
26710-418,"이진캐스빌블루1차",26710,기장읍 교리,55,59,30.49,34.95
26710-2,"부전타워",26710,기장읍 교리,48,51,54.48,59.11
26710-546,"동부산쏠마레",26710,일광읍 이천리,25,33,18.95,58.57
26710-398,"정관신도시계룡리슈빌",26710,정관읍 용수리,56,56,48.07,48.07
26710-510,"정관동일스위트2차",26710,정관읍 모전리,52,52,38.30,38.30
26710-29,"한신",26710,기장읍 동부리,57,56,50.10,49.81
26710-637,"일광한신더휴센트럴포레1단지",26710,일광읍 삼성리,54,53,34.34,37.15
26710-639,"청강리더스빌",26710,기장읍 청강리,66,66,84.25,80.75
26710-555,"이지더원3차",26710,정관읍 모전리,59,59,51.80,51.80
26710-503,"정관1차동원로얄듀크",26710,정관읍 달산리,57,55,45.14,44.60
26710-635,"일광신도시비스타동원1차",26710,일광읍 삼성리,72,70,63.35,67.47
26710-631,"일광자이푸르지오2단지",26710,일광읍 삼성리,61,59,55.79,61.82
26710-513,"정관2차동원로얄듀크",26710,정관읍 매학리,48,49,20.12,22.60
26710-629,"e편한세상일광",26710,일광읍 삼성리,62,61,47.15,53.23
26710-651,"웨이브리즈",26710,기장읍 청강리,31,31,20.90,18.89
26710-605,"경보그랜드비치",26710,기장읍 대변리,31,32,23.86,26.99
26710-636,"일광한신더휴센트럴포레2단지",26710,일광읍 삼성리,55,54,26.78,28.81
26710-35,"현대",26710,기장읍 청강리,64,64,86.07,84.29
26710-399,"정관신도시롯데캐슬",26710,정관읍 용수리,61,61,56.56,56.56
26710-443,"이지더원",26710,정관읍 모전리,50,50,59.90,59.90
26710-504,"정관롯데캐슬2차",26710,정관읍 모전리,58,58,55.40,55.40
26710-574,"정관양우내안愛",26710,정관읍 용수리,34,34,44.21,44.21
26710-633,"이지더원1차오션포레",26710,일광읍 삼성리,41,40,12.38,15.06
26710-1,"문화그린맨션",26710,기장읍 교리,35,37,27.16,30.63
26710-520,"정관협성르네상스타운",26710,정관읍 용수리,54,54,59.26,59.26
26710-25,"동산그린타워",26710,기장읍 동부리,53,54,68.59,70.64
26710-12,"센트럴파크빌라1차",26710,기장읍 대라리,37,,38.47,
26710-549,"가화만사성정관타운",26710,정관읍 방곡리,30,29,37.58,37.85
26710-642,"일광신도시비스타동원2차",26710,일광읍 이천리,73,62,48.65,66.29
26710-400,"정관신도시한진해모로",26710,정관읍 용수리,62,62,44.99,44.99
26710-421,"서희스타힐스",26710,정관읍 방곡리,46,47,50.54,54.05
26710-6,"태영",26710,기장읍 교리,47,49,27.16,30.09
26710-409,"정관센트럴파크",26710,정관읍 달산리,71,70,57.02,55.40
26710-47,"테마파크빌1차",26710,기장읍 대라리,53,,54.44,
26710-79,"이진캐스빌골드",26710,기장읍 대라리,53,55,34.38,38.61
26710-9,"금강궁전",26710,기장읍 대라리,45,47,46.48,51.59
26710-566,"부산정관지구이지더원5차아파트",26710,정관읍 방곡리,37,38,40.82,41.90
26710-32,"서부주공",26710,기장읍 서부리,48,48,62.16,63.95
26710-437,"가화일광타워",26710,일광읍 이천리,28,37,34.48,64.50
26710-595,"정관이진캐스빌2차",26710,정관읍 용수리,37,37,37.27,37.27
26710-61,"가화만사성",26710,기장읍 교리,64,,68.19,
26710-478,"주명아파트B동",26710,기장읍 대라리,30,,16.70,
26710-593,"동부산관광단지삼정그린코아더베스트",26710,기장읍 내리,45,45,50.73,52.96
26710-402,"정관현진에버빌",26710,정관읍 모전리,61,61,59.00,59.00
26710-571,"현대프라힐스 동부산",26710,철마면 고촌리,49,49,68.98,70.34
26710-97,"대우아파트",26710,정관읍 달산리,41,,40.82,
26710-427,"이진캐스빌블루2차",26710,기장읍 교리,49,51,36.30,37.65
26710-36,"선우",26710,일광읍 삼성리,42,,58.49,
26710-408,"동부산동원로얄듀크",26710,기장읍 내리,43,44,54.95,57.13
26710-34,"청강주공",26710,기장읍 청강리,36,37,24.95,25.37
26710-483,"이지더원2차",26710,정관읍 모전리,41,41,41.90,41.90
26710-14,"황중베르빌",26710,기장읍 대라리,41,42,43.20,44.77
26710-544,"이진캐스빌",26710,정관읍 용수리,57,57,57.71,57.71
26710-646,"기장유림노르웨이숲",26710,기장읍 교리,49,50,66.94,68.83
26710-44,"우신네오빌",26710,기장읍 청강리,34,32,48.25,40.25
26710-554,"월가아델리스",26710,기장읍 대라리,59,,51.91,
26710-46,"이진캐스빌",26710,기장읍 대라리,36,37,11.37,12.88
26710-30,"애경아트빌",26710,기장읍 동부리,52,53,60.07,62.54
26710-609,"두산위브더테라스",26710,정관읍 달산리,44,42,49.46,45.95
26710-390,"수신",26710,기장읍 대라리,37,38,24.10,28.27
26710-528,"고촌센트럴아파트",26710,철마면 고촌리,49,50,75.98,77.66
26710-50,"동보시티빌",26710,기장읍 동부리,57,58,75.89,79.89
26710-401,"정관신동아파밀리에",26710,정관읍 용수리,57,57,51.93,51.93
26710-603,"동부산렉슬",26710,기장읍 대라리,58,59,72.79,71.14
26710-45,"이진스카이빌",26710,기장읍 동부리,40,39,20.51,18.95
26710-119,"서린에코빌아파트",26710,기장읍 동부리,45,46,67.12,68.71
26710-63,"노이하우스2차",26710,기장읍 서부리,40,41,41.54,44.50
26710-64,"노이하우스3차",26710,기장읍 서부리,44,44,42.75,45.15
26710-7,"가화랜드빌",26710,기장읍 교리,60,63,73.90,77.74
26710-76,"가화랜드빌기장1차",26710,기장읍 대라리,38,,40.19,
26710-383,"가화랜드빌5차",26710,기장읍 대라리,42,,10.95,
26710-77,"부강빌라가동",26710,기장읍 대라리,30,32,14.42,18.13
26710-423,"정도한스빌",26710,일광읍 이천리,59,55,68.22,81.15
26710-611,"페리II",26710,기장읍 대라리,64,65,72.30,70.61
26710-37,"세흥비치",26710,일광읍 삼성리,41,41,67.13,74.10
26710-497,"동부스위트",26710,기장읍 동부리,62,62,65.56,66.78
26710-498,"금광타워",26710,기장읍 대라리,63,63,67.47,67.32
26710-512,"동국에버리치",26710,기장읍 대라리,57,59,74.86,76.21
26710-501,"남경캐슬",26710,기장읍 동부리,49,,25.58,
26710-3,"성신목화",26710,기장읍 교리,43,,36.51,
26710-666,"쌍용더플래티넘오시리아",26710,기장읍 연화리,34,35,28.90,31.89
26710-384,"씨엘늘채움",26710,기장읍 대라리,37,39,12.75,15.04
26710-538,"베로나",26710,기장읍 대라리,54,56,44.57,47.47
26710-381,"대라하이츠",26710,기장읍 대라리,47,,42.43,
26710-547,"비룡벨로스텔라",26710,기장읍 청강리,54,56,60.17,58.88
26710-558,"노블비치",26710,일광읍 삼성리,28,29,44.63,50.04
26710-575,"삼화펠리스힐아파트",26710,기장읍 동부리,42,41,20.75,21.26
26710-82,"동양주택",26710,기장읍 대라리,51,,55.31,
26710-41,"재흥",26710,정관읍 달산리,30,30,53.78,52.70
26710-78,"테마하이츠빌",26710,기장읍 대라리,30,31,14.14,16.39
26710-58,"부산기장포스코더샵",26710,기장읍 동부리,56,57,71.06,74.88
26710-444,"남평파크뷰",26710,일광읍 삼성리,55,,73.61,
26710-621,"에스디빌라트",26710,기장읍 대라리,62,,47.08,
26710-604,"기장에코하임6차",26710,기장읍 대라리,64,,80.63,
26710-40,"성림",26710,정관읍 달산리,39,36,53.78,51.35
26710-94,"세진오션파크빌",26710,일광읍 삼성리,29,,39.77,
26710-21,"스카이아트빌",26710,기장읍 대라리,36,,31.10,
26710-38,"부전비치",26710,일광읍 이천리,62,,79.70,
26710-531,"담덕기장센텀",26710,기장읍 대라리,62,,75.10,
26710-54,"월드파크A동",26710,기장읍 동부리,49,49,34.44,36.69
26710-69,"가화만사성4차",26710,기장읍 대라리,44,44,50.94,50.14
26710-52,"금강센스빌제101동",26710,기장읍 동부리,42,39,30.21,28.79
26350-174,"경동",26350,반송동,27,26,7.37,7.65
26710-88,"덕주빌라",26710,기장읍 청강리,38,,38.45,
26710-75,"테마파크빌3차",26710,기장읍 대라리,54,,56.12,
26710-57,"센텀스위트홈",26710,기장읍 동부리,57,,67.55,
26710-582,"대동레미안센트럴시티",26710,기장읍 청강리,68,,62.65,
26710-96,"두리아2차",26710,정관읍 방곡리,57,,63.50,
26710-559,"해찬솔",26710,일광읍 삼성리,53,,79.37,
26710-585,"모드니하이츠",26710,기장읍 대라리,64,,70.69,
26710-87,"삼보무궁화",26710,기장읍 청강리,44,,32.38,
26710-552,"태윤리더스",26710,기장읍 대라리,53,,55.77,
26710-83,"기장마르빌",26710,기장읍 대라리,58,,66.46,
26710-43,"전원그린맨션A",26710,기장읍 교리,58,,80.96,
26710-10,"대라주공",26710,기장읍 대라리,46,,53.81,
26710-493,"남평파크뷰",26710,기장읍 대라리,58,,75.32,
26710-24,"동보빌라",26710,기장읍 동부리,45,,55.60,
26710-628,"더테라스",26710,기장읍 대라리,66,,66.01,
26710-56,"선아베스트빌",26710,기장읍 동부리,57,,69.47,
26140-1233,"에코팰리스3",26140,충무동3가,44,45,41.28,44.19
26440-44,"협성·DS엘리시안",26440,지사동,47,46,58.76,59.21
26440-104,"명지더웨스턴",26440,명지동,52,52,51.87,51.87
26440-118,"명지국제신도시삼정그린코아더베스트",26440,명지동,58,58,59.76,59.76
26140-1053,"오션스카이",26140,서대신동1가,50,,53.92,
26140-1236,"헤리츠아파트3차",26140,충무동1가,61,62,70.89,72.25
26140-1246,"마린포시즌2차",26140,남부민동,59,62,59.45,64.91
26140-212,"봄여름가을겨울",26140,토성동1가,53,72,92.19,82.40
26140-1228,"서대신부백자연애",26140,서대신동3가,57,61,55.97,62.00
26140-1289,"동대신역비스타동원아파트",26140,동대신동1가,33,33,16.88,19.85
26140-86,"충무쇼핑맨션",26140,남부민동,58,,79.30,
26140-193,"부민e편한세상",26140,부민동3가,51,52,52.90,54.93
26710-98,"동우그린빌라가동",26710,기장읍 대라리,31,37,14.42,18.13
26710-85,"지우센텀",26710,기장읍 대라리,46,50,40.61,43.32
26710-73,"금강궁전-1",26710,기장읍 대라리,49,61,50.32,56.50
26710-541,"리츠빌리지",26710,기장읍 교리,32,33,17.61,18.21
26710-540,"리츠빌리지",26710,기장읍 교리,34,24,24.29,25.45
26140-5,"삼익",26140,동대신동2가,54,,61.79,
26140-1129,"대신공원한신휴플러스",26140,서대신동3가,40,41,16.91,20.16
26140-51,"협성르네상스",26140,서대신동3가,58,59,78.52,78.28
26140-115,"송도혜성비치타운",26140,암남동,43,43,57.58,58.47
26140-31,"신우빌라",26140,서대신동2가,54,55,45.98,48.01
26140-97,"삼경빌라맨션",26140,암남동,50,50,52.91,53.19
26140-920,"송도봄여름가을겨울",26140,암남동,56,57,50.62,50.98
26140-1283,"충무대로봄여름가을겨울",26140,남부민동,59,60,43.25,46.68
26140-1196,"송도서린엘마르",26140,암남동,42,42,55.71,56.26
26140-40,"남성한빛가든",26140,서대신동3가,34,36,31.09,35.44
26140-928,"송도동일스위트",26140,암남동,44,45,36.50,36.50
26140-121,"한성빌라",26140,토성동5가,29,29,18.77,17.73
26140-18,"정림파크",26140,동대신동3가,33,40,24.80,40.38
26140-176,"서원스위트홈",26140,토성동5가,52,,52.42,
26140-99,"송도삼정비치맨션",26140,암남동,50,51,48.55,48.77
26140-177,"아크로폴리스",26140,토성동5가,42,41,35.41,32.67
26140-2,"진흥목화",26140,동대신동1가,64,66,71.51,78.46
26140-1149,"대신타워펠리스",26140,서대신동1가,60,58,67.74,67.82
26140-82,"LG마린타워",26140,남부민동,33,34,26.70,28.06
26140-143,"에메랄드21",26140,서대신동1가,47,46,56.38,59.72
26140-168,"서대센츄럴타운",26140,서대신동3가,60,,59.51,
26140-1040,"서영펠로우",26140,토성동5가,58,57,55.80,54.01
26140-103,"신익별장",26140,암남동,50,50,58.31,58.84
26140-1190,"한성그린아파트",26140,토성동2가,67,67,55.65,56.91
26140-104,"송도자유비치",26140,암남동,62,62,47.30,47.30
26140-73,"대림비치",26140,남부민동,34,35,21.30,21.99
26140-26,"대진골든빌리지",26140,서대신동2가,41,42,59.64,60.85
26140-1272,"서대신부백더자연애아파트",26140,서대신동1가,65,65,77.26,79.97
26140-66,"남부",26140,아미동2가,47,48,64.55,66.12
26140-175,"서원비동",26140,토성동5가,55,54,60.98,61.43
26140-1,"동대맨션",26140,동대신동1가,42,,68.90,
26140-142,"영촌아트빌",26140,서대신동1가,49,48,36.61,39.47
26140-87,"현대타운",26140,남부민동,60,62,68.45,74.36
26140-209,"구덕하이츠",26140,서대신동3가,21,23,6.13,6.50
26140-74,"대진타워맨션",26140,남부민동,39,39,37.20,37.85
26140-59,"향원밸리빌",26140,부민동1가,62,,72.20,
26140-167,"대신센츄럴타운",26140,서대신동3가,52,55,54.36,61.31
26140-1193,"다사랑빌",26140,부민동1가,61,62,55.07,57.03
26140-208,"(76-0)",26140,서대신동2가,51,51,62.20,61.56
26140-173,"서원에이동",26140,토성동5가,57,57,56.16,55.00
26140-1207,"태양아르떼",26140,충무동2가,45,46,45.81,48.17
26140-1221,"충무에코팰리스2차",26140,충무동1가,59,60,67.85,69.63
26140-1337,"충무6차에코팰리스",26140,충무동1가,50,52,48.75,51.76
26140-191,"골든캐슬",26140,동대신동2가,75,63,88.25,77.55
26140-90,"고려빌라맨션",26140,암남동,54,54,53.74,53.93
26140-1157,"서원블루오션C동",26140,토성동5가,44,43,34.06,34.34
26140-159,"위너스빌",26140,서대신동2가,51,51,64.32,63.93
26140-952,"허브센티움",26140,부민동1가,62,62,71.14,71.10
26140-1261,"세영엘도라도A동",26140,서대신동3가,64,68,58.64,65.75
26140-170,"송천",26140,서대신동3가,45,48,45.88,51.40
26140-1132,"동양하이츠",26140,부용동1가,38,,41.45,
26140-32,"자유",26140,서대신동2가,25,25,32.13,32.81
26140-35,"향원에이스타운(79)",26140,서대신동2가,44,45,49.55,49.47
26140-1209,"한우리타워4차",26140,서대신동3가,58,59,63.55,63.78
26140-1286,"툇마루家",26140,서대신동2가,62,62,40.87,42.60
26140-1107,"부백자연애",26140,토성동3가,65,65,74.30,74.85
26140-1294,"남명더라우부용",26140,부용동1가,48,49,43.70,49.32
26140-55,"대근아트",26140,부용동1가,52,50,60.80,54.73
26140-41,"대림e편한세상",26140,서대신동3가,26,27,7.13,7.85
26140-1081,"서대신엔스타(278-2)",26140,서대신동2가,51,51,75.31,75.28
26140-996,"파크갤러리아파트",26140,암남동,44,44,50.10,49.63
26140-1050,"헤리츠아파트",26140,토성동5가,67,69,74.70,74.59
26140-979,"리치W도시형생활주택",26140,서대신동1가,55,54,35.81,36.50
26140-37,"희망센츄럴타운",26140,서대신동2가,60,60,72.31,72.23
26140-38,"구덕",26140,서대신동3가,42,46,45.89,50.65
26140-1039,"대승스위트",26140,서대신동3가,51,56,52.45,61.12
26140-7,"영산",26140,동대신동2가,26,,23.99,
26140-9,"카멜롯",26140,동대신동2가,58,47,49.91,52.88
26140-62,"수근에이스타운",26140,토성동1가,35,63,18.73,48.45
26140-52,"화인",26140,서대신동3가,38,39,30.75,33.70
26140-45,"대윤스위트",26140,서대신동3가,50,52,69.56,70.22
26140-100,"송도맨션",26140,암남동,38,40,41.17,42.02
26140-166,"대신타워빌",26140,서대신동3가,53,55,54.33,60.35
26140-210,"배서티안타워",26140,서대신동3가,53,57,49.89,59.49
26140-1079,"백리휴먼빌리지",26140,서대신동3가,59,,63.94,
26140-25,"경남",26140,서대신동2가,53,,62.34,
26140-1080,"한우리타워",26140,서대신동3가,68,,69.39,
26140-1178,"토성동봄여름가을겨울",26140,토성동1가,64,,55.85,
26140-65,"건한",26140,토성동3가,65,,68.90,
26140-153,"창조드림빌라",26140,서대신동1가,39,,46.29,
26140-1005,"대신메트로빌",26140,서대신동2가,50,,44.73,
26140-145,"용문빌리지",26140,서대신동1가,53,50,55.35,57.02
26140-147,"대호그린빌라",26140,서대신동1가,59,,79.65,
26140-138,"동신그린빌",26140,동대신동3가,65,,66.20,
26140-113,"태림맨션",26140,암남동,47,,53.63,
26140-4,"로얄이스트",26140,동대신동2가,24,,21.29,
26140-16,"에덴빌리지",26140,동대신동3가,57,,59.26,
26260-2084,"동래지웰",26260,온천동,32,33,25.05,25.47
26260-120,"동원",26260,사직동,48,49,55.73,56.47
26350-2400,"해피투모로우",26350,송정동,72,73,72.45,73.65
26140-1174,"스타파크아파트",26140,토성동2가,68,,63.65,
26140-141,"하나로5차",26140,서대신동1가,53,,60.19,
26140-1358,"선경아파트",26140,부용동1가,60,,54.05,
26140-44,"대신썬빌리지B",26140,서대신동3가,55,,60.50,
26140-23,"우주그랜져빌리지",26140,서대신동1가,46,,58.21,
26140-215,"정림주택",26140,동대신동3가,34,,35.99,
26140-126,"삼부타워",26140,충무동2가,37,,39.68,
26140-20,"동대센츄럴타운",26140,동대신동3가,70,,74.30,
26140-89,"거북맨션",26140,암남동,49,,50.21,
26140-122,"도경나나빌",26140,토성동5가,56,,67.27,
26140-96,"삼경맨션",26140,암남동,49,,55.30,
26140-169,"부산빌라트",26140,서대신동3가,60,,71.53,
26350-2152,"해운대SKVIEW",26350,중동,66,64,75.78,72.70
26140-1102,"오션펠리체",26140,서대신동1가,36,,15.01,
26140-964,"크로바D동",26140,서대신동3가,51,,63.48,
26140-54,"석포로얄캐슬",26140,서대신동3가,52,,55.28,
26350-218,"장산하이츠빌라",26350,재송동,56,55,53.13,52.61
26350-153,"그린파크",26350,반여동,38,35,43.83,41.68
26350-2321,"해운대파크에비뉴",26350,우동,71,,71.46,
26350-2143,"현대아쿠아팰리스해운대",26350,중동,58,56,58.99,56.68
26350-4,"대우동삼",26350,우동,49,,47.37,
26350-52,"한보장산",26350,재송동,28,27,25.41,24.34
26350-2137,"해운대엑소디움",26350,우동,53,,45.89,
26350-31,"대신맨션",26350,재송동,59,59,58.33,58.32
26350-144,"태원빌리지",26350,송정동,62,63,69.35,69.59
26350-71,"동남하이츠맨션",26350,중동,53,50,47.85,44.35
26350-75,"삼강",26350,중동,52,50,63.18,57.77
26140-1116,"서원블루오션B동",26140,토성동5가,37,,28.80,
26260-2434,"더샵온천헤리티지",26260,온천동,64,64,50.81,50.84
26350-2142,"우신골든메르시아",26350,우동,42,,28.66,
26350-241,"성우맨션",26350,중동,50,48,61.89,58.78
26350-2096,"해운대신시가지경동메르빌",26350,중동,65,63,56.09,53.49
26350-2113,"뷔센하우스",26350,중동,29,26,21.32,18.41
26350-2338,"센텀더세진",26350,반송동,67,66,66.86,64.73
26350-82,"삼주",26350,중동,54,51,62.18,58.68
26350-2213,"센텀시티더블유",26350,재송동,65,65,78.57,79.16
26350-2151,"해운대엔스타",26350,우동,48,48,60.55,60.36
26350-15,"삼호가든맨션",26350,우동,40,39,57.96,53.29
26350-10,"벽산금호",26350,우동,35,,42.85,
26350-290,"삼보로얄캐슬",26350,송정동,63,64,78.47,78.15
26350-177,"광하주택3",26350,반송동,49,47,48.33,45.96
26350-220,"일번로얄주택",26350,재송동,57,57,63.47,63.75
26350-295,"영동써니",26350,송정동,23,24,16.69,18.68
26350-2331,"남평엔시티",26350,송정동,58,59,53.74,54.38
26350-196,"삼한3차301동",26350,반송동,36,36,23.53,25.25
26350-148,"금강비치빌",26350,송정동,55,56,61.50,63.09
26350-168,"현대1차",26350,반여동,24,,28.94,
26350-169,"현대3",26350,반여동,25,22,26.86,24.40
26350-89,"이진캐스빌",26350,중동,33,,30.02,
26350-298,"청목마리안",26350,중동,62,60,60.55,58.12
26350-2165,"해운대협성엠파이어",26350,우동,28,27,22.79,19.67
26350-76,"삼성콘도맨션",26350,중동,56,,67.96,
26350-57,"센텀협성",26350,재송동,57,57,59.97,60.14
26350-2115,"해운대한솔솔파크",26350,우동,37,36,38.27,37.11
26350-175,"광하주택A동",26350,반송동,62,61,69.69,67.96
26350-45,"센텀이진캐스빌",26350,재송동,42,,50.32,
26350-181,"삼정그린코아",26350,반송동,58,56,56.80,55.53
26350-293,"대원하이츠2차",26350,송정동,52,,51.27,
26350-277,"백세해운대빌라1차",26350,중동,26,22,21.79,16.47
26350-2296,"센텀에코하임",26350,재송동,58,58,51.31,50.65
26350-217,"남양로얄타운",26350,재송동,54,54,50.16,49.77
26350-2230,"디어하임센텀",26350,재송동,66,65,60.27,60.16
26350-2337,"센텀드림힐",26350,재송동,41,40,33.52,32.12
26350-262,"대림엠파이어빌라",26350,중동,21,19,29.50,26.63
26350-179,"동삼초원",26350,반송동,39,37,44.59,42.93
26350-354,"장산상가맨션",26350,반여동,40,36,37.12,35.53
26350-252,"벨로스",26350,중동,46,42,39.88,36.74
26350-69,"대림비치",26350,중동,54,52,74.93,72.72
26350-44,"유창맨션",26350,재송동,41,40,66.17,66.26
26350-216,"유림빌라",26350,재송동,54,53,51.77,51.59
26350-2346,"럭스빌비치",26350,송정동,56,57,57.56,58.22
26350-36,"서해재송",26350,재송동,50,50,65.05,64.75
26350-46,"이화맨션",26350,재송동,44,43,36.70,36.42
26350-296,"라온힐즈",26350,송정동,20,20,13.18,14.56
26350-185,"영화",26350,반송동,55,55,70.80,71.27
26350-200,"상림팰리스빌",26350,중동,23,20,22.78,20.25
26350-2228,"센텀캐슬",26350,재송동,61,61,66.09,66.73
26350-231,"신춘하나빌",26350,우동,53,,77.34,
26350-204,"동서하이빌아파트",26350,송정동,26,28,18.85,21.23
26350-157,"삼익그린맨션",26350,반여동,61,58,78.68,77.81
26350-201,"아시아나비치",26350,송정동,56,57,62.00,63.70
26350-297,"그린빌라",26350,송정동,16,17,13.18,14.47
26350-284,"중동맨션",26350,중동,47,42,44.57,34.54
26350-77,"삼성타워",26350,중동,54,50,61.89,57.29
26350-191,"경원프라우드빌",26350,좌동,58,,61.46,
26290-267,"동성아트A",26290,감만동,44,,48.31,
26350-73,"마마아파트",26350,중동,50,,57.39,
26350-276,"동부썬빌라",26350,중동,18,12,18.28,14.57
26350-361,"동부문빌라",26350,중동,22,19,19.90,16.52
26350-299,"해운대석포로얄캐슬",26350,중동,53,49,55.14,51.67
26350-292,"신우비치맨션",26350,송정동,54,65,65.32,66.24
26350-188,"영광그린파크(나)",26350,재송동,49,49,39.67,39.02
26350-260,"동아해운대빌라",26350,중동,29,,35.08,
26350-61,"센텀대원",26350,재송동,42,41,64.02,63.19
26350-54,"해강소라",26350,재송동,53,,38.43,
26350-263,"대림해운대빌라",26350,중동,22,,30.62,
26350-254,"그린힐1차",26350,중동,37,,25.39,
26350-86,"아남하이츠3차",26350,중동,17,,24.96,
26350-59,"센텀삼흥",26350,재송동,40,45,68.21,67.74
26350-246,"성완아이렉스원룸",26350,중동,63,63,62.87,60.46
26350-8,"동부올림픽타운",26350,우동,70,71,84.73,84.15
26350-2336,"서진늘해랑",26350,송정동,68,,72.95,
26350-213,"홍림센텀아파트",26350,반여동,24,,35.03,
26350-253,"라메르빌라",26350,중동,49,,42.70,
26350-245,"토명비치빌",26350,중동,63,,67.51,
26350-268,"스카이파크1차",26350,중동,28,,24.36,
26350-108,"경남",26350,좌동,23,23,11.00,11.48
26350-2109,"현대아쿠아팰리스동백섬",26350,우동,53,,59.61,
26350-2266,"이담채",26350,송정동,54,,50.97,
26350-285,"엘리트빌라",26350,중동,44,,40.18,
26350-2127,"경동메르빌골드",26350,중동,39,37,32.08,29.04
26350-226,"태석102동",26350,우동,52,,45.68,
26350-357,"진달래",26350,재송동,54,,70.24,
26350-2316,"한영아르미안",26350,중동,71,,66.12,
26350-150,"대산",26350,반여동,41,,60.17,
26350-251,"보현빌라",26350,중동,48,,41.63,
26350-2145,"대우월드마크센텀",26350,우동,59,58,67.22,63.50
26350-43,"영광그린파크(가)",26350,재송동,57,58,54.21,54.38
26350-362,"민화그린빌라",26350,반송동,37,,48.44,
26320-137,"삼한힐파크",26320,화명동,55,56,50.99,51.77
26320-1460,"쌍용스윗닷홈",26320,만덕동,59,59,41.61,40.97
26320-17,"삼정그린코아",26320,구포동,57,57,66.94,68.04
26320-1542,"화명롯데캐슬카이저",26320,화명동,58,57,55.45,54.75
26320-110,"동원",26320,만덕동,51,50,44.90,44.73
26320-1732,"더 래디언트 금정산",26320,만덕동,57,57,69.84,69.70
26320-15,"부광맨션",26320,구포동,51,52,44.00,46.53
26320-138,"화명그린힐",26320,화명동,50,51,33.97,34.62
26320-34,"금곡5단지주공",26320,금곡동,49,49,59.14,59.14
26320-1785,"포레나부산덕천2차",26320,덕천동,68,68,72.08,72.15
26320-27,"구포현대",26320,구포동,53,54,66.53,67.57
26320-153,"수정강변타운",26320,화명동,40,40,55.80,55.83
26320-1483,"덕천삼정그린코아",26320,덕천동,52,52,48.05,46.60
26320-33,"금곡3단지주공",26320,금곡동,39,39,35.17,35.17
26320-1606,"구포동원로얄듀크비스타",26320,구포동,61,61,64.90,66.04
26320-115,"만덕2주공",26320,만덕동,52,51,65.50,65.28
26320-1740,"이편한세상금정산",26320,만덕동,49,49,56.44,57.63
26320-189,"유림노르웨이숲",26320,구포동,47,48,32.17,34.75
26320-1763,"포레나부산덕천1차",26320,덕천동,69,69,87.90,88.25
26320-39,"화명한일유앤아이",26320,금곡동,59,59,39.77,39.77
26320-152,"대림쌍용강변타운",26320,화명동,55,55,44.29,43.29
26320-1738,"화명푸르지오헤리센트",26320,화명동,67,67,65.25,66.18
26350-2384,"센텀리슈빌1단지",26350,재송동,58,58,65.44,65.72
26350-302,"협성프라임빌",26350,우동,26,26,9.36,8.21
26320-1599,"엘가",26320,화명동,45,46,32.23,32.92
26320-61,"롯데낙천대",26320,화명동,72,72,71.66,72.08
26320-1659,"백양디이스트(1단지)",26320,만덕동,49,48,19.56,18.47
26320-1755,"백양산베스티움에코포레",26320,만덕동,23,24,22.88,23.80
26320-1746,"백양디이스트(3단지)",26320,만덕동,55,55,43.87,43.45
26320-13,"벽산그린필드",26320,구포동,45,46,25.49,26.56
26320-1489,"만덕3휴먼시아",26320,만덕동,57,57,51.74,52.53
26320-32,"협진태양·조성아파트",26320,금곡동,41,41,28.10,28.10
26320-57,"화명유림",26320,화명동,34,34,35.21,35.74
26320-130,"그린숲속아파트",26320,화명동,28,28,13.72,14.04
26320-2,"곡산주택",26320,구포동,27,28,22.40,23.41
26320-46,"대림타운",26320,화명동,58,58,42.45,43.75
26320-1734,"덕천역이즈카운티",26320,덕천동,53,52,53.24,51.54
26320-1759,"화명플리체비스타동원",26320,화명동,45,46,46.89,48.09
26320-107,"대성타워",26320,만덕동,65,65,55.47,55.23
26320-42,"경남아너스빌",26320,화명동,60,60,55.49,55.53
26320-54,"코오롱",26320,화명동,36,36,28.91,29.47
26320-60,"대우이안",26320,화명동,58,58,40.04,39.17
26320-1653,"e편한세상화명힐스",26320,화명동,73,73,75.73,76.13
26320-38,"벽산삼협한솔",26320,금곡동,59,59,60.04,60.04
26320-1668,"태성캐슬",26320,구포동,51,52,46.11,49.38
26320-65,"대방",26320,덕천동,63,63,75.13,74.94
26320-55,"화명2차현대",26320,화명동,58,58,48.91,49.66
26320-48,"벽산강변타운",26320,화명동,56,55,70.53,70.22
26320-1640,"신화명리버뷰자이",26320,금곡동,44,44,31.37,31.37
26290-55,"유창1",26290,감만동,44,43,46.63,46.22
26320-63,"코오롱하늘채1차",26320,화명동,56,57,42.56,44.05
26320-1684,"어반펠리체",26320,구포동,64,65,70.89,71.98
26260-2119,"온천삼정그린코아더베스트",26260,온천동,64,64,61.32,61.98
26320-176,"동원로얄듀크",26320,화명동,55,55,39.35,40.56
26320-1621,"동원역삼정그린코아",26320,금곡동,49,49,60.82,60.82
26320-59,"화명현대",26320,화명동,65,64,59.37,58.37
26320-62,"코오롱하늘채2차",26320,화명동,62,62,51.66,51.21
26320-131,"도시화명그린(206)",26320,화명동,45,46,45.38,45.92
26320-1710,"해피투모로우",26320,구포동,54,54,64.96,66.66
26320-47,"도시화명그린(295)",26320,화명동,26,26,25.03,25.33
26320-156,"롯데",26320,덕천동,41,41,23.06,23.29
26320-40,"금곡화목타운",26320,금곡동,43,43,34.05,34.05
26320-1742,"리버파크반도유보라",26320,구포동,72,72,74.80,75.64
26320-30,"유림(1차)",26320,금곡동,42,42,50.14,50.14
26320-1745,"백양디이스트(2단지)",26320,만덕동,33,33,23.63,24.63
26320-126,"협성파크",26320,만덕동,47,47,38.38,38.43
26320-117,"만덕베르빌",26320,만덕동,45,46,70.41,71.13
26320-106,"그린코아",26320,만덕동,37,,33.63,
26320-113,"럭키",26320,만덕동,52,51,40.14,40.60
26320-29,"유림2차(1)",26320,금곡동,53,53,51.14,51.14
26320-4,"구포대성아파트",26320,구포동,47,48,46.37,48.45
26320-70,"덕천주공1",26320,덕천동,43,43,19.14,19.54
26320-1473,"상록한신휴플러스",26320,만덕동,29,29,5.00,5.00
26320-119,"만덕현대",26320,만덕동,58,58,57.80,58.30
26320-151,"화명뜨란채",26320,금곡동,56,56,40.76,40.76
26320-1729,"구포2차봄여름가을겨울",26320,구포동,66,66,74.44,75.31
26320-28,"협진태양",26320,구포동,60,61,72.65,74.17
26320-87,"아남프라자",26320,덕천동,60,60,64.22,63.57
26320-103,"성훈강변",26320,덕천동,34,34,32.52,32.51
26320-71,"덕천한라",26320,덕천동,41,41,24.63,25.23
26320-77,"부국2",26320,덕천동,53,53,50.05,49.41
26320-6,"대진",26320,구포동,61,62,54.09,55.64
26320-16,"삼경장미",26320,구포동,49,50,51.40,54.39
26320-145,"유림노르웨이숲",26320,만덕동,29,29,24.03,23.50
26320-116,"만덕대진",26320,만덕동,43,44,59.57,60.26
26320-31,"유림2차(2)",26320,금곡동,51,51,53.05,53.05
26320-123,"삼성",26320,만덕동,50,50,56.73,56.65
26320-1484,"구포유림노르웨이숲2차",26320,구포동,59,61,46.69,50.56
26320-136,"화명리버빌2차",26320,금곡동,57,57,61.37,61.37
26320-25,"태평양그린",26320,구포동,37,38,19.75,20.78
26320-35,"금곡6단지주공",26320,금곡동,55,55,58.50,58.50
26320-85,"승산벽산",26320,덕천동,46,47,58.71,59.32
26320-1642,"화명2차동원로얄듀크비스타",26320,화명동,55,55,69.98,70.52
26320-129,"도시화명그린(313)",26320,화명동,26,26,20.34,21.27
26320-1600,"율리역벽산블루밍1단지",26320,금곡동,64,64,65.57,65.57
26320-86,"신도",26320,덕천동,47,47,52.64,52.92
26320-1,"경원골든",26320,구포동,34,34,22.90,23.99
26320-94,"한성",26320,덕천동,43,43,43.57,41.69
26320-171,"삼현",26320,구포동,49,,48.60,
26320-1482,"성림누리아라",26320,구포동,55,55,65.49,66.52
26320-12,"벽산그린타운",26320,구포동,28,28,22.34,23.35
26320-23,"태경",26320,구포동,38,38,26.28,27.46
26320-51,"화명그린파크맨션",26320,화명동,55,55,59.78,60.05
26320-1613,"어반빌리지",26320,구포동,55,55,66.50,67.29
26320-169,"구포오바드빌",26320,구포동,55,55,49.04,49.48
26320-1543,"레지던스라움",26320,화명동,65,65,75.14,75.03
26320-1680,"구포봄여름가을겨울아파트",26320,구포동,57,57,53.53,54.28
26320-112,"동일",26320,만덕동,49,49,44.96,45.33
26320-95,"한성맨션1동~3동",26320,덕천동,44,44,60.93,59.92
26320-93,"청우파크맨션",26320,덕천동,52,51,48.24,46.87
26320-1509,"금정산센트럴포레",26320,만덕동,49,49,70.72,71.50
26320-1475,"대우이안",26320,금곡동,45,45,57.44,57.44
26320-5,"구포대우",26320,구포동,41,41,22.00,23.22
26320-188,"부영벽산파라빌",26320,덕천동,54,53,69.19,68.72
26320-52,"우신",26320,화명동,56,56,71.10,71.35
26320-84,"성우아파트",26320,덕천동,45,45,35.68,34.19
26320-121,"벽산라인훼미리",26320,만덕동,55,55,61.15,61.30
26320-24,"태평양",26320,구포동,27,27,28.30,29.78
26320-20,"에이스타운",26320,구포동,70,70,80.59,81.66
26320-1719,"파크블루9차",26320,구포동,64,,85.07,
26320-2228,"포레나부산덕천3차",26320,덕천동,42,,25.81,
26320-1741,"아덴펜트하우스",26320,화명동,57,,45.38,
26320-1747,"백양디이스트(4단지)",26320,만덕동,48,48,49.17,48.93
26320-132,"소호(8동)",26320,덕천동,50,49,46.23,44.50
26320-163,"낙원타워",26320,덕천동,57,56,55.22,53.42
26320-8,"구포동성가든타워",26320,구포동,57,58,40.89,43.84
26320-140,"부송빌라",26320,구포동,53,54,78.40,79.04
26320-1676,"지움포유",26320,구포동,55,56,49.98,52.34
26320-1722,"구포윤창비에이치타운",26320,구포동,55,56,47.98,50.69
26320-1666,"홍익빌레트",26320,덕천동,63,62,72.45,71.81
26320-1633,"비룡벨로스텔라",26320,구포동,56,57,55.70,57.67
26320-1712,"을숙도아침",26320,구포동,62,62,72.17,73.00
26320-142,"경일",26320,구포동,60,60,71.56,72.31
26320-14,"벽산그린필드2차",26320,구포동,34,35,19.19,20.52
26320-1622,"율리역벽산블루밍2단지",26320,금곡동,53,53,62.28,62.28
26320-10,"백양",26320,구포동,20,21,26.90,28.17
26320-104,"신촌맥스빌",26320,만덕동,62,62,68.18,68.20
26320-1749,"동주광명맨션나동",26320,덕천동,53,,42.03,
26320-141,"대주하이빌",26320,구포동,43,,41.62,
26320-58,"화명장원맨션",26320,화명동,39,39,48.11,48.71
26320-1462,"천양리버빌",26320,구포동,50,,61.54,
26320-1654,"동남뷰",26320,만덕동,58,,67.14,
26320-83,"삼화",26320,덕천동,46,,42.21,
26320-92,"진흥",26320,덕천동,53,,71.76,
26320-108,"덕화",26320,만덕동,51,50,74.76,75.10
26320-50,"새진흥맨션",26320,화명동,49,,69.57,
26320-78,"부국3",26320,덕천동,56,57,67.03,67.62
26320-1479,"해림아파트에이동",26320,화명동,52,,45.13,
26320-89,"일동파크맨션",26320,덕천동,31,31,35.44,34.03
26320-75,"무궁화(337-2)",26320,덕천동,44,44,46.22,46.18
26320-1744,"이음골든브릿지",26320,구포동,74,,73.52,
26290-39,"일신프리빌리지",26290,용호동,62,62,54.77,55.47
26290-1936,"문현동태영데시앙",26290,문현동,61,61,63.51,63.93
26290-1980,"오륙도에스케이뷰",26290,용호동,50,50,46.61,47.43
26290-61,"뉴서울",26290,우암동,41,41,29.23,29.23
26290-2749,"대연양우내안애퍼스트",26290,문현동,52,52,37.72,37.13
26290-2762,"대연삼정그린코아더베스트",26290,대연동,33,33,18.42,19.14
26290-279,"부산대연동푸르지오",26290,대연동,60,60,70.83,71.06
26290-2625,"대연롯데캐슬레전드1단지",26290,대연동,61,61,59.68,60.50
26290-31,"동산그린",26290,용호동,42,43,50.00,50.00
26320-182,"화목빌라(776-8)",26320,덕천동,44,39,33.88,32.45
26320-26,"한창데파트",26320,구포동,53,54,42.95,45.55
26320-1651,"프라임시티",26320,화명동,57,57,51.12,52.11
26290-2646,"베스티움",26290,문현동,59,59,51.94,51.80
26290-2643,"대연자이",26290,대연동,51,52,27.00,27.85
26290-238,"오륙도 뜨란채",26290,용호동,43,42,50.06,50.46
26290-12,"삼성",26290,대연동,48,49,26.07,27.62
26290-3241,"대연푸르지오클라센트1단지",26290,대연동,44,44,31.68,32.77
26290-45,"용당대광",26290,용당동,47,47,52.70,52.70
26290-79,"벽산기린",26290,문현동,45,45,43.14,41.92
26260-2266,"더샵동래",26260,온천동,58,58,58.13,58.10
26290-3238,"더비치푸르지오써밋",26290,대연동,56,57,44.28,44.33
26290-2572,"문현범양레우스",26290,문현동,48,48,42.42,41.34
26290-2315,"대연힐스테이트푸르지오",26290,대연동,60,60,49.63,49.94
26290-89,"장백장미타워1",26290,대연동,25,25,18.00,18.48
26290-2626,"대연롯데캐슬레전드2단지",26290,대연동,51,52,50.93,51.49
26290-3227,"데시앙해링턴플레이스파크시티",26290,용호동,52,52,46.96,47.43
26290-2316,"쌍용예가",26290,용호동,45,46,48.91,49.28
26290-17,"청구",26290,대연동,28,28,24.77,25.27
26290-58,"하얏트",26290,감만동,60,59,45.44,46.04
26290-25,"경동",26290,용호동,42,42,47.19,47.43
26290-2602,"더블유",26290,용호동,55,55,50.00,50.00
26290-48,"현대아이파크",26290,용당동,44,44,47.30,47.30
26290-2637,"대연파크푸르지오",26290,대연동,46,47,22.59,23.83
26290-60,"현대2",26290,감만동,37,37,52.36,52.34
26290-29,"동보빌라맨션",26290,용호동,45,45,50.29,50.59
26290-69,"자유1",26290,우암동,59,59,64.61,64.61
26290-81,"시티프라자",26290,문현동,44,43,32.19,31.30
26290-259,"동천맨션",26290,문현동,59,58,78.59,78.29
26290-1949,"문현이안",26290,문현동,64,64,75.27,75.53
26290-2777,"오션파라곤아파트",26290,문현동,22,22,8.86,8.28
26290-1885,"경동메르빌",26290,대연동,26,26,16.36,16.87
26290-274,"우암중앙하이츠아파트",26290,우암동,57,57,58.08,58.08
26290-1956,"대연동에스케이뷰",26290,대연동,44,45,35.33,36.79
26290-248,"금호천지맨션",26290,문현동,31,,26.75,
26290-2545,"강진융프라우2차",26290,문현동,71,,80.16,
26260-176,"삼성타운",26260,명장동,65,64,72.25,70.45
26290-1935,"한화꿈에그린",26290,문현동,59,58,70.42,70.97
26290-14,"삼익그린",26290,대연동,24,25,18.53,19.22
26290-73,"대림",26290,문현동,45,45,61.94,61.30
26290-2429,"대연롯데캐슬",26290,대연동,65,65,50.02,49.01
26290-2712,"문현경동리인아파트",26290,문현동,46,46,25.94,25.49
26290-3240,"힐스테이트대연센트럴",26290,대연동,56,56,54.46,54.00
26290-271,"아침햇살",26290,대연동,54,54,62.64,62.16
26290-33,"동일타운",26290,용호동,40,40,37.07,37.16
26290-35,"벽산화이트타워",26290,용호동,41,41,40.64,41.11
26290-20,"현대(1203-47)",26290,대연동,44,45,44.67,44.59
26290-53,"우암자유4",26290,감만동,60,60,48.82,48.56
26290-80,"삼성",26290,문현동,63,63,75.25,76.23
26290-32,"동원",26290,용호동,46,46,37.42,37.55
26290-93,"엘지메트로시티4-2(230~238)",26290,용호동,66,66,58.56,59.02
26290-94,"엘지메트로시티4-1(201-214)",26290,용호동,66,66,58.56,59.02
26290-96,"마로니에타운",26290,대연동,66,66,88.60,89.31
26290-2499,"대동레미안7",26290,대연동,62,62,64.28,64.19
26290-88,"문현삼성힐타워",26290,문현동,68,68,74.16,74.16
26290-2639,"아이홈대연",26290,대연동,63,64,71.38,72.22
26290-1926,"보람더하임",26290,문현동,66,66,80.83,80.78
26290-2632,"대연SKVIEWHills",26290,대연동,70,70,61.78,62.14
26290-27,"도시타워",26290,용호동,30,30,42.36,42.95
26290-5,"대우그린1",26290,대연동,29,30,21.04,21.70
26290-68,"일신보라",26290,우암동,56,56,36.03,36.03
26290-59,"감만현대1차",26290,감만동,46,46,47.64,47.30
26290-1916,"용호동일신님(林)Ⅱ",26290,용호동,52,52,42.70,43.35
26290-21,"대연극동StarClass",26290,대연동,40,40,39.14,40.17
26290-258,"성동",26290,문현동,48,48,56.11,55.36
26290-1947,"신대연코오롱하늘채",26290,용당동,66,66,41.90,41.90
26290-1942,"일동지에닌",26290,대연동,58,58,68.10,68.09
26290-47,"한신문화타운",26290,용당동,51,51,63.50,63.50
26290-1959,"GS하이츠자이",26290,용호동,68,68,62.47,62.71
26290-84,"한양",26290,문현동,46,46,30.17,29.62
26290-2563,"스카이빌리지2",26290,문현동,62,,56.16,
26290-2423,"벽산e-솔렌스힐",26290,대연동,55,56,62.44,64.00
26290-6,"대우그린2",26290,대연동,18,19,26.72,28.14
26290-2757,"이안오션파크W",26290,우암동,49,49,36.71,36.71
26290-15,"신원",26290,대연동,15,15,11.17,11.68
26290-1946,"롯데캐슬아인스",26290,용호동,43,43,39.37,39.79
26290-189,"지산로얄(1724-1)",26290,대연동,46,46,33.75,32.90
26290-97,"베르디하우스",26290,대연동,74,74,87.08,87.63
26290-211,"남산하이빌",26290,대연동,60,61,72.63,73.45
26290-2209,"더샵월드타워",26290,대연동,59,59,70.07,69.20
26290-213,"일신",26290,대연동,35,,45.48,
26290-2363,"더샵골드",26290,대연동,59,60,57.73,56.96
26290-86,"현대",26290,문현동,28,28,10.79,10.40
26290-1955,"삼한사랑채",26290,문현동,48,47,50.82,50.16
26290-278,"동원로얄듀크",26290,대연동,60,60,67.95,68.08
26290-1953,"유창그린2차",26290,감만동,39,39,50.34,50.18
26290-54,"우암자유5",26290,감만동,69,68,61.47,61.70
26290-72,"대도라이프타운",26290,문현동,34,34,32.99,32.30
26290-50,"국제",26290,감만동,73,72,60.13,59.90
26290-42,"협진태양",26290,용호동,36,37,41.79,42.30
26290-82,"우성맨션",26290,문현동,35,35,23.75,23.41
26290-70,"자유2",26290,우암동,46,46,32.43,32.43
26290-52,"우암자유3",26290,우암동,46,46,32.43,32.43
26290-26,"대광타워맨션",26290,용호동,46,46,50.00,50.00
26290-65,"석천",26290,우암동,33,33,28.38,28.38
26290-74,"대진",26290,문현동,46,46,55.39,54.27
26290-239,"신선맨션",26290,용당동,34,34,36.50,36.50
26290-2692,"푸르미르",26290,용호동,66,,57.18,
26290-57,"정원",26290,감만동,43,42,51.69,51.62
26290-1905,"동일스위트",26290,감만동,49,47,41.56,40.82
26290-3225,"감만우성스마트시티뷰",26290,감만동,48,47,50.00,50.00
26290-4,"대우",26290,대연동,36,37,17.75,19.00
26290-3234,"국제금융센터퀸즈W",26290,문현동,70,70,60.62,60.77
26290-83,"한맥현대",26290,문현동,36,37,30.84,30.91
26290-46,"용당창조",26290,용당동,52,52,58.10,58.10
26290-19,"한우맨션1동",26290,대연동,42,42,50.62,50.34
26290-247,"대원맨션",26290,문현동,34,34,26.73,26.34
26290-41,"현대비치",26290,용호동,63,63,51.67,52.30
26290-237,"(용호맨션)",26290,용호동,43,44,52.81,53.36
26290-1939,"세종그랑시아",26290,문현동,50,49,47.93,46.96
26290-2494,"스카이빌리지",26290,문현동,58,58,58.34,58.04
26290-67,"우암대진",26290,우암동,41,41,39.18,39.18
26290-2546,"한울시너스아파트",26290,감만동,55,55,48.48,48.56
26290-2503,"보해이브아파트",26290,대연동,60,60,59.10,60.17
26290-9,"마마(1781-66)",26290,대연동,50,50,63.78,63.65
26290-51,"삼일",26290,감만동,44,44,45.27,45.50
26290-28,"동방파크",26290,용호동,40,41,42.01,42.56
26290-134,"주원",26290,대연동,47,,52.34,
26290-75,"동양(302)",26290,문현동,48,48,52.34,52.48
26290-85,"문현해운맨션",26290,문현동,31,31,17.72,16.83
26290-253,"세영맨션",26290,문현동,45,45,39.36,39.34
26290-78,"문현파크",26290,문현동,24,24,29.00,28.92
26290-34,"미주",26290,용호동,52,52,50.00,50.00
26290-37,"신익타워",26290,용호동,35,35,43.74,44.27
26290-49,"감만현대3",26290,감만동,42,42,48.65,48.38
26290-309,"신일맨션",26290,용호동,38,38,44.20,45.06
26290-77,"문현",26290,문현동,46,46,54.75,54.24
26290-36,"삼성",26290,용호동,33,33,43.74,44.53
26290-62,"대승하이아트",26290,우암동,65,65,73.61,73.61
26290-105,"대연로얄",26290,대연동,68,,77.18,
26290-150,"도남하이츠",26290,대연동,48,49,43.45,43.30
26290-197,"삼원그린(1733-10)",26290,대연동,60,60,62.78,62.77
26290-218,"분포맨션",26290,용호동,48,49,54.08,54.68
26290-2261,"디어하임B",26290,대연동,52,52,53.71,53.86
26290-2685,"더샵시티",26290,대연동,60,59,62.13,60.76
26290-216,"부림1차",26290,대연동,41,,44.38,
26290-313,"태창맨션",26290,용호동,53,53,50.98,51.38
26290-275,"리버빌",26290,문현동,54,54,60.29,59.93
26290-2786,"정상리치스",26290,용호동,67,67,61.89,62.31
26290-265,"한림맨션",26290,감만동,53,52,55.74,55.94
26290-229,"목련5차",26290,용호동,45,46,48.74,49.21
26290-2,"대연그린(281-52)",26290,대연동,30,31,22.68,23.55
26290-71,"광원문현맨션",26290,문현동,38,,22.19,
26290-270,"삼화",26290,감만동,36,35,48.82,48.56
26290-87,"문현2차현대",26290,문현동,40,40,24.39,23.73
26290-43,"화신골든맨션",26290,용호동,38,38,50.00,50.00
26290-199,"보람빌라2차",26290,대연동,52,,55.08,
26290-1954,"대연동에스케이뷰201동",26290,대연동,67,,64.33,
26290-260,"보광맨션",26290,문현동,40,40,36.05,35.30
26290-64,"상경전원",26290,우암동,51,51,84.20,84.20
26290-202,"뉴금양타워빌",26290,대연동,75,,86.45,
26290-160,"대영(967-1)",26290,대연동,36,37,27.17,28.04
26290-192,"광이하이빌B동",26290,대연동,53,53,53.64,52.88
26290-191,"광이하이빌A동",26290,대연동,48,49,38.94,38.71
26290-272,"동경리치타운(1797-8)",26290,대연동,54,54,61.20,59.99
26290-215,"부림(1802-8)",26290,대연동,51,51,60.76,58.90
26290-114,"아침마을에이동",26290,대연동,47,47,32.62,33.23
26290-223,"동림빌라(B)",26290,용호동,52,52,50.00,50.00
26290-135,"대호(877-6)",26290,대연동,50,51,52.40,52.05
26290-227,"목련6차",26290,용호동,41,42,43.74,44.53
26290-2343,"대성문문현퀸즈더블유101",26290,문현동,56,56,52.69,52.61
26290-2682,"정상네이처빌5차",26290,용호동,54,54,53.85,54.41
26290-13,"삼성맨션",26290,대연동,41,,56.27,
26290-2399,"대성문문현2차퀸즈w",26290,문현동,53,53,53.12,52.67
26290-251,"양산맨션",26290,문현동,49,49,69.90,70.02
26290-156,"썬그린타워빌",26290,대연동,47,48,47.65,48.95
26290-2408,"대성문문현3차퀸즈W",26290,문현동,63,64,64.02,64.49
26290-196,"대륙빌라",26290,대연동,54,55,63.58,63.99
26290-168,"명성빌리지",26290,대연동,52,53,59.37,59.38
26290-152,"명성금강",26290,대연동,49,49,47.78,46.54
26290-63,"동일",26290,우암동,44,44,43.68,43.68
26290-181,"대동하이츠빌",26290,대연동,45,,47.03,
26290-208,"송원아트빌",26290,대연동,57,,62.66,
26290-323,"로얄맨션",26290,용호동,39,,44.08,
26290-2573,"엘리움",26290,용호동,66,,58.90,
26290-133,"동경에이스",26290,대연동,46,,45.50,
26290-2755,"대연백리명가에덴",26290,대연동,73,,73.56,
26290-30,"동부타워",26290,용호동,46,45,49.94,50.20
26290-2500,"오름캐슬",26290,대연동,76,,83.40,
26290-228,"동부맨션",26290,용호동,47,,46.61,
26290-193,"삼원파크",26290,대연동,61,,70.59,
26290-184,"대연힐타운",26290,대연동,37,,41.64,
26290-148,"대성아파트",26290,대연동,43,,44.88,
26290-164,"부마힐타워",26290,대연동,41,,28.12,
26290-130,"삼정그린타운",26290,대연동,58,,53.59,
26290-232,"동림상가타운",26290,용호동,59,,63.16,
26290-110,"새한빌리지",26290,대연동,53,,51.07,
26290-7,"동남",26290,대연동,28,28,21.34,22.25
26290-2522,"린다비스타",26290,대연동,61,,49.31,
26290-167,"광이골드타워",26290,대연동,48,,55.92,
26290-318,"가람빌리지",26290,용호동,56,,50.00,
26290-212,"중앙(1781-80)",26290,대연동,45,45,59.10,59.04
26290-155,"대왕골든빌리지",26290,대연동,42,44,48.25,49.30
26290-120,"남경힐타운",26290,대연동,47,,33.08,
26290-326,"동산로즈맨션",26290,용호동,37,,50.40,
26260-14,"새동래3",26260,수안동,35,35,24.73,25.04
26260-61,"동래럭키",26260,온천동,52,52,56.51,57.17
26260-1932,"동래퀸즈W",26260,온천동,48,48,63.81,64.57
26260-2234,"동래래미안아이파크",26260,온천동,58,58,60.07,60.55
26290-194,"장산파크빌",26290,대연동,57,61,50.50,50.77
26290-269,"성도맨션",26290,감만동,35,39,48.65,48.38
26290-236,"금호천지",26290,용호동,35,36,36.73,36.76
26290-2640,"이정팰리스",26290,용호동,64,59,54.42,55.07
26290-38,"엘지메트로시티1",26290,용호동,65,66,58.56,59.02
26290-2724,"엘지메트로시티4-2(215~220동)",26290,용호동,66,66,58.56,59.02
26260-2127,"충렬지음",26260,안락동,66,66,88.08,87.55
26470-1040,"연산동한솔솔파크",26470,연산동,40,40,23.76,23.68
26470-278,"삼익퓨쳐타워",26470,거제동,56,56,72.32,71.75
26470-1410,"부산더샵시티애비뉴",26470,연산동,70,69,83.91,83.69
26470-40,"쌍용",26470,거제동,59,59,53.15,54.18
26470-1712,"e편한세상연산더퍼스트",26470,연산동,67,67,67.62,69.43
26470-1908,"힐스테이트연산",26470,연산동,32,32,42.95,42.91
26470-1920,"연산포레서희스타힐스",26470,연산동,43,44,39.38,39.49
26470-1587,"시청역비스타동원",26470,연산동,70,70,79.48,79.78
26470-1551,"연제롯데캐슬데시앙",26470,연산동,66,66,60.60,61.99
26470-996,"벽산이-메타폴리스",26470,거제동,48,48,61.71,63.05
26470-107,"한양(2차)",26470,연산동,33,34,26.28,26.00
26470-1017,"온천천쌍용예가",26470,거제동,48,49,40.49,41.79
26470-1501,"노블파크",26470,거제동,63,,54.14,
26470-1550,"거제센트럴자이",26470,거제동,48,49,46.04,47.88
26470-1763,"쌍용더플래티넘거제아시아드",26470,거제동,42,42,28.81,28.79
26470-251,"유림아시아드타워",26470,거제동,34,35,42.90,44.84
26470-1914,"연제SKVIEWCentral",26470,연산동,64,65,80.58,81.01
26470-1552,"연산더샵",26470,연산동,53,53,56.85,57.92
26260-282,"현대그랜드빌라",26260,온천동,34,34,36.90,37.48
26470-1481,"연산동일동미라주더스타",26470,연산동,49,50,44.11,44.55
26470-242,"건용베르빌",26470,연산동,58,,56.60,
26470-1005,"연산동현대홈타운",26470,연산동,30,30,42.38,42.15
26470-1383,"더샵파크시티",26470,연산동,45,45,28.38,28.49
26470-63,"동양(706-2)",26470,연산동,62,63,80.59,81.80
26470-1296,"연산경동메르빌",26470,연산동,55,55,59.24,61.02
26470-1438,"태광리치뷰",26470,거제동,59,59,68.83,69.67
26470-1447,"성일이안시티",26470,연산동,62,62,72.46,73.44
26470-1545,"어반힐즈",26470,연산동,71,72,81.95,82.54
26260-1472,"명륜동SK-VIEW",26260,명륜동,35,35,19.54,19.61
26470-170,"청마",26470,연산동,29,29,23.47,23.32
26470-279,"우성로얄",26470,거제동,50,50,66.56,67.54
26470-1484,"웰메이드홈",26470,연산동,52,52,58.39,59.56
26470-20,"부원",26470,거제동,50,50,77.78,77.22
26470-1084,"아시아드푸르지오",26470,거제동,58,58,72.93,73.97
26470-1460,"센텀리버SKVIEW",26470,연산동,54,54,40.74,40.40
26470-26,"유림아시아드",26470,거제동,52,53,29.62,29.68
26470-1032,"거제유림노르웨이숲",26470,거제동,55,55,53.77,54.77
26470-41,"거제2차현대홈타운",26470,거제동,64,64,61.17,61.93
26470-25,"우성",26470,거제동,44,44,21.64,21.60
26470-1538,"시청역SKVIEW",26470,연산동,65,66,64.41,65.03
26470-112,"현대(983-9)",26470,연산동,37,37,12.45,12.07
26470-3048,"레이카운티(2단지)",26470,거제동,61,61,58.77,59.54
26470-4,"거제동롯데캐슬",26470,거제동,48,49,44.16,44.86
26470-86,"연산엘지",26470,연산동,53,53,31.62,31.54
26470-1066,"연산자이",26470,연산동,49,49,26.99,26.62
26470-1258,"온천천2차동원로얄듀크",26470,거제동,39,39,34.51,34.25
26470-1374,"부산센텀푸르지오",26470,연산동,47,47,32.73,32.55
26470-16,"동원타워",26470,거제동,51,51,40.83,41.28
26470-9,"대우",26470,거제동,36,36,40.16,40.33
26470-1013,"동원베네스트",26470,연산동,41,41,32.97,32.85
26470-1014,"에스케이뷰",26470,연산동,57,57,72.69,73.53
26470-1490,"월드파크4",26470,연산동,46,46,36.76,36.36
26470-1503,"엘리시움",26470,연산동,59,59,79.56,80.06
26470-1521,"태영아너스",26470,연산동,48,48,68.26,68.85
26470-156,"청마마이우스",26470,거제동,50,50,56.36,57.54
26470-180,"영일아트빌",26470,연산동,38,39,29.88,29.60
26470-199,"삼원",26470,연산동,48,49,61.67,62.92
26260-183,"명장일양타운",26260,명장동,44,44,24.25,24.11
26470-1027,"센텀수영강푸르지오",26470,연산동,49,49,28.49,28.06
26470-77,"연산삼성타워맨션",26470,연산동,46,47,49.88,51.23
26470-81,"선경",26470,연산동,35,36,27.42,27.37
26470-1000,"거제동월드메르디앙",26470,거제동,58,58,51.57,53.85
26470-105,"한성기린",26470,연산동,52,53,46.61,47.89
26470-1476,"브라운스톤연제2단지",26470,연산동,51,52,54.43,55.70
26470-96,"주공",26470,연산동,30,30,19.86,19.36
26470-10,"대우그린",26470,거제동,22,22,22.69,22.93
26470-42,"경남",26470,연산동,45,45,27.68,27.08
26470-1507,"아이유파크(IU-PARK)",26470,연산동,48,49,51.95,53.20
26470-56,"동덕현대",26470,연산동,44,45,50.06,51.07
26470-106,"한양(1차)",26470,연산동,36,37,34.11,33.87
26260-2095,"동백그린숲",26260,온천동,50,50,48.31,48.43
26470-999,"거제동2차동원로얄듀크",26470,거제동,50,50,26.68,25.99
26470-22,"거제아시아드삼정그린코아",26470,거제동,31,31,22.51,23.06
26470-1535,"시청스마트더블유",26470,연산동,56,57,65.88,67.40
26470-250,"거제동3차동원로얄듀크",26470,거제동,48,48,49.99,49.95
26470-51,"대우",26470,연산동,37,37,24.35,24.08
26470-1385,"드리머스",26470,연산동,65,65,64.38,65.17
26470-1454,"시청역퀸즈W",26470,연산동,55,56,59.74,61.05
26470-1536,"시청역더리체",26470,연산동,56,57,50.75,51.80
26470-1542,"연산역이즈",26470,연산동,64,65,65.91,67.38
26470-1573,"연산스카이힐",26470,연산동,58,59,63.32,64.85
26470-200,"해운하이츠",26470,연산동,39,40,49.00,49.87
26470-5,"경남",26470,거제동,57,58,70.16,71.39
26470-46,"금호천지",26470,연산동,41,42,65.11,65.69
26470-1508,"브라운스톤연제1단지",26470,연산동,60,59,73.76,73.60
26470-1345,"일동미라주리버",26470,거제동,42,43,33.46,34.62
26470-66,"로얄",26470,연산동,40,41,37.36,38.37
26470-80,"서전기아타운",26470,연산동,43,44,53.71,55.09
26470-8,"다뉴브",26470,거제동,54,54,59.62,60.22
26470-1442,"시청역이즈팰리스1차",26470,연산동,50,50,62.48,63.08
26470-115,"효성",26470,연산동,52,53,63.36,64.46
26470-69,"반도보라",26470,연산동,65,66,81.87,82.55
26470-33,"현대타운",26470,거제동,47,47,45.50,46.41
26470-38,"화인상아",26470,거제동,36,36,40.16,40.44
26470-43,"경동",26470,연산동,47,48,33.19,33.67
26470-1469,"성우로하스캐슬",26470,연산동,69,,74.22,
26470-1466,"연산지음",26470,연산동,53,,45.35,
26470-111,"한양타워",26470,연산동,44,45,35.51,35.62
26470-108,"한양(3차)",26470,연산동,35,35,26.79,26.45
26470-1039,"연산맨션(325-7)",26470,연산동,43,44,42.70,43.32
26470-1456,"부산더샵시티애비뉴2차",26470,연산동,65,65,73.97,73.96
26470-110,"한양(5차)",26470,연산동,36,37,28.28,28.30
26470-120,"협성센트로",26470,연산동,52,53,55.55,57.06
26470-1415,"마이네하임",26470,연산동,49,49,38.93,38.42
26470-1448,"연산역휴그린",26470,연산동,63,63,64.38,65.04
26470-1453,"연산아이브",26470,연산동,55,56,59.48,60.81
26470-1471,"거제센텀",26470,거제동,57,58,52.32,53.56
26470-1537,"배산프라임타워",26470,연산동,52,52,77.74,77.88
26470-1564,"더라임시티뷰",26470,연산동,64,65,60.98,62.26
26470-212,"전원에스빌",26470,연산동,62,62,69.80,70.16
26470-223,"해오름아트빌",26470,연산동,61,62,61.61,62.77
26470-292,"동우",26470,연산동,41,42,48.68,50.27
26470-87,"연산재건",26470,연산동,55,56,56.88,58.17
26470-12,"동래화신타운",26470,거제동,35,35,22.07,22.23
26470-1037,"월드마크아시아드",26470,거제동,69,69,69.51,68.55
26470-98,"진일",26470,연산동,34,34,22.77,22.59
26470-3046,"시청역삼정그린코아포레스트",26470,연산동,63,64,78.36,79.62
26470-78,"삼익",26470,연산동,48,49,71.83,72.69
26470-49,"남일",26470,연산동,43,44,63.04,64.11
26470-228,"전원금강빌",26470,연산동,58,59,61.14,62.85
26470-101,"청마파크",26470,연산동,42,42,24.59,23.89
26470-1036,"한일유앤아이",26470,거제동,63,63,77.72,78.63
26470-35,"화랑",26470,거제동,36,36,42.57,42.54
26470-91,"오양",26470,연산동,39,40,50.93,52.24
26470-62,"동서타워",26470,연산동,44,45,63.02,64.34
26470-173,"부림(408-14)",26470,연산동,36,36,21.97,21.78
26470-997,"희망센트럴뷰",26470,거제동,54,,56.50,
26470-113,"현대(481-3)",26470,연산동,35,36,10.88,10.82
26470-1402,"킴스힐타워",26470,연산동,59,59,60.96,62.25
26470-1495,"루미랑스",26470,연산동,54,54,69.69,70.99
26470-150,"수강드림빌라드",26470,연산동,50,50,46.85,47.48
26470-183,"석탑빌",26470,연산동,38,38,24.36,24.26
26470-205,"우일빌라",26470,연산동,49,50,50.91,52.30
26470-231,"희망센트럴뷰",26470,연산동,62,63,79.07,79.85
26470-234,"로얄센트로빌",26470,연산동,54,55,50.04,51.10
26470-74,"산호",26470,연산동,45,46,49.10,49.99
26260-2439,"사직하늘채리센티아",26260,사직동,55,55,50.47,51.09
26260-1504,"삼환나우빌",26260,사직동,42,42,29.95,30.61
26260-1820,"명륜아이파크1단지",26260,명륜동,54,54,26.46,26.36
26260-142,"한신",26260,사직동,37,37,9.86,9.98
26260-1512,"동래센트럴파크하이츠2차",26260,명륜동,43,43,23.74,23.15
26260-72,"스파맨션",26260,온천동,49,49,59.90,60.19
26260-2178,"e편한세상동래아시아드",26260,온천동,55,55,54.98,55.64
26260-55,"동래대우",26260,온천동,56,56,72.18,72.56
26470-53,"대진그린타워",26470,연산동,42,42,49.44,50.42
26470-18,"대호",26470,거제동,38,39,32.51,33.01
26470-73,"부전타워",26470,연산동,38,38,26.96,26.88
26260-1483,"롯데캐슬애브뉴",26260,안락동,60,59,71.13,69.60
26260-2004,"은우아일레",26260,온천동,45,45,41.59,41.76
26470-59,"연산센트럴파크",26470,연산동,29,29,14.76,14.43
26260-2209,"동래다솜시티",26260,수안동,62,62,76.68,77.13
26260-283,"경우골드빌라",26260,온천동,47,47,53.91,54.31
26470-50,"남정",26470,연산동,43,44,56.92,57.87
26470-1257,"해운드림빌",26470,연산동,61,61,58.62,59.46
26470-128,"신진테마빌",26470,연산동,45,45,40.17,41.29
26470-1384,"나경위너스",26470,연산동,69,69,83.47,83.48
26470-1437,"센텀포시즌",26470,연산동,43,43,33.85,33.19
26470-204,"대림그린빌라",26470,연산동,49,50,51.36,52.72
26470-229,"홍림써니빌",26470,연산동,57,57,63.15,63.89
26470-47,"남산",26470,연산동,35,36,24.64,24.50
26470-60,"동서상가",26470,연산동,52,53,81.40,81.86
26470-44,"공영",26470,연산동,57,,78.99,
26470-2,"거제아파트",26470,거제동,47,47,57.87,59.07
26470-71,"부영맨션",26470,연산동,39,39,28.80,28.52
26470-104,"한독",26470,연산동,41,42,52.30,53.20
26470-185,"창성골든빌에이동",26470,연산동,50,51,60.30,62.25
26470-154,"송파지오스4",26470,연산동,42,42,26.58,26.40
26470-82,"성림(1829-11)",26470,연산동,41,46,62.11,62.56
26260-71,"서전",26260,온천동,34,35,26.69,27.31
26470-130,"새둥지빌라(1405-26)",26470,연산동,54,56,53.82,55.86
26470-103,"태광(405-4)",26470,연산동,25,29,10.88,10.82
26470-1049,"에이젠아파트",26470,연산동,53,53,42.62,43.61
26470-1034,"양지마을",26470,연산동,40,,27.47,
26470-134,"병산한마음빌",26470,거제동,48,,49.52,
26470-245,"신화시티빌",26470,연산동,49,,45.95,
26470-27,"진흥목화",26470,거제동,38,39,24.95,26.15
26470-1297,"디아이하우스",26470,연산동,60,,68.37,
26470-148,"석주아트빌",26470,연산동,47,,41.12,
26470-1008,"홍익푸르미",26470,연산동,70,,75.70,
26470-119,"홍림빌리지",26470,연산동,68,,83.58,
26470-117,"라인빌라트",26470,연산동,42,,29.68,
26470-224,"창광빌리지(1293-18)",26470,연산동,67,68,74.68,76.13
26470-21,"산호(1462-3)",26470,거제동,34,34,30.28,29.86
26470-61,"동서연천타워",26470,연산동,31,32,22.24,21.84
26470-286,"성연파크",26470,연산동,47,,31.86,
26500-1929,"광안예서더불어",26500,광안동,55,55,63.86,62.77
26500-1945,"세종엠스테이3차",26500,광안동,69,69,78.98,78.52
26500-2131,"월드파크5",26500,광안동,39,40,27.55,28.46
26500-2245,"남천우성스마트시티뷰",26500,남천동,47,45,36.44,35.38
26500-2479,"테넌바움294",26500,민락동,51,53,42.79,45.35
26500-6,"금보빌라타운",26500,광안동,21,21,19.03,19.76
26500-116,"이편한세상1차",26500,망미동,43,43,53.63,53.63
26500-1892,"힐탑더블시티",26500,광안동,73,72,65.11,64.27
26500-2455,"더샵남천프레스티지",26500,남천동,56,55,46.40,45.69
26500-2061,"센텀비스타동원",26500,민락동,67,68,69.10,68.85
26500-39,"화목타운",26500,남천동,53,52,80.98,80.89
26470-3049,"레이카운티(3단지)",26470,거제동,61,61,58.77,59.54
26470-240,"엔학미지앙",26470,연산동,43,,39.57,
26470-70,"부림(327-1)",26470,연산동,34,40,30.22,30.16
26470-219,"에이스빌(1293-2)",26470,연산동,60,64,54.86,56.06
26470-235,"청아시티빌",26470,연산동,51,,45.47,
26470-246,"연산훼미리타운",26470,연산동,52,,59.47,
26470-287,"인환파크맨션",26470,연산동,56,,67.89,
26470-247,"새연산(1825-2)",26470,연산동,40,46,58.67,59.03
26470-3051,"레이카운티(5단지)",26470,거제동,60,60,53.75,54.82
26470-178,"뉴리버빌",26470,연산동,44,,36.61,
26470-213,"에스비타운",26470,연산동,64,,67.32,
26470-45,"국제",26470,연산동,41,42,57.96,58.89
26470-1312,"해피모아빌",26470,연산동,65,,71.61,
26470-214,"조광네오빌",26470,연산동,66,,72.29,
26470-291,"아림시티빌",26470,연산동,54,,59.74,
26470-118,"강산마을",26470,연산동,40,,25.93,
26470-48,"남산두맨션",26470,연산동,34,,28.87,
26470-161,"황제빌리지",26470,거제동,46,,52.18,
26470-6,"경동",26470,거제동,50,,61.25,
26470-76,"삼보맨션",26470,연산동,50,50,40.15,40.92
26470-64,"동원",26470,연산동,45,46,44.71,45.62
26500-29,"삼익비치",26500,남천동,30,29,19.74,17.66
26500-2361,"경동리인",26500,광안동,40,41,31.84,32.62
26500-74,"센텀비치푸르지오",26500,민락동,42,44,33.97,35.42
26500-1851,"신우피렌체",26500,광안동,57,,48.16,
26500-213,"중경",26500,광안동,45,45,68.91,67.83
26500-2470,"이린타워빌10",26500,광안동,59,59,44.69,44.10
26500-49,"오양장미",26500,망미동,42,42,44.06,44.06
26500-23,"뉴비치",26500,남천동,39,38,31.98,30.68
26500-2281,"광안자이",26500,광안동,33,34,17.67,17.89
26500-1839,"쌍용예가디오션",26500,광안동,54,55,38.26,38.05
26500-1397,"더샵파크리치",26500,망미동,64,64,62.93,62.93
26500-66,"현대",26500,수영동,43,44,62.81,63.20
26500-1983,"e편한세상광안비치",26500,민락동,45,46,38.29,40.60
26500-117,"수영협성르네상스타운",26500,수영동,36,35,30.67,28.10
26500-2212,"성우이린타워",26500,광안동,64,,50.55,
26500-1904,"W-PARKⅡ",26500,광안동,52,,25.00,
26500-2228,"e편한세상오션테라스4단지",26500,민락동,48,48,35.32,37.04
26500-2225,"수영SKVIEW1단지",26500,망미동,56,56,43.36,43.36
26500-24,"남천동원로얄듀크",26500,남천동,53,51,41.61,39.58
26500-1390,"광안현대하이페리온",26500,민락동,65,65,59.20,59.04
26500-52,"망미한신",26500,망미동,47,47,33.19,33.19
26500-75,"롯데캐슬자이언트",26500,민락동,46,47,36.31,37.58
26500-2482,"힐스테이트남천더퍼스트",26500,남천동,54,54,56.62,56.38
26500-1412,"코오롱하늘채골든비치",26500,남천동,50,49,31.66,30.78
26500-1852,"부산더샵센텀포레",26500,민락동,51,51,70.93,70.66
26500-3804,"한웅남천마티안",26500,남천동,59,,41.02,
26500-1691,"광안마티나",26500,광안동,45,,51.27,
26500-2068,"망미이진캐스빌",26500,망미동,45,45,44.69,44.69
26500-115,"이편한세상2차",26500,망미동,54,54,37.82,37.82
26500-1364,"이편한세상3차",26500,망미동,49,49,43.37,43.37
26500-2128,"광안더샵",26500,광안동,59,59,70.74,70.12
26500-1387,"롯데골드로즈",26500,광안동,70,69,69.08,67.37
26500-26,"백산",26500,남천동,47,46,60.42,58.96
26500-5,"광원",26500,광안동,48,48,33.50,33.46
26500-2230,"남천금호어울림더비치",26500,남천동,48,47,26.79,24.68
26500-2229,"e편한세상오션테라스3단지",26500,민락동,43,43,28.21,29.15
26500-2023,"센텀비스타동원2차",26500,민락동,57,58,71.80,71.02
26500-1628,"엑슬루타워",26500,남천동,59,58,53.89,53.35
26500-59,"진로비치(101~103동)",26500,민락동,44,46,36.22,38.12
26500-47,"삼성",26500,망미동,49,49,45.38,45.38
26500-193,"정원스카이",26500,광안동,39,40,30.35,30.81
26500-2227,"e편한세상오션테라스2단지",26500,민락동,40,42,37.66,39.84
26500-1815,"W-PARK",26500,광안동,48,48,64.21,63.06
26500-2456,"남천자이",26500,남천동,43,42,15.17,12.62
26500-1376,"협성엠파이어(101,102동)",26500,광안동,49,48,52.82,51.47
26500-2179,"정원센텀뷰남천",26500,남천동,54,,59.14,
26500-2318,"광안리슈빌DS",26500,민락동,69,71,69.48,69.85
26500-2352,"광안KCC스위첸하버뷰",26500,민락동,36,38,23.53,26.72
26500-60,"태창파크",26500,민락동,42,44,50.72,56.13
26500-67,"진로비치(201,202동)",26500,민락동,40,42,23.53,26.72
26500-62,"화신",26500,민락동,56,57,56.86,57.09
26500-268,"광안동일스위트",26500,광안동,63,63,80.07,78.52
26500-265,"유림주상복합",26500,광안동,55,55,72.63,71.78
26500-2224,"수영SKVIEW2단지",26500,망미동,47,47,38.62,38.62
26500-1832,"다사랑빌",26500,남천동,54,53,52.99,53.00
26500-1384,"광안동에스케이뷰",26500,광안동,66,65,77.48,76.72
26500-1786,"수영강동원로얄듀크",26500,수영동,43,41,29.19,18.87
26500-1377,"광안협성엠파이어(103,105동)",26500,광안동,54,54,73.52,73.02
26500-194,"라익",26500,광안동,48,49,49.50,50.55
26500-2314,"광안에일린의뜰",26500,광안동,40,41,32.95,33.22
26500-2226,"e편한세상오션테라스1단지",26500,민락동,44,45,35.59,37.36
26500-1833,"민락동센텀메르빌",26500,민락동,43,44,55.29,56.81
26500-7,"비치-그린아파트",26500,광안동,50,50,38.32,38.26
26500-1938,"이린타워",26500,광안동,58,58,72.92,72.34
26500-45,"로얄베스토피아",26500,망미동,45,45,19.65,19.65
26500-13,"태평양하이츠",26500,광안동,40,40,44.31,44.33
26500-68,"상아",26500,광안동,45,46,37.93,38.50
26500-1389,"수영만아이파크",26500,민락동,52,53,64.23,65.14
26500-2043,"더클래스동진",26500,광안동,57,57,72.75,72.09
26500-2092,"디아이라뷰",26500,망미동,56,56,53.78,53.78
26500-54,"현대망미",26500,망미동,43,43,39.38,39.38
26500-221,"송파지오스V",26500,광안동,74,,88.33,
26500-2170,"광안부백자연애아파트",26500,광안동,60,60,75.47,74.68
26500-83,"세흥빌라",26500,광안동,40,41,32.58,33.29
26500-58,"이진빌라",26500,민락동,43,44,31.27,32.18
26500-87,"나래아트빌",26500,광안동,52,51,48.39,48.14
26500-1712,"광안협성엠파이어Ⅱ",26500,광안동,70,70,80.28,79.96
26500-1753,"정원타워Ⅰ",26500,광안동,56,55,50.90,49.20
26500-99,"동림",26500,망미동,44,44,41.48,41.48
26500-2120,"더클래스센텀",26500,광안동,50,,37.58,
26500-38,"협진태양",26500,남천동,41,40,41.13,39.15
26500-106,"국화",26500,망미동,56,56,81.11,81.11
26500-140,"행복홈타운",26500,광안동,52,52,61.00,59.59
26500-172,"승우맨션(가동)",26500,광안동,39,39,55.46,55.40
26500-180,"대로해도지빌",26500,광안동,57,58,53.49,55.14
26500-42,"동방(1~5동)",26500,망미동,45,45,51.90,51.90
26500-2012,"디아이하우스",26500,광안동,47,47,57.38,56.66
26500-2017,"수영동아성퍼스트힐",26500,수영동,59,59,52.53,50.86
26500-2022,"금양아이파크",26500,남천동,52,50,47.90,46.65
26500-2029,"이린타워빌8",26500,광안동,56,57,33.63,34.50
26500-2067,"에이스센텀빌리지",26500,광안동,51,51,51.28,51.39
26500-25,"반도보라맨션",26500,남천동,29,29,9.60,7.92
26500-2133,"디아이세라뷰",26500,광안동,42,42,40.22,41.11
26500-1962,"햇살가득한집",26500,망미동,65,65,67.30,67.30
26500-48,"오양",26500,망미동,52,52,52.87,52.87
26500-2207,"에이스로얄팰리스",26500,광안동,40,41,35.84,36.20
26500-262,"삼정그린코아",26500,광안동,47,47,21.98,21.86
26500-222,"삼흥토인월드",26500,광안동,70,70,91.06,90.73
26500-2238,"가비펠리치",26500,광안동,39,40,31.82,33.03
26500-209,"동원맨션(776-21)",26500,광안동,34,34,47.60,47.72
26500-65,"신익탑스빌",26500,수영동,51,48,52.14,42.19
26500-104,"협진태양맨션B동",26500,망미동,43,43,39.94,39.94
26500-90,"센텀빌리지",26500,광안동,57,56,63.54,62.95
26500-97,"광안메르빌",26500,광안동,34,33,32.25,32.00
26500-264,"협성엠파이어106동",26500,광안동,46,46,55.92,54.61
26500-15,"광안화목",26500,광안동,55,55,50.32,50.88
26500-102,"우성파크빌",26500,망미동,54,54,63.92,63.92
26500-114,"부일",26500,망미동,49,49,63.99,63.99
26500-1837,"광안센텀스카이뷰",26500,광안동,45,,37.62,
26500-51,"한성기린",26500,망미동,44,44,44.48,44.48
26500-1730,"에코하임",26500,수영동,48,45,55.36,48.62
26500-1931,"세종엠-스테이Ⅱ",26500,남천동,61,60,62.58,60.92
26500-195,"세종월드",26500,광안동,42,42,34.85,35.36
26500-55,"현대한누리",26500,망미동,41,41,62.84,62.84
26500-1956,"일호센텀누리",26500,광안동,48,47,27.11,26.72
26500-1,"광명(539-1)",26500,광안동,34,34,21.30,21.15
26500-1911,"더폼타워",26500,광안동,60,,72.66,
26500-1989,"남천블루비치",26500,남천동,57,56,50.61,49.77
26500-205,"범바우빌라",26500,광안동,44,44,58.20,56.31
26500-34,"우성보라",26500,남천동,41,39,38.28,36.92
26500-228,"봉황파크",26500,남천동,51,49,56.34,55.77
26500-22,"남천파크",26500,남천동,58,58,66.53,67.62
26500-40,"남천시티빌",26500,남천동,69,68,88.65,87.60
26500-20,"류빈비치빌",26500,광안동,36,,19.16,
26500-8,"부덕그린",26500,광안동,45,45,29.24,29.96
26500-11,"상아아트빌라(101동)",26500,광안동,36,36,30.15,30.00
26500-81,"광안리치빌A",26500,광안동,32,31,19.61,19.63
26500-1810,"성우센텀스카이뷰에이",26500,광안동,43,43,39.62,40.16
26500-261,"동우",26500,민락동,53,53,49.11,49.33
26500-72,"희망파크빌",26500,광안동,56,,62.88,
26500-218,"한솔",26500,광안동,35,,24.63,
26500-121,"태창빌라",26500,수영동,35,,21.20,
26500-46,"산호맨션",26500,망미동,57,57,75.56,75.56
26500-1758,"에이스센텀스카이뷰",26500,광안동,65,,78.49,
26500-151,"서호",26500,광안동,55,55,56.16,54.44
26500-1515,"궁전아이브",26500,남천동,55,53,80.85,79.75
26500-157,"풍림",26500,광안동,55,55,58.17,57.13
26500-171,"금보맨션",26500,광안동,40,40,51.67,50.00
26500-35,"진주",26500,남천동,45,45,56.12,55.61
26500-166,"세진비치빌라",26500,광안동,39,40,31.39,31.52
26500-63,"화인아트",26500,민락동,40,41,54.14,54.57
26500-170,"새광안맨션",26500,광안동,35,36,43.22,43.39
26500-1918,"스테이빌",26500,광안동,43,43,52.78,53.15
26500-2362,"광안스윗팰리스",26500,광안동,73,72,86.89,85.94
26500-1374,"남강하이츠",26500,광안동,58,58,58.08,56.91
26500-260,"백광월드타워",26500,망미동,56,56,60.50,60.50
26500-79,"금수하이빌",26500,광안동,55,55,52.80,51.33
26500-153,"부흥3차",26500,광안동,43,,21.70,
26500-1372,"고은파크뷰",26500,광안동,60,,48.53,
26500-80,"광안시티빌",26500,광안동,64,,72.31,
26500-178,"누원아트빌",26500,광안동,35,,32.18,
26500-233,"뉴하이츠빌라",26500,남천동,39,,58.29,
26500-190,"협성센트로1차",26500,광안동,47,,43.12,
26500-2193,"오션스카이남천",26500,남천동,53,,66.31,
26500-145,"부흥맨션",26500,광안동,45,,37.54,
26500-1600,"LK뉴탑5차",26500,광안동,53,,60.34,
26500-229,"광남",26500,남천동,37,,39.27,
26500-165,"예담빌라",26500,광안동,40,41,36.03,37.23
26500-95,"미진타워빌",26500,민락동,56,,52.34,
26500-1919,"해마루아파트",26500,수영동,67,67,70.14,67.45
26500-164,"남강맨션",26500,광안동,36,37,32.71,33.06
26500-1679,"POPS아트빌38",26500,광안동,81,80,91.77,91.61
26500-105,"협진태양맨션A동",26500,망미동,45,45,50.38,50.38
26500-169,"로즈빌라(170-13)",26500,광안동,33,37,20.52,20.88
26500-134,"진흥목화",26500,민락동,47,,55.98,
26500-1723,"지성캐슬",26500,광안동,70,,82.79,
26500-196,"문화빌라",26500,광안동,44,,52.19,
26410-2499,"윤성리버티",26410,장전동,61,60,62.24,61.15
26500-215,"부전",26500,광안동,55,,56.47,
26500-232,"태흥스위트빌라",26500,남천동,42,,59.70,
26500-1394,"정원부르네오",26500,광안동,51,,51.70,
26500-131,"대원리치빌",26500,민락동,62,,61.55,
26500-69,"광안하이아파트",26500,광안동,41,,54.34,
26500-119,"대명쉐르빌",26500,수영동,51,,49.83,
26500-130,"행복타운",26500,민락동,58,,58.99,
26500-1980,"이린타워빌7",26500,광안동,48,,33.39,
26500-210,"광안동일빌라",26500,광안동,30,,34.07,
26500-154,"성남",26500,광안동,57,,56.96,
26500-168,"해변빌라",26500,광안동,32,,20.07,
26500-36,"진흥목화",26500,남천동,42,,40.07,
26500-43,"동방로얄",26500,망미동,48,48,52.73,52.73
26410-2390,"구서SKVIEW1단지",26410,구서동,50,50,26.76,26.95
26410-2537,"삼한골든뷰에듀스테이션",26410,부곡동,70,70,78.05,79.97
26410-2438,"퀸즈더블유장전역",26410,부곡동,49,49,43.26,43.65
26410-179,"구서우성",26410,구서동,43,44,33.15,33.26
26410-1930,"부곡롯데캐슬디아망",26410,부곡동,42,42,30.11,29.12
26410-2071,"벽산블루밍장전디자인시티2단지",26410,장전동,55,55,43.00,44.01
26410-2486,"장전삼정그린코아더베스트",26410,장전동,61,61,72.28,70.69
26410-12,"경남한신",26410,부곡동,56,56,62.77,64.50
26410-319,"삼백크라시앙",26410,부곡동,55,,68.14,
26410-1938,"장전동금정산SKVIEW",26410,장전동,56,54,38.89,38.78
26410-2232,"금정산2차쌍용예가",26410,장전동,50,48,43.86,42.79
26410-71,"장전현대",26410,장전동,26,25,18.02,18.54
26410-2453,"래미안장전",26410,장전동,60,60,50.55,50.15
26500-137,"극동아파트",26500,민락동,55,66,63.77,63.16
26500-91,"대로베스타빌",26500,광안동,56,61,45.26,45.94
26500-192,"광안센템빌",26500,광안동,41,42,37.19,37.16
26410-1920,"부곡동푸르지오",26410,부곡동,66,66,71.68,72.98
26410-315,"남신베르디",26410,부곡동,52,,44.74,
26410-195,"협성그린",26410,구서동,35,35,28.09,28.62
26410-5,"서동현대",26410,서동,54,54,59.48,56.89
26410-2493,"허브팰리스장전",26410,장전동,59,59,66.38,65.29
26410-17,"뉴그린1",26410,부곡동,38,38,18.58,19.61
26410-343,"구서시티타워",26410,구서동,64,64,75.81,76.45
26410-37,"에스케이아파트",26410,부곡동,59,59,57.48,56.81
26410-2429,"장전서희스타힐스",26410,부곡동,57,58,57.96,59.42
26410-110,"남산하이츠타운",26410,남산동,58,58,43.29,41.02
26410-29,"부곡늘푸른아파트",26410,부곡동,37,37,24.35,25.93
26410-80,"경동",26410,청룡동,21,19,18.42,16.40
26410-172,"선경3",26410,구서동,37,37,38.99,38.77
26410-94,"화신골든맨션",26410,청룡동,63,61,73.39,70.81
26410-2448,"온천장역동원로얄듀크",26410,부곡동,56,56,46.07,46.17
26410-26,"반도맨션",26410,부곡동,42,41,36.63,36.08
26410-2069,"벽산블루밍장전디자인시티3단지",26410,장전동,35,,24.09,
26410-142,"현대그레이스",26410,남산동,45,44,32.70,31.72
26410-54,"금정맨션",26410,장전동,51,50,46.69,46.55
26410-190,"태평양",26410,구서동,29,29,25.91,26.01
26410-2073,"금정산쌍용예가",26410,장전동,46,44,37.42,36.57
26410-214,"수민위즈빌",26410,남산동,59,,76.17,
26410-174,"구서신동아",26410,구서동,50,51,49.91,51.06
26410-18,"대우",26410,부곡동,63,63,69.27,69.93
26410-137,"남산천일로얄맨션",26410,남산동,57,57,71.61,69.96
26410-2521,"구서역두산위브포세이돈",26410,구서동,60,60,68.24,68.35
26410-2440,"꿈꾸는가",26410,구서동,54,55,59.65,61.06
26410-48,"협진태양",26410,부곡동,49,49,52.53,51.49
26410-151,"경보",26410,구서동,33,33,34.36,35.06
26410-24,"무지개타운",26410,부곡동,43,43,35.19,35.68
26410-2500,"구서백리명가에덴",26410,구서동,67,67,59.26,60.49
26410-2577,"헤리티지우석",26410,구서동,59,59,37.45,38.32
26410-1903,"구서동롯데캐슬골드1단지(1051)",26410,구서동,51,51,52.20,52.63
26410-1915,"부곡동대동다:숲",26410,부곡동,53,53,44.57,45.43
26410-1902,"구서동롯데캐슬골드2단지(1049)",26410,구서동,55,55,48.65,49.24
26410-307,"산수유",26410,장전동,52,51,63.07,62.18
26410-1916,"금정산경동메르빌아파트",26410,청룡동,36,35,21.29,19.77
26410-153,"금강부광",26410,구서동,36,36,18.44,18.60
26410-41,"우신뉴타운",26410,부곡동,54,54,50.25,50.05
26410-118,"미화",26410,남산동,37,36,52.79,52.65
26410-1933,"금정힐스테이트",26410,장전동,46,45,25.94,26.64
26410-1937,"구서동쌍용예가2단지",26410,구서동,63,63,34.55,35.55
26410-119,"삼성",26410,남산동,43,41,39.13,37.09
26410-70,"장전경보",26410,장전동,47,47,47.24,47.37
26410-2137,"부산대역삼정그린코아스카이동",26410,부곡동,59,59,65.41,67.03
26410-2375,"금광예다움",26410,구서동,53,53,46.47,48.24
26410-2394,"드림아트온",26410,장전동,56,56,70.50,69.30
26410-2128,"구서 협성 엠파이어",26410,구서동,49,49,56.10,57.56
26410-1912,"우남이채롬",26410,남산동,49,49,48.93,49.93
26410-204,"그린빌",26410,구서동,53,53,46.07,47.64
26410-1892,"삼흥펠리스빌",26410,구서동,61,61,73.59,74.43
26410-58,"금정산한신",26410,장전동,39,38,28.64,28.36
26410-2435,"남산누리마을",26410,남산동,61,61,60.62,61.92
26410-2288,"삼한사랑채",26410,금사동,28,28,22.65,22.82
26410-21,"동양부곡",26410,부곡동,51,52,48.04,48.76
26410-2463,"파크아트온",26410,장전동,63,62,61.41,61.28
26410-2469,"위클라우드16차",26410,부곡동,52,53,42.40,43.72
26410-2475,"트레비앙",26410,서동,63,64,56.77,58.43
26410-108,"럭키남산",26410,남산동,48,46,41.29,38.07
26410-2476,"태성캐슬",26410,구서동,54,54,45.94,46.59
26410-2508,"정우골든시티",26410,장전동,67,,67.98,
26410-2554,"금정더유엘프리미어",26410,청룡동,52,48,50.51,45.42
26410-35,"신동아",26410,부곡동,60,61,57.45,58.05
26410-2490,"온천장해피투모로우",26410,장전동,62,63,53.62,53.75
26410-64,"엘지금정",26410,장전동,42,42,30.72,31.22
26410-2065,"벽산블루밍장전디자인시티1단지",26410,장전동,36,35,21.15,19.77
26410-1897,"동원로얄듀크",26410,부곡동,58,58,70.62,72.18
26410-306,"행운아트빌",26410,장전동,45,44,48.47,48.84
26260-2006,"동서허브H",26260,낙민동,48,48,53.39,54.53
26410-272,"삼성파크",26410,구서동,38,39,45.28,45.48
26410-336,"서동삼한-1",26410,서동,41,43,36.83,41.80
26410-4,"서동아신",26410,서동,24,24,7.00,7.63
26410-2563,"구서다움파크",26410,구서동,51,51,37.58,38.23
26410-2378,"온천아이브",26410,장전동,57,57,58.10,58.90
26410-194,"한진아파트",26410,구서동,34,34,38.18,39.50
26410-2312,"해뜰채",26410,청룡동,55,51,56.56,52.40
26410-1904,"우남이채롬",26410,장전동,61,60,76.51,76.66
26410-1898,"대우우남이채롬",26410,부곡동,50,50,61.72,62.61
26410-2456,"대보드림채",26410,구서동,61,61,53.15,54.03
26410-2464,"서동다성이룸",26410,서동,54,57,44.92,50.17
26410-391,"성지아파트",26410,서동,48,50,43.28,46.68
26410-46,"현대",26410,부곡동,24,24,17.98,19.73
26410-2509,"스카이엘",26410,구서동,60,60,51.90,53.77
26410-256,"학산코스모빌라",26410,남산동,41,41,37.68,36.08
26410-1936,"구서동쌍용예가1단지",26410,구서동,51,51,10.01,10.05
26410-9,"삼한",26410,금사동,51,50,58.40,58.56
26410-215,"마드레빌",26410,부곡동,39,39,25.81,27.35
26410-33,"송림",26410,부곡동,25,,28.02,
26410-383,"유림노르웨이아침",26410,구서동,61,60,59.74,60.40
26410-100,"경동아파트",26410,남산동,61,61,67.88,70.07
26410-13,"경보온천타워",26410,부곡동,57,57,69.40,70.27
26410-45,"향양",26410,부곡동,39,39,27.48,28.86
26410-82,"남화기수타워",26410,청룡동,52,49,56.74,52.55
26410-74,"현대2",26410,장전동,44,43,43.86,43.85
26410-97,"거성경원",26410,남산동,38,38,29.88,28.75
26410-2601,"휴림아르페",26410,남산동,68,,73.11,
26410-44,"한보타운",26410,부곡동,29,29,25.01,25.68
26410-36,"쌍용",26410,부곡동,60,59,62.57,61.70
26410-86,"삼부",26410,청룡동,74,72,90.25,89.54
26410-116,"동산빌라",26410,남산동,35,34,27.91,26.41
26410-2396,"다온미즈",26410,서동,53,55,62.93,65.08
26410-2420,"부곡동프리미엄안단테아파트",26410,부곡동,54,54,42.95,43.63
26410-2401,"엘스퀘어",26410,부곡동,55,55,69.20,70.57
26410-233,"행복이가득한집",26410,남산동,55,55,68.03,69.06
26410-42,"장미(773-1)",26410,부곡동,36,37,31.77,33.32
26410-2434,"태림아르페",26410,청룡동,51,47,46.31,40.78
26410-158,"동일",26410,구서동,46,46,43.08,44.09
26410-2457,"태진팰리스",26410,구서동,61,61,69.18,69.89
26410-2473,"산들파르테2차",26410,구서동,58,58,60.85,61.45
26410-38,"엘지",26410,부곡동,57,58,54.68,55.76
26410-2484,"보성오페라",26410,구서동,56,57,66.84,67.91
26410-22,"동원",26410,부곡동,48,48,56.84,56.87
26410-260,"아름베스트빌6차",26410,구서동,57,56,71.08,71.61
26410-266,"궁전빌리지",26410,구서동,39,39,58.73,59.43
26410-28,"부곡맨션",26410,부곡동,47,47,56.95,58.24
26410-115,"동광세화맨션",26410,남산동,50,49,65.65,66.76
26410-281,"구서동삼백크라시앙",26410,구서동,59,58,65.44,66.44
26410-296,"반야빌라",26410,장전동,55,53,71.11,70.85
26410-39,"영광맨션",26410,부곡동,54,54,72.35,72.74
26410-96,"드림파크빌리지",26410,청룡동,36,32,34.94,29.98
26410-193,"한일",26410,구서동,52,52,68.37,69.38
26410-14,"국제그린",26410,부곡동,43,44,42.40,43.62
26410-318,"장미(215-1)",26410,부곡동,39,40,47.77,49.64
26410-141,"한아름",26410,남산동,24,23,25.75,24.64
26410-175,"신일",26410,구서동,39,39,36.46,36.21
26410-2406,"지성캐슬",26410,청룡동,73,71,71.96,69.24
26410-2395,"우일아내트",26410,서동,46,50,33.09,38.51
26410-2142,"청룡예뜨랑1",26410,청룡동,75,73,82.09,80.04
26410-2254,"골든팰리스",26410,장전동,56,55,65.46,64.71
26410-154,"금화",26410,구서동,43,44,50.65,52.31
26410-2446,"나경위너스",26410,남산동,67,68,71.82,72.48
26410-249,"대명5차",26410,남산동,35,33,28.71,25.16
26410-257,"남산그린파크",26410,남산동,45,45,43.67,42.48
26410-34,"부곡늘푸른아파트",26410,부곡동,32,32,20.10,20.91
26410-181,"일신",26410,구서동,32,32,35.13,35.40
26410-2389,"구서SKVIEW2단지",26410,구서동,44,44,21.17,21.73
26410-263,"청아리치타운",26410,구서동,49,49,49.99,51.60
26410-308,"용진노블레스",26410,장전동,54,53,61.38,60.34
26410-311,"유나베네스타운",26410,부곡동,49,49,56.90,57.62
26410-320,"위스빌",26410,부곡동,29,30,13.58,14.85
26410-328,"전원파크뷰",26410,부곡동,59,59,67.80,68.12
26410-3,"삼한여명",26410,서동,48,50,60.08,61.22
26410-341,"동성베스트",26410,회동동,20,19,19.39,19.48
26410-81,"구남",26410,청룡동,33,29,24.47,19.32
26410-2053,"한진스카이뷰",26410,구서동,60,,79.59,
26410-270,"서원",26410,구서동,50,,61.99,
26410-7,"한성기린",26410,서동,41,44,32.80,38.16
26410-180,"구서빌라1동",26410,구서동,47,,52.32,
26410-666,"청암",26410,남산동,43,42,31.80,30.80
26410-107,"남산그린",26410,남산동,46,43,40.18,36.62
26410-2370,"산들파르테",26410,구서동,47,47,43.44,45.02
26410-1931,"한진스카이",26410,구서동,58,58,64.16,65.08
26410-2300,"삼한사랑채",26410,부곡동,44,45,30.68,32.51
26410-1895,"화신",26410,장전동,58,56,74.85,74.45
26410-209,"조광",26410,구서동,52,52,41.90,42.08
26410-227,"석산3차",26410,남산동,52,53,62.38,64.27
26410-2393,"장전동SJ타워",26410,장전동,56,56,57.98,58.99
26410-140,"태인빌라",26410,남산동,49,47,51.77,49.53
26410-235,"남석빌라",26410,남산동,54,,70.26,
26410-47,"협성",26410,부곡동,58,,79.50,
26410-275,"용진베스트빌라",26410,구서동,49,,40.24,
26410-87,"소암파크",26410,청룡동,35,,39.49,
26410-385,"덕한빌라",26410,장전동,41,,35.26,
26410-2489,"부곡아름채아파트",26410,부곡동,57,,50.34,
26410-269,"동보2차",26410,구서동,35,,51.23,
26410-23,"동현맨션",26410,부곡동,49,,50.85,
26410-388,"재우카라디움",26410,장전동,52,,59.39,
26410-184,"일화아트빌라",26410,구서동,37,,35.35,
26410-1985,"벽송수피아",26410,남산동,71,,93.34,
26410-211,"로얄캐슬",26410,구서동,52,,68.20,
26410-75,"효산",26410,장전동,49,,64.42,
26410-2465,"LKS노빌리티",26410,서동,62,,56.90,
26410-61,"새온천",26410,장전동,48,,65.53,
26410-314,"까치빌라트",26410,부곡동,49,,40.79,
26410-109,"일양하이츠빌라",26410,남산동,38,,32.43,
26410-2238,"SG이너스Ⅱ",26410,부곡동,63,,76.88,
26410-2437,"서동동국에버리치",26410,서동,63,,68.44,
26410-148,"맥스빌",26410,남산동,57,,41.44,
26410-2517,"우석쉐르빌",26410,구서동,57,,66.55,
26410-279,"경희빌리지",26410,구서동,59,,55.60,
26410-85,"범양빌라",26410,청룡동,52,50,57.87,54.65
26410-264,"광이드림타워",26410,구서동,55,,62.53,
26410-102,"경원A동",26410,남산동,53,,39.58,
26410-2336,"엘리시움",26410,남산동,70,,60.71,
26410-2496,"해마루3",26410,부곡동,59,,47.68,
26410-339,"LG스카이빌",26410,금사동,32,,30.59,
26410-286,"명진",26410,구서동,27,28,41.78,42.97
26410-218,"동남아트빌",26410,서동,56,,64.01,
26410-2413,"온천지음",26410,부곡동,65,,64.88,
26410-19,"동백",26410,부곡동,39,,54.24,
26410-68,"용진힐타운",26410,장전동,59,,63.44,
26410-389,"최신빌라",26410,장전동,54,,57.61,
26410-208,"우남센스빌",26410,구서동,54,,40.43,
26410-291,"동아썬빌라",26410,장전동,15,,15.93,
26410-241,"아름베스트7차",26410,남산동,62,,85.21,
26410-104,"국제빌라",26410,남산동,51,56,40.98,38.45
26410-207,"구서동하나로3",26410,구서동,53,56,38.41,39.06
26410-271,"전원금강빌",26410,구서동,47,46,57.47,58.25
26410-197,"아름베스트빌5",26410,구서동,44,44,59.02,59.94
26410-2422,"휴림아르페(남산동21-7)",26410,남산동,70,66,73.57,74.51
26410-92,"청산빌라",26410,청룡동,51,53,56.39,52.18
26410-106,"남도그린파크",26410,남산동,27,,20.24,
26410-234,"건흥",26410,남산동,56,,74.50,
26410-397,"샘하이츠",26410,남산동,49,,35.05,
26410-60,"삼성하이츠",26410,장전동,21,,13.72,
26410-162,"산호",26410,구서동,42,42,41.29,41.02
26410-259,"석산6차",26410,남산동,39,,42.88,
26410-63,"소망빌라",26410,장전동,59,,75.65,
26410-223,"금정산롯데인벤스84",26410,청룡동,28,,16.84,
26410-128,"신풍아트빌라",26410,남산동,38,,31.63,
26410-144,"동보6차",26410,남산동,46,,22.62,
26410-2240,"천아하늘정원",26410,부곡동,58,,46.21,
26410-250,"아신빌라",26410,남산동,22,,23.59,
26410-248,"대명빌라1차",26410,남산동,33,,30.59,
26410-2407,"부광아트빌",26410,서동,55,,54.18,
26410-164,"삼산",26410,구서동,47,47,54.36,55.55
26410-2225,"위클라우드4차",26410,부곡동,57,,48.22,
26410-49,"신한탑스빌",26410,부곡동,33,,43.65,
26410-84,"도완시티빌",26410,청룡동,29,,21.43,
26410-103,"국제그린파크",26410,남산동,50,49,52.87,53.34
26260-1487,"벽산아스타",26260,온천동,47,47,33.69,34.53
26260-2216,"동래3차SKVIEW",26260,온천동,54,54,37.70,37.71
26260-130,"삼정그린코아",26260,사직동,39,39,23.66,24.18
26260-3644,"래미안포레스티지1단지",26260,온천동,45,45,16.95,17.19
26260-174,"삼보(290-2)",26260,명장동,51,50,69.47,67.97
26260-38,"한양",26260,낙민동,45,45,63.53,63.72
26260-30,"동래벽산",26260,낙민동,45,46,35.86,37.34
26260-150,"안락현대",26260,안락동,47,46,31.71,30.46
26260-1467,"반도보라스카이뷰",26260,온천동,68,68,73.66,74.12
26260-68,"삼익",26260,온천동,50,50,47.14,47.33
26260-1528,"사직2차쌍용예가",26260,사직동,46,46,29.69,30.34
26410-247,"대명하이츠3차",26410,남산동,32,33,37.84,34.77
26410-171,"선경2",26410,구서동,56,57,55.22,56.61
26410-2119,"구서다움",26410,구서동,45,45,13.61,14.17
26380-1993,"스마트더블유",26380,장림동,71,70,67.81,66.32
26260-58,"동영",26260,온천동,58,58,73.26,73.34
26260-69,"삼협",26260,온천동,32,32,33.43,33.56
26260-1476,"사직쌍용예가",26260,사직동,48,49,25.04,25.56
26260-2110,"동래효성해링턴플레이스",26260,온천동,67,68,62.53,63.05
26260-2437,"낙민역삼정그린코아더시티",26260,낙민동,45,45,54.12,55.12
26260-1981,"케이에이치마이우스",26260,온천동,47,,45.34,
26260-2104,"명륜자이",26260,명륜동,61,60,55.46,54.65
26260-163,"명장경동",26260,명장동,59,59,79.46,78.98
26260-2244,"힐스테이트명륜트라디움",26260,명륜동,54,54,46.87,46.55
26260-2144,"e편한세상동래명장1단지",26260,명장동,53,53,28.02,26.03
26260-75,"신화타워",26260,온천동,51,52,77.46,78.45
26260-2061,"동래동일스위트",26260,명장동,36,36,5.00,5.00
26260-1469,"강변뜨란채",26260,안락동,65,64,82.64,82.58
26260-1485,"한일유앤아이",26260,낙민동,56,57,55.57,56.80
26260-1450,"안락뜨란채2단지",26260,안락동,47,46,41.69,38.85
26260-149,"안락SKVIEW",26260,안락동,56,55,36.68,34.07
26260-2024,"사직롯데캐슬더클래식",26260,사직동,68,68,61.26,61.12
26260-2160,"온천천경동리인타워2차",26260,수안동,44,44,50.71,50.27
26260-3645,"래미안포레스티지2단지",26260,온천동,43,43,14.21,14.42
26260-1928,"안락경동리인",26260,안락동,52,51,38.47,38.45
26260-81,"한사랑",26260,온천동,49,49,49.51,50.07
26260-1,"금양해바라기1",26260,수안동,54,54,40.98,40.45
26260-24,"한진",26260,수안동,62,62,48.52,48.28
26260-2438,"안락스위첸",26260,안락동,60,59,57.56,55.45
26260-2427,"이안동래센트럴시티",26260,온천동,49,49,43.15,44.01
26260-31,"동래우성",26260,낙민동,44,45,29.98,32.48
26260-1473,"사직2차삼정그린코아",26260,사직동,40,40,10.31,10.45
26260-1957,"명륜2차아이파크2단지",26260,명륜동,38,38,13.69,13.74
26260-2022,"사직KCC스위첸1단지",26260,사직동,45,46,42.90,43.69
26260-29,"동원로얄듀크",26260,낙민동,46,47,27.02,27.35
26260-159,"화목",26260,안락동,34,33,46.30,44.71
26260-148,"석천",26260,안락동,64,64,77.34,76.81
26260-2145,"e편한세상동래명장2단지",26260,명장동,59,59,65.20,65.87
26260-2000,"사직역삼정그린코아더베스트1차",26260,사직동,65,65,71.35,71.50
26260-1479,"쌍용예가",26260,명륜동,56,56,64.13,63.65
26260-2141,"쌍용더플래티넘사직아시아드아파트",26260,사직동,58,58,54.53,54.25
26260-2066,"동래삼정그린코아포레스트",26260,온천동,55,55,41.86,41.93
26260-123,"로얄1",26260,사직동,45,45,48.15,49.01
26260-32,"제일아파트",26260,낙민동,59,60,77.32,77.96
26260-212,"부광캐슬",26260,온천동,53,53,53.12,53.41
26260-64,"부원",26260,온천동,55,55,61.02,61.49
26260-2023,"사직KCC스위첸2단지",26260,사직동,42,42,26.53,27.04
26260-184,"조양",26260,명장동,45,45,69.09,68.95
26260-2113,"두비앙에코힐아파트",26260,온천동,30,30,7.08,7.03
26260-35,"한신",26260,낙민동,50,51,40.28,41.55
26260-250,"삼창",26260,명륜동,49,,71.64,
26260-251,"세창(702-48)",26260,명륜동,47,47,64.83,65.19
26260-1992,"일성아이앤유2차",26260,온천동,41,40,30.74,31.26
26260-358,"금림필3차",26260,명륜동,51,51,59.10,59.41
26260-260,"위너비타",26260,온천동,55,55,65.16,65.65
26260-2217,"아이뷰파크",26260,명장동,51,51,48.58,47.54
26260-1482,"사직자이",26260,사직동,58,58,51.12,51.06
26260-1466,"동래SKVIEW",26260,온천동,59,59,54.68,54.39
26260-13,"새동래2마동",26260,수안동,62,61,68.86,68.54
26260-191,"동부산아이존빌",26260,안락동,50,49,43.59,41.24
26260-18,"수안",26260,수안동,42,42,38.38,38.34
26260-79,"태림맨션",26260,온천동,55,55,56.72,56.57
26260-172,"무지개",26260,명장동,46,46,45.67,44.34
26260-2172,"동래롯데캐슬퀸",26260,명륜동,61,61,82.44,83.69
26260-39,"우성베스토피아",26260,복천동,56,56,86.96,86.96
26260-2,"금양해바라기2",26260,수안동,62,62,67.01,66.39
26260-52,"대동타운",26260,온천동,43,43,41.14,41.96
26260-1449,"안락뜨란채1단지",26260,안락동,47,46,33.48,30.66
26260-70,"새온천화신동영",26260,온천동,40,40,24.83,25.26
26260-157,"한우",26260,안락동,35,34,25.26,23.11
26260-2086,"사직역삼정그린코아더베스트2차",26260,사직동,56,55,65.55,65.23
26260-2096,"명륜동힐스테이트",26260,명륜동,51,50,38.20,37.36
26260-34,"중앙하이츠2",26260,낙민동,42,42,25.52,25.63
26260-1634,"경보이리스힐",26260,수안동,65,65,81.15,81.30
26260-2039,"동래보해이브",26260,안락동,48,46,48.46,45.47
26260-247,"금림필2차",26260,명륜동,51,51,62.48,63.11
26260-2143,"동래효산벨뷰",26260,온천동,67,67,67.80,68.46
26260-228,"문성하이츠빌라",26260,복천동,22,22,6.61,6.61
26260-206,"해금리더스",26260,사직동,51,51,56.18,56.26
26260-264,"세진베스트빌",26260,온천동,38,38,36.43,37.10
26260-1451,"오성빌라트",26260,복천동,57,57,71.92,71.92
26260-215,"명장유림노르웨이숲",26260,명장동,55,54,75.31,74.43
26260-169,"동양맨션",26260,명장동,44,44,47.59,47.60
26260-3646,"래미안포레스티지3단지",26260,온천동,45,45,34.73,34.95
26260-127,"백산2",26260,사직동,47,47,55.04,54.77
26260-1513,"동래센트럴파크하이츠1차",26260,명륜동,46,46,24.45,24.69
26260-143,"해운",26260,사직동,34,34,25.69,26.26
26260-1774,"센텀유림노르웨이숲",26260,안락동,48,47,61.99,60.37
26260-51,"대가하이츠",26260,온천동,47,47,52.02,51.71
26260-33,"중앙하이츠1",26260,낙민동,37,38,30.34,30.95
26260-12,"새동래1(가~라동)",26260,수안동,61,60,63.49,62.58
26260-6,"무궁화",26260,수안동,49,48,47.30,45.86
26260-2099,"온천동한진스카이뷰",26260,온천동,42,42,32.90,33.16
26260-53,"대륙코리아나",26260,온천동,34,35,28.07,28.67
26260-186,"협진태양",26260,명장동,45,44,30.81,29.12
26260-45,"명륜한신",26260,명륜동,43,43,47.10,47.06
26260-132,"신동아(가)75-5",26260,사직동,48,48,59.11,59.23
26260-314,"글로벌빌라트",26260,사직동,29,30,28.61,28.81
26260-263,"해피타운",26260,온천동,36,36,26.56,27.12
26260-2174,"한성기린(668-0)",26260,안락동,64,64,80.41,79.95
26260-2112,"포르투나",26260,온천동,60,60,60.89,61.40
26260-44,"청마",26260,명륜동,47,47,51.58,50.92
26260-1788,"센텀빌",26260,온천동,63,63,75.76,76.09
26260-67,"삼우맨션",26260,온천동,53,53,64.56,65.06
26260-1452,"르 메이에르 동래타운",26260,온천동,54,54,54.99,54.97
26260-208,"성완아이렉스",26260,온천동,47,48,40.44,40.93
26260-203,"금광타워빌",26260,수안동,37,36,42.94,42.15
26260-3,"대진",26260,수안동,52,,62.11,
26260-229,"새한센시빌",26260,수안동,50,,49.88,
26260-77,"원타워",26260,온천동,48,48,48.30,48.18
26260-181,"영산무지개타운",26260,명장동,50,50,63.00,61.39
26260-370,"성도뷰크",26260,온천동,43,,39.26,
26260-285,"경보이리스힐",26260,온천동,39,39,39.62,40.46
26260-84,"화인",26260,온천동,28,28,21.82,22.17
26260-280,"선경시티빌",26260,온천동,41,41,36.39,36.23
26260-136,"유원",26260,사직동,20,20,8.66,8.75
26260-1684,"허브센티움",26260,온천동,63,,81.04,
26260-221,"태성맨션",26260,안락동,47,45,58.68,55.23
26260-194,"춘당탑스빌",26260,온천동,52,52,64.46,64.29
26260-1986,"더팰리스",26260,사직동,69,69,80.72,80.38
26260-308,"협성",26260,사직동,56,56,66.83,66.83
26260-63,"반도",26260,온천동,27,27,25.70,26.13
26260-1790,"초원스마트빌",26260,온천동,43,43,47.27,47.69
26260-1464,"엘리유리안",26260,명륜동,61,61,81.73,82.66
26260-371,"성완세띠앙",26260,수안동,65,65,79.76,79.73
26260-278,"일화그린빌라",26260,온천동,24,25,33.17,33.41
26260-286,"지영아이니드빌",26260,온천동,58,58,55.93,55.76
26260-171,"명장제일",26260,명장동,41,42,41.68,41.10
26260-131,"신공영",26260,사직동,36,36,37.36,38.21
26260-2124,"지성캐슬",26260,온천동,67,67,65.09,65.33
26260-244,"명륜동위너비타",26260,명륜동,57,56,76.57,77.26
26260-27,"광림",26260,낙민동,41,41,58.84,58.64
26260-111,"아림베르빌",26260,온천동,61,61,58.78,58.64
26260-1947,"트레비앙",26260,온천동,51,51,51.15,51.71
26260-133,"신사직",26260,사직동,38,38,47.88,47.42
26260-126,"백산1",26260,사직동,52,52,62.87,62.80
26260-1930,"수안동미소지음아파트",26260,수안동,55,55,64.40,64.32
26260-41,"덕산",26260,칠산동,48,48,55.65,55.61
26260-7,"반도보라",26260,수안동,48,47,25.03,23.91
26260-164,"국제파크",26260,명장동,57,57,75.99,76.30
26260-40,"동래복천현대",26260,복천동,49,49,29.11,29.11
26260-146,"도시안락",26260,안락동,31,30,26.39,23.56
26260-121,"동원빌라",26260,사직동,58,58,67.86,67.87
26260-37,"한신2",26260,낙민동,48,49,57.76,57.86
26260-54,"동남온천맨션",26260,온천동,48,48,51.19,51.54
26260-36,"한신1",26260,낙민동,51,52,69.43,70.09
26260-141,"태양연립",26260,사직동,46,46,47.45,48.12
26260-1802,"근창펠리체",26260,온천동,63,63,77.04,77.60
26260-19,"수안동신맨션",26260,수안동,41,41,23.56,23.66
26260-198,"듀오빌",26260,온천동,56,56,63.98,64.50
26260-1868,"홍림그린피아2차",26260,온천동,60,60,63.68,63.91
26260-1982,"오름파크",26260,사직동,64,64,73.19,73.42
26260-2060,"동래센트리움아파트",26260,수안동,61,60,76.46,75.92
26260-224,"대신탑스빌",26260,낙민동,50,50,49.68,48.93
26260-303,"사직리첸스빌",26260,사직동,56,56,56.59,56.65
26260-1939,"광명캐슬",26260,온천동,58,58,61.87,61.81
26260-97,"신보빌라",26260,온천동,32,32,33.88,34.44
26260-299,"미소마을",26260,사직동,56,56,68.88,68.97
26260-268,"효림시티빌",26260,온천동,48,48,43.60,44.40
26260-178,"새천년",26260,명장동,50,50,61.00,60.11
26260-185,"한신",26260,명장동,46,45,52.99,51.84
26260-179,"아림파크맨션",26260,명장동,47,47,38.09,37.15
26260-1493,"동래SKVIEW2차",26260,온천동,63,63,63.62,63.66
26260-92,"보인빌라",26260,온천동,35,,16.60,
26260-220,"개나리",26260,명장동,57,,49.55,
26260-167,"동남타워",26260,명장동,50,51,32.62,33.74
26260-83,"온천화신아파트",26260,온천동,31,31,33.65,33.81
26260-356,"동호",26260,복천동,40,40,49.55,49.55
26260-294,"유성빌라",26260,사직동,53,53,55.91,54.97
26260-1783,"허브센티움Ⅱ",26260,온천동,66,66,71.55,72.28
26260-2444,"래미안포레스티지",26260,온천동,41,41,18.26,18.24
26260-1854,"더리체",26260,온천동,63,63,68.57,69.13
26260-182,"영화맨션",26260,명장동,35,34,26.27,26.22
26260-1955,"휴림아르페",26260,온천동,69,69,88.02,88.71
26260-211,"동보스카이힐",26260,온천동,55,55,66.06,66.64
26260-1785,"용진스타티스",26260,온천동,48,48,40.84,41.59
26260-147,"삼성",26260,안락동,37,36,43.22,40.78
26260-1923,"골드리버",26260,온천동,58,58,63.74,64.19
26260-243,"한우리아트빌",26260,명륜동,52,52,62.01,60.80
26260-1906,"남영아트펠리체",26260,온천동,49,50,53.41,54.08
26260-80,"온천프라자",26260,온천동,48,48,56.32,56.50
26260-1717,"초원시티빌",26260,온천동,37,37,35.74,36.57
26260-144,"대성하이빌",26260,사직동,52,52,63.00,62.97
26260-82,"현대빌라",26260,온천동,30,30,15.42,15.74
26260-1708,"태경에버리치",26260,온천동,60,60,62.00,62.17
26260-2050,"우석쉐르빌",26260,온천동,64,64,66.96,67.46
26260-369,"삼정그린빌라",26260,온천동,57,57,62.93,63.31
26260-156,"한성기린",26260,안락동,49,48,66.21,64.15
26260-50,"금성맨션",26260,온천동,61,,90.54,
26260-145,"남흥",26260,안락동,47,45,45.92,41.82
26260-101,"평광하이츠빌",26260,온천동,51,,66.48,
26260-2116,"KH파인우스",26260,온천동,47,,36.93,
26260-1966,"에스더",26260,낙민동,56,,53.10,
26260-104,"혜성파크빌",26260,온천동,59,,69.43,
26260-25,"형제맨션",26260,수안동,35,,29.25,
26260-196,"GLG스파타운",26260,온천동,59,,75.95,
26260-266,"필라뷰",26260,온천동,30,,16.39,
26260-2443,"메종나인",26260,온천동,71,,70.08,
26260-281,"온천명화빌리지",26260,온천동,34,,41.47,
26260-2430,"지음시그너스인동래",26260,온천동,66,,55.09,
26260-233,"동래하이츠빌라",26260,수안동,49,49,56.15,56.05
26260-253,"훼밀리빌라트",26260,명륜동,35,,25.05,
26260-177,"새동양",26260,명장동,35,,35.69,
26260-222,"동래화목별동",26260,안락동,46,,66.62,
26260-154,"진흥상가",26260,안락동,38,,33.68,
26260-100,"한맥타운",26260,온천동,35,,36.16,
26260-289,"정심파크빌",26260,온천동,55,,55.74,
26260-1474,"덕경네오빌",26260,안락동,46,,24.84,
26260-22,"장미",26260,수안동,50,50,49.29,49.02
26260-4,"대토",26260,수안동,33,32,25.34,24.19
26260-1864,"상우다솜",26260,사직동,57,,56.80,
26260-2013,"부일스톤캐슬",26260,낙민동,57,,62.57,
26260-155,"충렬",26260,안락동,41,,30.48,
26260-192,"남평파크뷰",26260,온천동,57,,68.34,
26260-1858,"일성아이앤유",26260,온천동,41,36,33.80,34.40
26380-242,"몰운대",26380,다대동,58,59,62.62,64.13
26380-2038,"괴정신동아파밀리에",26380,괴정동,40,40,13.25,14.05
26260-276,"세종빌에이동",26260,온천동,37,35,16.45,16.98
26470-75,"삼경",26470,연산동,34,,26.69,
26260-297,"제세하이빌(48-7)",26260,사직동,48,48,46.71,45.94
26260-9,"삼경맨션",26260,수안동,42,42,26.47,26.87
26260-2031,"시티하임3차",26260,온천동,71,71,79.58,80.11
26260-1654,"시티하임",26260,온천동,54,54,52.90,53.45
26260-88,"태건빌리지",26260,온천동,31,31,21.01,21.10
26380-266,"동일",26380,감천동,48,48,51.38,51.24
26380-208,"강남",26380,장림동,28,28,31.73,31.53
26380-349,"동원로얄듀크",26380,장림동,37,36,17.51,17.33
26380-246,"신다대",26380,다대동,46,,61.82,
26380-1939,"e편한세상사하",26380,구평동,47,47,50.90,50.90
26380-1607,"하단지오피아",26380,하단동,42,,30.44,
26380-3007,"두산위브더제니스센트럴사하",26380,장림동,59,59,32.45,31.26
26380-239,"다송",26380,다대동,33,34,27.21,27.72
26380-1617,"다대동롯데캐슬몰운대",26380,다대동,62,63,42.54,42.92
26380-1988,"감천오펠리움아파트",26380,감천동,63,,43.42,
26380-210,"국제마마",26380,장림동,22,22,25.34,24.05
26380-1854,"다대롯데캐슬블루",26380,다대동,55,56,41.21,44.05
26380-1612,"협성르네상스",26380,장림동,60,60,59.36,59.82
26380-2084,"힐스테이트사하역",26380,괴정동,61,62,50.20,51.97
26380-1952,"당리경보이리스힐",26380,당리동,33,34,25.35,27.63
26380-255,"다대포현대",26380,다대동,47,48,29.87,30.68
26380-243,"삼환",26380,다대동,46,48,36.72,39.97
26380-254,"다대해송",26380,다대동,49,50,38.40,39.64
26380-68,"화신",26380,괴정동,34,,39.14,
26380-261,"감천유림1차",26380,감천동,55,54,44.27,43.74
26380-238,"다대푸른",26380,다대동,52,53,61.02,63.06
26380-202,"신익강변타운",26380,신평동,53,53,55.29,53.58
26380-2069,"사하코오롱하늘채",26380,신평동,38,38,19.65,20.07
26380-2113,"중앙하이츠더힐",26380,신평동,68,,47.16,
26380-1629,"효산센터빌",26380,신평동,47,,37.14,
26380-1637,"부영벽산블루밍",26380,당리동,43,45,37.01,41.48
26380-27,"삼익",26380,괴정동,62,62,69.69,71.27
26380-1584,"동원베네스트2차",26380,당리동,36,36,21.21,21.78
26380-213,"장림3차동원",26380,장림동,59,59,67.28,66.76
26380-345,"영동힐타운",26380,감천동,33,33,43.86,43.25
26380-1689,"신평협성엠파이어",26380,신평동,41,41,35.45,35.25
26380-296,"수호천사",26380,괴정동,28,29,38.20,39.14
26380-128,"가락타운1",26380,하단동,53,55,50.60,51.85
26380-204,"한솔베스파트",26380,신평동,61,61,78.12,77.41
26380-105,"당리에덴동산타운",26380,당리동,48,49,39.54,42.82
26380-47,"우신타워아파트",26380,괴정동,37,37,15.50,15.48
26380-1795,"부산구평동한신휴플러스",26380,구평동,52,52,62.24,62.24
26380-334,"하단동에스케이뷰",26380,하단동,35,35,18.17,18.30
26380-2082,"괴정한신더휴",26380,괴정동,45,45,51.69,53.77
26380-1947,"사하뷰웰",26380,신평동,51,51,27.16,27.88
26380-216,"장림로얄베스토피아",26380,장림동,49,48,58.69,56.97
26380-91,"벽산으뜸",26380,당리동,49,50,30.62,33.85
26380-14,"동아파크",26380,괴정동,30,30,28.25,29.18
26380-1733,"다대푸르지오",26380,다대동,48,49,32.31,33.43
26380-2053,"사하역비스타동원",26380,괴정동,72,72,71.12,72.11
26380-120,"혜성",26380,당리동,32,33,30.50,32.16
26380-205,"한신",26380,신평동,50,51,50.41,51.19
26380-234,"국제그린",26380,다대동,36,37,30.04,32.41
26380-1610,"극동스타클래스",26380,괴정동,55,56,62.97,64.20
26380-350,"당리동1차동원베네스트",26380,당리동,33,33,21.87,22.58
26380-206,"현대",26380,신평동,46,46,57.98,56.80
26380-318,"영동힐타운",26380,하단동,54,57,66.26,69.31
26380-1941,"신평삼한사랑채",26380,신평동,37,37,34.37,35.00
26380-259,"구평화신",26380,구평동,35,35,21.20,21.20
26380-1975,"e편한세상사하2차",26380,구평동,62,62,68.72,68.72
26380-338,"신세대지큐빌",26380,장림동,47,47,53.42,52.91
26380-317,"대호세화",26380,하단동,51,53,63.21,65.73
26380-280,"부영벽산파라빌",26380,감천동,72,72,72.66,72.88
26380-218,"장림삼경아파트",26380,장림동,42,42,46.45,46.94
26380-265,"남성한빛가든",26380,감천동,51,51,49.11,48.84
26380-103,"당리신익",26380,당리동,52,54,36.76,41.25
26380-51,"괴정자유3",26380,괴정동,43,44,46.51,47.66
26380-258,"구평1차자유",26380,구평동,52,52,55.22,55.22
26380-1857,"괴정 K스타파크",26380,괴정동,46,46,56.89,58.69
26380-50,"자유",26380,괴정동,58,58,48.76,50.79
26380-245,"성원",26380,다대동,52,53,49.93,53.44
26380-1608,"괴정경동메르빌",26380,괴정동,42,43,14.97,14.86
26380-15,"괴정동원",26380,괴정동,44,44,42.48,44.40
26380-178,"한신혜성",26380,하단동,61,64,66.69,69.99
26380-200,"신평삼익아파트",26380,신평동,44,45,43.00,41.76
26380-1917,"괴정협성휴포레아파트",26380,괴정동,69,69,68.85,70.55
26380-1977,"장림역사하베스티움",26380,장림동,69,69,71.69,70.95
26380-323,"청호2차",26380,하단동,72,74,76.51,77.78
26380-287,"리치하우스",26380,당리동,73,74,86.90,88.39
26380-215,"동해",26380,장림동,55,55,72.68,73.01
26380-269,"삼정동백",26380,감천동,63,63,76.92,76.17
26380-268,"감천백산",26380,감천동,58,58,48.54,48.24
26380-1961,"헤를리치",26380,하단동,36,36,24.99,25.65
26380-214,"동원타워",26380,장림동,53,53,57.16,57.19
26380-207,"원우",26380,신평동,59,59,56.44,53.39
26380-248,"자유",26380,다대동,37,39,34.79,35.19
26380-2041,"장림역베스티움2차",26380,장림동,66,66,56.56,55.80
26380-283,"신평한성임호",26380,신평동,48,48,49.59,48.18
26380-94,"삼성타워맨션",26380,당리동,29,30,23.47,26.02
26380-233,"경동메르빌아파트",26380,장림동,38,38,41.36,41.32
26380-230,"현대타워",26380,장림동,52,52,68.54,68.52
26380-253,"다대코오롱맨션",26380,다대동,48,50,62.18,62.76
26380-18,"동진그린힐",26380,괴정동,52,52,44.94,46.02
26380-229,"장림현대(372-4)",26380,장림동,58,58,71.47,71.74
26380-260,"감천단지",26380,감천동,51,51,43.86,43.25
26380-135,"공작",26380,하단동,31,31,30.35,31.57
26380-1580,"장림윌더하임",26380,장림동,51,50,37.09,35.22
26380-166,"하단청구",26380,하단동,45,47,54.71,57.28
26380-1856,"건우리안",26380,하단동,65,,61.88,
26380-1621,"나산리버빌",26380,장림동,59,,58.37,
26380-2013,"리버팰리스",26380,장림동,63,63,71.21,70.61
26380-274,"감천유림2차",26380,감천동,57,57,47.68,47.04
26380-83,"괴정신동화",26380,괴정동,49,49,35.55,36.73
26380-1776,"당리푸르지오",26380,당리동,64,66,64.28,68.77
26380-108,"우림그린맨션",26380,당리동,27,28,25.51,28.59
26380-111,"일원파크맨션",26380,당리동,33,35,30.36,34.42
26380-2003,"하단지음주상복합",26380,하단동,64,65,70.48,72.65
26380-307,"새보람더존빌",26380,괴정동,68,68,84.27,85.13
26380-58,"태화",26380,괴정동,54,,77.47,
26380-224,"장림",26380,장림동,36,36,18.14,16.61
26380-141,"하단대진",26380,하단동,51,53,46.19,48.40
26380-346,"신한",26380,감천동,39,39,52.52,51.84
26380-277,"해태",26380,감천동,46,46,42.57,41.94
26380-250,"조성하이츠",26380,다대동,52,54,73.11,76.02
26380-84,"당리삼창",26380,당리동,71,73,70.75,75.14
26380-199,"신평럭키무지개타운",26380,신평동,43,44,43.60,43.45
26380-1969,"휴누리",26380,당리동,75,,80.18,
26380-121,"호성빌라맨션",26380,당리동,52,54,38.24,42.95
26380-219,"삼경제일",26380,장림동,40,40,45.95,46.37
26380-38,"신괴정화신아파트",26380,괴정동,45,46,49.96,51.03
26380-237,"다대다해",26380,다대동,48,50,69.35,71.43
26380-52,"장미",26380,괴정동,33,33,33.55,34.36
26380-221,"장림신도",26380,장림동,42,41,51.22,51.00
26380-1922,"괴정동천아하늘정원2차",26380,괴정동,66,67,64.97,66.95
26380-22,"벽산하이츠타운",26380,괴정동,34,34,23.81,25.33
26380-244,"삼환2",26380,다대동,45,46,44.18,46.17
26380-2115,"사하삼정그린코아더시티",26380,하단동,65,66,73.84,76.57
26380-176,"하단삼창",26380,하단동,59,60,73.03,75.88
26380-241,"대우",26380,다대동,57,58,60.12,61.72
26380-295,"화원레샹스",26380,괴정동,66,66,71.84,73.57
26380-209,"국제그레이트",26380,장림동,52,52,42.58,42.02
26380-300,"현대캐스빌",26380,괴정동,37,37,36.59,37.72
26380-39,"신대우빌라트",26380,괴정동,34,35,44.00,45.07
26380-59,"하이츠빌리지",26380,괴정동,32,32,27.66,28.96
26380-20,"미광",26380,괴정동,57,57,62.27,63.90
26380-1989,"하단동한웅드리머스",26380,하단동,73,75,65.11,68.63
26380-249,"조성",26380,다대동,49,50,36.34,38.02
26380-201,"삼창강변1",26380,신평동,59,60,52.74,51.31
26380-290,"지오빌1(A동)",26380,하단동,41,43,33.99,35.85
26380-101,"당리동신동아(33-4)",26380,당리동,27,28,24.53,27.36
26380-228,"장림현대(60-42)",26380,장림동,44,44,51.74,50.54
26380-217,"벽산아파트",26380,장림동,36,36,41.99,41.21
26380-281,"사남신익",26380,괴정동,51,52,37.01,38.14
26380-513,"창우블루빌",26380,괴정동,74,,89.69,
26380-65,"현대신델라",26380,괴정동,55,55,45.96,47.93
26380-222,"신우림",26380,장림동,54,54,68.33,67.51
26380-43,"괴정자유2차",26380,괴정동,41,42,49.32,50.23
26380-1662,"괴정엔스타",26380,괴정동,64,65,71.61,73.66
26380-3,"국제",26380,괴정동,47,47,28.80,29.52
26380-41,"신익",26380,괴정동,32,32,23.09,23.57
26380-284,"대양그린힐",26380,괴정동,65,,60.33,
26380-62,"한우",26380,괴정동,61,62,69.71,71.49
26380-67,"협진태양",26380,괴정동,45,45,28.31,29.16
26380-69,"흥아거북",26380,괴정동,36,36,20.48,21.20
26380-328,"보해이브빌2차",26380,하단동,72,,69.67,
26380-294,"남도그린빌라",26380,괴정동,20,20,22.33,22.73
26380-285,"강진노블레스",26380,괴정동,58,58,52.96,54.86
26380-291,"티파니빌라트",26380,하단동,31,33,19.85,21.08
26380-1978,"재성힐링파크2차",26380,다대동,58,60,56.25,59.09
26380-146,"두꺼비맨션",26380,하단동,36,38,31.50,34.33
26380-54,"진흥",26380,괴정동,46,,51.35,
26380-1589,"(503-12)",26380,하단동,29,31,27.95,30.17
26380-136,"궁전시티빌",26380,하단동,45,48,40.85,43.13
26380-1613,"유림예다움",26380,다대동,64,,62.67,
26380-232,"화천아파트",26380,장림동,42,42,25.93,24.64
26380-42,"신익타운",26380,괴정동,36,36,25.37,26.05
26380-292,"도시두송",26380,다대동,28,28,26.57,27.03
26380-127,"당리4차혜성",26380,당리동,37,37,32.05,33.50
26380-223,"장림우림그린맨션",26380,장림동,51,51,53.56,52.63
26380-1706,"참누리아파트",26380,괴정동,36,37,32.98,34.47
26380-66,"협진신태양",26380,괴정동,38,39,46.33,47.52
26380-303,"일동지에닌",26380,괴정동,69,,68.54,
26380-2,"괴정한신",26380,괴정동,58,59,51.32,51.80
26380-90,"당리반도보라맨션",26380,당리동,50,53,45.94,51.31
26380-276,"한성",26380,감천동,39,39,49.39,48.84
26380-282,"사하오성빌라맨션",26380,괴정동,40,40,32.47,33.15
26380-1979,"동매힐스",26380,신평동,52,52,79.94,79.43
26380-19,"럭키",26380,괴정동,50,,70.33,
26380-264,"남성타워",26380,감천동,47,46,38.87,38.04
26380-1932,"유원블루파크에이동",26380,하단동,57,58,42.77,45.56
26380-189,"동조리젠시",26380,하단동,50,53,42.12,45.37
26380-524,"동조신현트레빌",26380,괴정동,55,56,57.87,59.39
26380-332,"나산리츠",26380,하단동,44,46,37.00,38.94
26380-26,"삼부",26380,괴정동,39,40,48.79,50.76
26380-1934,"에코펠리스",26380,괴정동,53,54,52.43,54.23
26380-183,"선경아트빌",26380,하단동,44,46,38.10,40.14
26380-286,"신화프라자",26380,괴정동,61,61,83.72,84.51
26380-514,"천아하늘정원",26380,괴정동,52,52,59.36,60.89
26380-1999,"더블루원허브",26380,하단동,56,57,42.37,44.47
26380-5,"금일아트빌",26380,괴정동,58,59,56.31,58.18
26380-156,"하단에덴",26380,하단동,30,31,35.12,35.62
26380-8,"남정해바라기",26380,괴정동,45,46,40.79,41.89
26380-119,"협진태양",26380,당리동,48,49,31.77,35.29
26380-324,"나산리버빌",26380,하단동,56,57,69.52,71.99
26380-55,"천일로얄",26380,괴정동,46,47,47.76,48.79
26380-115,"창신",26380,당리동,52,54,45.78,50.21
26380-1615,"가람리버빌",26380,괴정동,64,,63.39,
26380-85,"당리형제",26380,당리동,35,37,32.24,36.84
26380-351,"신흥동백(359-1)",26380,감천동,39,39,32.91,32.64
26380-2112,"협진신태양(240-80)",26380,괴정동,48,49,61.35,62.97
26380-46,"우림그린",26380,괴정동,36,36,24.45,25.19
26380-526,"정우아트빌",26380,괴정동,56,57,55.02,56.61
26380-305,"노블레스(764-11)",26380,괴정동,67,67,63.89,65.68
26380-172,"하구언1",26380,하단동,29,31,41.19,43.26
26380-137,"남연",26380,하단동,48,50,55.38,58.51
26380-315,"하단시티빌(88-5)",26380,하단동,59,61,59.33,61.61
26380-314,"하단시티빌(88-4)",26380,하단동,59,62,63.55,66.18
26380-1959,"그린시티",26380,괴정동,64,64,73.21,73.98
26380-1808,"아람",26380,괴정동,68,69,78.32,79.72
26380-1738,"(888-1)",26380,하단동,32,33,22.29,22.95
26380-1579,"경성리치W",26380,당리동,65,67,79.68,83.06
26380-56,"로즈빌라",26380,괴정동,30,30,23.53,24.25
26380-140,"대우에덴프라자",26380,하단동,34,36,41.97,43.64
26380-1953,"더휴",26380,하단동,45,47,49.90,51.78
26380-521,"화천승학",26380,당리동,59,61,54.13,58.87
26380-2019,"대림SM",26380,당리동,73,75,78.79,82.52
26380-273,"우림",26380,감천동,33,33,32.05,31.74
26380-2018,"태린비주펠리스",26380,감천동,54,54,55.64,55.14
26380-322,"충우드림라이프",26380,하단동,73,74,85.53,85.57
26380-1587,"한우5동",26380,괴정동,57,,74.85,
26380-61,"한성",26380,괴정동,45,,44.01,
26380-231,"장림협진태양",26380,장림동,49,49,51.98,50.95
26380-96,"성도솔밭맨션",26380,당리동,56,58,58.32,62.93
26380-1649,"시티그린타워",26380,장림동,36,,20.93,
26380-272,"신흥동백(361)",26380,감천동,44,44,36.32,36.24
26380-13,"동덕",26380,괴정동,56,57,56.87,58.75
26380-10,"대티은하",26380,괴정동,31,32,48.55,49.84
26380-1578,"신평럭키무지개타운(206-5)",26380,신평동,42,41,57.85,54.92
26380-531,"아리랑빌",26380,당리동,68,,63.97,
26380-257,"영생비치",26380,구평동,41,41,41.72,41.72
26380-353,"목련아트빌",26380,괴정동,53,,72.71,
26380-23,"부영아파트나동",26380,괴정동,27,,46.19,
26380-185,"무진",26380,하단동,70,,81.97,
26380-1876,"재성힐링파크",26380,다대동,72,,66.18,
26380-321,"KCB센트리움",26380,하단동,74,,83.26,
26380-17,"동주",26380,괴정동,37,,46.41,
26380-95,"새동림",26380,당리동,54,,51.75,
26380-64,"괴정한일하나로타운",26380,괴정동,31,31,29.71,30.26
26380-99,"수양파크",26380,당리동,40,,55.17,
26380-275,"제일(13-1105)",26380,감천동,28,28,58.77,58.44
26380-73,"승경하이츠",26380,괴정동,57,58,48.99,51.01
26380-1783,"누리아띠",26380,장림동,53,52,35.67,34.76
26380-198,"그린파크",26380,신평동,46,45,53.91,51.61
26380-193,"섬진2",26380,하단동,36,39,29.92,32.12
26380-100,"신동아(320-31)",26380,당리동,48,58,55.08,60.35
26380-306,"노블레스(764-112)",26380,괴정동,65,66,62.33,63.65
26380-184,"섬진1",26380,하단동,65,68,84.34,85.64
26380-102,"신동아(330-4)",26380,당리동,55,66,69.71,74.71
26380-226,"평생골드타운",26380,장림동,30,30,7.43,6.32
26380-1669,"그린시티",26380,하단동,50,52,40.65,43.21
26380-1864,"리버포레(B동)",26380,하단동,47,49,53.68,55.64
26380-1887,"한영리더스",26380,다대동,61,62,59.84,60.87
26380-133,"경인",26380,하단동,30,31,24.93,25.15
26380-1935,"대청가람채",26380,하단동,52,,39.89,
26380-293,"초원빌",26380,괴정동,33,34,44.60,46.08
26380-25,"삼경",26380,괴정동,39,,23.38,
26380-44,"영신목화",26380,괴정동,41,,25.48,
26380-76,"부경솔리드102동",26380,괴정동,68,,68.09,
26380-197,"다전그린",26380,하단동,59,,81.87,
26380-117,"청조",26380,당리동,60,,77.32,
26380-63,"한일하나로",26380,괴정동,38,38,17.79,18.03
26380-171,"펄스트빌B",26380,하단동,34,,24.28,
26380-1933,"영림더채움",26380,하단동,57,,42.15,
26380-523,"럭키(484-2)",26380,괴정동,50,51,59.95,61.82
26380-288,"청목미르피아",26380,하단동,43,44,22.25,23.17
26380-31,"새괴정화신",26380,괴정동,48,48,34.74,35.73
26380-150,"삼경",26380,하단동,29,,25.21,
26380-267,"무지개",26380,감천동,42,,43.86,
26380-1873,"라온아파트",26380,하단동,55,,45.29,
26380-319,"조일센토빌",26380,하단동,64,,70.65,
26380-225,"제일",26380,장림동,50,,51.31,
26380-35,"소라",26380,괴정동,39,39,31.84,32.98
26380-325,"우방빌아트",26380,하단동,67,,79.26,
26380-1809,"M타워",26380,하단동,67,,80.80,
26380-30,"새괴정협진태양",26380,괴정동,40,40,13.45,13.92
26380-1899,"괴정동그린시티",26380,괴정동,63,64,63.00,64.97
26350-27,"해운대오션파크",26350,우동,42,,47.17,
26140-1243,"대신푸르지오1차",26140,서대신동1가,45,44,30.25,30.83
26140-1321,"힐스테이트이진베이시티아파트",26140,암남동,55,56,42.63,43.74
26380-82,"성경로즈힐(1차)-101",26380,괴정동,42,41,22.79,23.01
26380-336,"신선(417-0)",26380,신평동,68,69,60.61,58.74
26380-352,"목련(B)",26380,괴정동,50,49,63.75,65.74
26380-130,"가락타운3",26380,하단동,52,53,50.60,51.85
26380-129,"가락타운2",26380,하단동,52,53,50.60,51.85
26380-92,"부영",26380,당리동,54,66,74.85,77.99
26380-308,"동조리젠시타워",26380,괴정동,54,55,55.61,57.62
26380-16,"동조리젠시",26380,괴정동,41,42,36.05,36.87
26380-190,"동조리젠시2",26380,하단동,36,36,30.86,32.35
26350-2350,"센텀엘카사",26350,우동,60,,70.27,
26140-1216,"동대신동미소지음3차주상복합아파트",26140,동대신동1가,54,53,50.45,52.14
26140-978,"송도풍림아이원",26140,암남동,53,54,49.17,50.00
26140-1175,"부용동한웅드리머스",26140,부용동1가,37,35,24.35,20.30
26140-1245,"대신더샵",26140,서대신동3가,45,46,32.40,36.17
26140-1249,"토성동경동리인타워",26140,토성동1가,59,71,45.61,60.24
26140-1176,"헤리츠아파트2차",26140,토성동5가,62,62,67.00,69.06
26140-133,"금호어울림",26140,서대신동3가,44,45,35.05,39.18
26140-114,"송도현대",26140,암남동,38,38,49.17,50.00
26140-1167,"오현스위트",26140,서대신동2가,51,51,30.28,30.67
26140-1273,"오현예다움",26140,서대신동2가,55,55,48.25,48.02
26140-39,"구덕자유",26140,서대신동3가,49,50,69.55,69.45
26350-2360,"해운대동백두산위브더제니스",26350,우동,58,58,64.34,61.79
26350-131,"엘지",26350,좌동,30,30,41.57,43.44
26140-116,"송도혜성주상복합빌딩",26140,암남동,61,,50.00,
26140-136,"세진골든빌리지",26140,동대신동2가,63,,54.77,
26140-146,"유니온캐슬",26140,서대신동1가,43,,48.68,
26350-2362,"해운대더샵센텀그린",26350,반여동,61,59,61.01,60.13
26350-247,"롯데캐슬마린",26350,중동,68,66,63.91,61.23
26350-2108,"센텀이편한세상",26350,재송동,64,63,65.43,65.69
26350-2090,"센텀피오레1차",26350,재송동,64,64,79.54,80.15
26350-2342,"해운대자이2차1단지",26350,우동,46,45,39.81,35.10
26350-214,"센텀롯데캐슬아파트",26350,반여동,60,57,37.97,36.93
26350-119,"동신",26350,좌동,55,55,58.56,59.00
26350-2128,"메가센텀한화꿈에그린",26350,반여동,73,71,59.15,56.79
26140-1239,"한우리빌리지5차",26140,서대신동2가,59,58,66.52,65.72
26350-156,"보훈",26350,반여동,34,,39.05,
26350-2386,"센텀천일스카이원",26350,재송동,32,32,45.47,45.04
26350-2130,"해운대중동두산위브",26350,중동,65,63,68.61,67.23
26350-2272,"더샵센텀누리",26350,재송동,45,44,49.17,48.58
26350-49,"재송그린",26350,재송동,39,38,28.18,27.53
26350-103,"중동삼정그린코아",26350,중동,55,54,64.27,62.27
26350-197,"아시아선수촌아파트",26350,반여동,63,61,45.22,43.84
26350-2395,"롯데캐슬스타",26350,중동,72,69,63.86,61.31
26350-128,"삼환",26350,좌동,44,44,18.56,19.66
26350-209,"우신",26350,반여동,44,41,80.87,80.40
26350-2387,"해운대센텀미진이지비아아파트",26350,우동,55,56,77.63,79.05
26350-173,"LIG건영",26350,반송동,27,27,14.01,15.20
26350-2304,"해운대송정우림필유아파트",26350,송정동,32,33,27.94,29.87
26350-38,"시영80년",26350,재송동,54,54,53.11,53.46
26350-56,"현대(1051-2)",26350,재송동,52,52,52.50,52.44
26350-149,"광우파크맨션",26350,반여동,31,27,26.55,23.11
26350-2095,"롯데캐슬마스터",26350,좌동,55,55,52.01,53.82
26350-163,"에덴동산타운",26350,반여동,37,33,24.39,22.03
26350-2099,"해운대메트로하이츠",26350,중동,70,68,71.29,70.73
26350-141,"코오롱",26350,좌동,54,54,63.56,64.98
26350-19,"신동비치",26350,우동,22,,12.61,
26350-208,"삼한5차",26350,반송동,38,38,19.70,20.56
26350-33,"센텀한보미도",26350,재송동,38,37,28.76,27.46
26350-2371,"해운대센텀트루엘2단지",26350,반여동,57,55,69.88,68.45
26350-2259,"해운대한신휴플러스",26350,우동,60,60,58.96,55.25
26350-2437,"해운대센트럴푸르지오",26350,우동,74,74,72.27,68.48
26350-227,"덕성빌라",26350,우동,34,,29.51,
26230-358,"동일스위트",26230,당감동,38,39,34.54,35.84
26230-1734,"서면쌍용스윗닷홈파크",26230,부암동,60,60,77.53,77.70
26230-1635,"당감뜨란채",26230,부암동,30,31,25.41,25.81
26230-2858,"초읍하늘채포레스원",26230,초읍동,67,67,51.74,51.80
26230-51,"초읍대우",26230,초읍동,42,41,46.14,45.50
26230-2814,"가야롯데캐슬골드아너",26230,가야동,69,68,72.76,72.75
26230-241,"반도보라빌",26230,가야동,46,45,33.73,30.60
26230-2602,"가야센트레빌",26230,가야동,58,57,57.69,55.65
26350-187,"풍전",26350,반송동,57,56,68.47,66.54
26350-291,"신우빌라",26350,송정동,60,60,68.44,68.59
26350-2408,"쌍용더플래티넘해운대",26350,중동,64,62,66.09,63.47
26350-2179,"해운대경남아너스빌",26350,중동,73,72,89.39,90.12
26350-186,"이진",26350,반송동,63,63,69.77,70.15
26350-2094,"현대베네시티",26350,우동,56,56,54.09,50.88
26350-2227,"해운대자이2단지",26350,우동,44,44,47.53,44.76
26350-176,"광하주택2",26350,반송동,51,49,47.72,45.26
26350-101,"현우산호맨션",26350,중동,51,47,55.36,48.99
26350-2610,"해운대경동리인뷰2차",26350,우동,70,69,77.40,74.32
26350-278,"우성빌라(백세해운대빌라2차)",26350,중동,36,,32.63,
26350-2258,"달맞이아르미안",26350,중동,34,,25.48,
26350-9,"롯데",26350,우동,56,56,58.65,57.76
26350-2376,"해운대비스타동원",26350,우동,66,66,52.89,49.25
26350-2110,"반도보라빌",26350,우동,54,55,62.75,63.09
26350-2415,"센텀마티안",26350,우동,62,63,70.65,71.55
26470-1505,"일호센텀누리",26470,연산동,51,51,41.90,43.08
26230-2657,"이진젠시티개금",26230,개금동,60,60,51.65,52.13
26230-1670,"양정메트로하이츠",26230,전포동,44,45,36.75,38.04
26230-138,"우성",26230,개금동,30,30,17.93,18.56
26230-2590,"서면6차봄여름가을겨울",26230,범천동,55,55,45.70,46.49
26230-140,"개금주공1",26230,개금동,49,49,43.50,42.98
26230-4573,"양정자이더샵SKVIEW아파트(3단지)",26230,양정동,52,52,51.16,51.84
26230-130,"삼환",26230,개금동,29,29,25.51,25.70
26230-1682,"전포동에메랄드홈",26230,전포동,65,66,85.20,87.69
26230-49,"우신그린피아",26230,초읍동,48,47,49.61,48.80
26230-2521,"혜도인파크에비뉴연지",26230,초읍동,62,62,53.86,54.50
26230-41,"대림파크빌",26230,초읍동,50,48,53.47,52.10
26230-2851,"e편한세상시민공원2단지",26230,전포동,41,41,36.68,37.15
26230-69,"동원",26230,부암동,35,35,24.95,25.27
26230-2597,"연지우성스마트시티뷰",26230,연지동,57,58,83.13,85.07
26230-160,"영진(5-56)",26230,가야동,53,52,65.57,65.39
26230-147,"협성맨션",26230,개금동,67,66,84.25,84.03
26230-1708,"월드드림빌",26230,초읍동,39,,53.09,
26230-188,"드림하이츠",26230,범천동,24,24,12.18,12.05
26470-32,"현대",26470,거제동,42,42,44.47,45.00
26470-24,"연제그린타워",26470,거제동,45,46,40.04,40.92
26470-1678,"연산롯데캐슬골드포레",26470,연산동,48,49,48.49,49.73
26230-2360,"개금블루스카이",26230,개금동,54,54,60.65,61.11
26230-4543,"래미안어반파크2단지",26230,연지동,47,49,28.33,33.64
26470-1421,"세경미가",26470,거제동,51,51,57.74,59.17
26470-1046,"연제힐스테이트",26470,연산동,63,64,65.51,67.14
26470-1031,"거제동2차월드메르디앙",26470,거제동,63,63,90.62,90.18
26470-89,"연산센터빌",26470,연산동,52,53,50.74,51.60
26470-34,"거제1차현대홈타운",26470,거제동,60,60,50.05,50.66
26470-58,"동서그린",26470,연산동,33,33,25.20,25.01
26470-36,"화신거림(212-1)",26470,거제동,46,46,48.34,48.59
26470-28,"태경썬싸인",26470,거제동,46,47,41.37,43.08
26470-1009,"한일유앤아이",26470,연산동,41,41,37.92,39.09
26470-1085,"거제동롯데캐슬피렌체",26470,거제동,71,70,72.92,72.15
26470-127,"거제청구하이츠",26470,거제동,36,37,34.54,35.10
26470-1191,"로터스빌리지",26470,연산동,63,,69.02,
26470-109,"한양(4차)",26470,연산동,34,35,26.17,26.00
26470-67,"무궁화",26470,연산동,44,44,35.89,35.91
26470-125,"진흥하늘이",26470,거제동,45,45,40.23,41.11
26470-126,"동서하이빌",26470,연산동,54,55,54.04,55.41
26470-1566,"아시아드코오롱하늘채",26470,거제동,62,62,41.98,43.08
26470-11,"대원",26470,거제동,41,40,23.60,23.93
26470-151,"청우하이빌",26470,연산동,53,54,50.49,51.52
26470-1458,"시청역이즈팰리스2차",26470,연산동,67,67,88.64,88.90
26470-164,"전원시티빌",26470,거제동,54,,71.27,
26470-1555,"어반스퀘어",26470,연산동,47,,36.47,
26470-1267,"케이에이치마이우스",26470,연산동,60,,60.22,
26470-138,"중앙하이츠",26470,연산동,62,,67.47,
26470-124,"성원맨투로빌",26470,거제동,54,54,46.65,47.73
26470-3047,"레이카운티(1단지)",26470,거제동,61,61,58.77,59.54
26140-1164,"대신롯데캐슬",26140,서대신동3가,51,53,39.13,45.28
26140-1285,"브라운스톤하이포레",26140,동대신동3가,28,37,15.93,36.44
26230-1633,"한라비발디",26230,전포동,56,57,45.16,46.88
26230-157,"한일하나로",26230,범천동,31,31,22.35,21.91
26230-114,"새영진",26230,가야동,52,52,58.52,57.77
26350-2269,"해운대중동경동하나메르빌",26350,중동,61,60,74.74,74.45
26470-31,"한양",26470,거제동,52,53,66.31,67.66
26470-1921,"거제미소지움더퍼스트",26470,거제동,59,59,58.22,59.67
26110-70,"근영빌라3동",26110,대청동4가,52,52,37.14,46.63
26170-632,"수정(1175-1)",26170,수정동,45,51,47.82,49.90
26170-56,"토마하우스",26170,초량동,54,56,67.27,66.61
26170-25,"수정(1161-7)",26170,수정동,43,44,52.19,54.91
26170-642,"수성아파트(441-0)",26170,수정동,39,39,29.46,28.97
26200-37,"시영(169-1)",26200,봉래동5가,41,41,46.59,47.51
26200-15,"동산(1106)",26200,영선동4가,38,29,50.00,41.85
26200-9,"청성아트(33-5)",26200,영선동1가,51,51,41.48,41.85
26530-1096,"대하덕포(2,3호동)",26530,덕포동,51,51,46.40,43.92
26530-47,"신흥동백맨션",26530,엄궁동,62,62,60.80,60.80
26530-128,"초원펠레스빌B동",26530,덕포동,38,29,18.24,17.63
26710-570,"명례솔터시티",26710,장안읍 명례리,24,25,19.59,22.10
26710-42,"형진강변프라자",26710,정관읍 매학리,49,50,32.17,34.41
26710-17,"팰리스빌1",26710,기장읍 대라리,44,47,51.24,56.13
26710-462,"동환라온제나기장",26710,기장읍 대라리,37,39,25.70,27.73
26710-53,"월드파크빌B동",26710,기장읍 동부리,44,44,29.61,30.52
26320-7,"동부제강사원",26320,구포동,23,23,26.05,27.21
26320-36,"금곡8단지주공",26320,금곡동,42,42,54.10,54.10
26320-139,"도형리치빌A동",26320,구포동,45,46,51.63,52.66
26320-21,"우정맨션가동",26320,구포동,47,48,46.46,49.38
26320-97,"삼양파크빌(326-7)",26320,덕천동,45,40,42.47,40.79
26320-37,"금곡9단지주공",26320,금곡동,42,42,54.10,54.10
26290-311,"엘지메트로시티5",26290,용호동,63,64,50.00,50.00
26470-3050,"레이카운티(4단지)",26470,거제동,59,59,53.75,54.82
26290-44,"엘지메트로시티3",26290,용호동,65,66,58.56,59.02
26290-2686,"대연SKVIEWHills(2단지)",26290,대연동,68,68,57.84,58.49
26290-2425,"홍익빌레트Ⅱ",26290,문현동,71,70,79.12,78.85
26290-173,"미림크라운맨션(1465-5)",26290,대연동,45,45,56.94,54.45
26290-322,"영신맨션1동",26290,용호동,40,40,50.00,50.00
26290-111,"금양에이스",26290,대연동,47,48,30.99,32.49
26290-161,"대호(967-2)",26290,대연동,43,44,45.79,46.73
26290-200,"흑석(1737-5)",26290,대연동,68,77,85.87,86.35
26290-90,"엘지메트로시티2",26290,용호동,63,63,50.00,50.00
26500-2241,"마르빌주상복합",26500,남천동,52,50,44.49,44.09
26500-1776,"수영엔스타Ⅱ",26500,수영동,70,70,78.37,77.94
26500-44,"동방(822-3)",26500,망미동,42,42,53.69,53.69
26500-241,"광남2차",26500,남천동,59,58,58.91,57.56
26500-103,"우성골든빌",26500,망미동,58,58,61.49,61.49
26500-82,"광안리치빌B",26500,광안동,36,35,24.75,24.72
26500-188,"협성센트로3차",26500,광안동,45,45,38.83,39.39
26500-107,"신한백조",26500,망미동,36,36,18.05,18.05
26500-1937,"민락동신화하니엘그린시티공동주택",26500,민락동,51,51,34.51,36.06
26500-239,"마리나프리텔",26500,남천동,68,74,90.06,89.35
26500-263,"광명맨션(539-3)",26500,광안동,29,34,23.14,23.25
26410-1919,"해성체르니아파트2차",26410,남산동,51,50,46.07,44.62
26410-125,"석산7",26410,남산동,38,35,36.59,33.04
26410-25,"반도",26410,부곡동,53,54,54.62,55.01
26410-89,"금룡빌라",26410,청룡동,34,31,34.49,30.71
26380-167,"칠산주택조합",26380,하단동,32,33,32.77,33.34
26410-1907,"대묵M-PARK(베스트로즈힐)",26410,서동,65,67,80.82,81.40
26410-285,"금샘빌라(747-12)",26410,구서동,39,39,24.29,25.33
26410-198,"아름베스트빌3",26410,구서동,42,43,57.53,58.83
26410-326,"금양위스빌(101동)",26410,부곡동,34,30,13.84,15.18
26410-396,"삼진빌라(481-8)",26410,남산동,60,61,68.40,67.76
26410-170,"선경1",26410,구서동,56,56,55.22,56.61
26260-129,"삼익",26260,사직동,39,40,38.64,39.06
26260-21,"장미3",26260,수안동,34,34,37.83,37.94
26260-139,"진성",26260,사직동,56,56,78.03,77.63
26380-333,"베네스빌리지(889-6)",26380,하단동,34,37,26.63,28.81
26380-1,"괴정동568-10공동주택(최중호)",26380,괴정동,53,54,60.72,62.55
26380-1964,"JPark",26380,괴정동,54,54,36.66,37.41
26380-1931,"유원블루파크비동",26380,하단동,57,54,41.72,44.38
26350-107,"건영2",26350,좌동,59,59,48.44,49.66
26470-1176,"리치W",26470,연산동,40,40,27.69,27.65
26230-72,"문화",26230,부암동,47,,38.37,
26230-1600,"서면대우디오빌2",26230,전포동,52,53,45.60,47.16
26230-1602,"동우주택",26230,범천동,32,32,23.74,23.88
26230-169,"남경",26230,연지동,44,45,73.05,76.07
26230-1729,"양정센텀",26230,양정동,49,50,47.88,49.45
26230-187,"범천동프렌빌",26230,범천동,52,52,68.20,68.46
26230-2074,"홍익빌레트",26230,전포동,49,50,39.98,41.13
26230-2312,"TK골드뷰",26230,범천동,55,55,49.55,49.43
26230-2345,"모닝하우스",26230,범천동,53,53,52.85,53.92
26230-2414,"굿모닝뷰",26230,양정동,48,48,60.64,59.92
26230-244,"서면쌍용플래티넘",26230,전포동,55,56,57.41,59.04
26230-2443,"대동레미안더오션2",26230,부전동,54,53,43.23,42.41
26230-2490,"개금역대상웰리움",26230,개금동,54,54,54.70,55.23
26230-2491,"샛별스위트",26230,양정동,42,42,35.04,34.57
26230-2496,"야긴다하임",26230,부암동,64,65,74.40,74.24
26230-2556,"유창아이리치",26230,개금동,63,62,67.05,67.09
26230-2557,"대동레미안센트럴시티",26230,부전동,55,54,53.22,53.24
26230-2619,"궁전아이브더파크",26230,범천동,36,36,15.80,16.12
26230-2620,"허브팰리스서면",26230,부전동,53,54,66.54,68.94
26230-362,"남평파크빌",26230,개금동,56,56,62.46,62.47
26230-382,"대정그린빌",26230,개금동,58,57,72.73,71.33
26230-7,"서면",26230,범전동,67,60,86.96,72.32
26230-364,"동광하이빌(103)",26230,전포동,36,,44.00,
26350-154,"반여현대",26350,반여동,37,,23.00,
26350-170,"현대4",26350,반여동,26,,37.04,
26110-64,"도경오벨리스",26110,영주동,64,64,65.03,66.70
26110-784,"로얄플러스빌라",26110,영주동,34,33,39.50,36.20
26110-915,"보수허브센티움",26110,보수동3가,50,50,55.79,55.79
26110-929,"보수동해마루아파트2차",26110,보수동2가,44,41,39.55,32.64
26110-941,"로얄스카이캐슬",26110,부평동4가,59,54,47.64,40.19
26230-142,"진일",26230,개금동,37,38,38.59,39.59
26230-1730,"엘리시아",26230,양정동,54,54,50.11,51.39
26230-2341,"개금코아팰리스",26230,개금동,52,52,56.02,55.63
26230-2342,"GK하늘숲",26230,개금동,54,54,62.80,61.85
26230-24,"경원프라우드빌-I",26230,전포동,46,47,51.94,55.08
26230-2552,"양정퀸즈더블유에디션",26230,양정동,58,59,53.71,53.42
26230-367,"광후빌리지",26230,전포동,44,45,40.53,42.23
26230-47,"신화하이빌",26230,초읍동,53,52,56.17,57.20
26230-59,"부원맨션",26230,양정동,57,57,62.60,61.59
26230-6,"범전시영1동",26230,범전동,40,59,23.48,70.76
26230-68,"금호천지",26230,부암동,32,32,30.04,30.67
26350-111,"대림",26350,좌동,41,42,43.33,44.76
26350-120,"두산2",26350,좌동,57,57,69.72,71.03
26350-139,"화목",26350,좌동,54,55,60.47,61.76
26350-165,"왕자",26350,반여동,56,53,80.30,80.08
26350-18,"선프라자",26350,우동,51,52,41.22,42.40
26350-2373,"조희바다풍경",26350,송정동,57,58,56.25,56.66
26350-355,"화송빌라",26350,재송동,48,48,40.58,40.83
26110-8,"동림",26110,대청동4가,41,50,35.54,46.06
26110-820,"대성아르빌",26110,보수동2가,56,57,75.71,78.93
26110-871,"보수동봄여름가을겨울",26110,보수동2가,50,49,47.21,44.21
26110-921,"선경뉴빌APT",26110,대창동1가,47,48,60.41,62.78
26110-938,"서원블루오션F동",26110,보수동3가,51,51,72.95,72.95
26110-954,"한웅드리머스",26110,보수동3가,53,53,35.15,35.15
26170-14,"동성아트빌",26170,초량동,53,54,44.39,45.39
26170-32,"문화",26170,좌천동,49,,67.66,
26170-51,"초량하이츠빌리지",26170,초량동,55,56,74.83,75.87
26170-57,"선빌리지",26170,초량동,27,27,27.56,27.77
26170-612,"반도보라스카이뷰",26170,초량동,35,35,35.05,34.39
26170-679,"센트럴베이동원로얄듀크비스타",26170,초량동,56,56,72.83,72.35
26170-719,"선경뉴빌",26170,좌천동,58,59,71.94,72.25
26170-74,"태안하버빌",26170,수정동,44,44,40.68,42.38
26170-748,"부산역유림로미오",26170,초량동,61,62,80.61,80.15
26170-749,"부산역유림줄리엣",26170,초량동,62,62,80.36,79.74
26170-771,"동이라메르",26170,초량동,49,50,47.61,49.89
26170-810,"하버씨티",26170,초량동,53,54,40.49,41.79
26170-818,"성무아이반스타",26170,범일동,53,54,42.49,44.94
26170-823,"베스안오션뷰",26170,수정동,64,63,74.55,74.70
26170-830,"모티더베스트빌",26170,수정동,71,70,62.59,60.46
26170-833,"어반오션시티",26170,범일동,47,47,26.65,23.48
26170-835,"서면베스티움더시티",26170,범일동,56,57,53.01,53.64
26200-603,"시영(1동)",26200,봉래동5가,40,40,52.21,52.65
26200-689,"제이스힐타워",26200,남항동1가,49,49,62.28,62.28
26530-108,"남영",26530,덕포동,52,51,65.32,62.68
26200-33,"골든빌리지",26200,봉래동3가,39,39,38.75,38.75
26200-4,"남일",26200,남항동3가,38,39,43.26,44.07
26200-56,"동광세화맨션",26200,동삼동,49,50,55.52,55.86
26200-609,"대성타워",26200,동삼동,55,55,46.32,46.51
26200-64,"삼창파크맨션2동",26200,동삼동,47,47,57.49,57.84
26200-660,"페로스타워",26200,동삼동,33,34,41.41,41.77
26200-695,"비온뒤",26200,청학동,45,45,51.35,50.60
26200-719,"퀸페로스",26200,남항동1가,50,50,23.90,23.90
26200-729,"클래식시티",26200,청학동,53,52,49.73,49.40
26200-74,"전원파크맨션",26200,동삼동,31,31,45.58,45.85
26200-740,"유원블루파크",26200,봉래동1가,63,63,70.52,71.14
26200-743,"골든에이지",26200,남항동2가,59,60,51.74,52.14
26200-744,"골드클래스",26200,동삼동,50,50,42.27,42.69
26200-754,"비룡벨로스텔라",26200,동삼동,43,44,52.58,53.36
26200-758,"로웰타워",26200,대교동1가,65,65,85.10,85.45
26200-763,"영도봄여름가을겨울",26200,대교동1가,65,65,80.71,81.08
26200-88,"선경하우스",26200,영선동3가,47,47,45.96,46.69
26530-1093,"엘크루센트로아파트",26530,감전동,60,60,68.63,68.08
26530-21,"유원",26530,덕포동,55,53,66.73,63.82
26530-33,"우신모라",26530,모라동,49,49,36.73,35.54
26530-48,"엄궁",26530,엄궁동,20,20,36.50,36.50
26530-72,"주례",26530,주례동,45,46,60.59,62.49
26530-801,"창우블루빌",26530,주례동,57,58,53.48,56.71
26530-81,"현대무지개타운",26530,주례동,38,38,37.85,37.85
26530-1037,"굿모닝뷰",26530,괘법동,54,53,34.99,32.88
26530-105,"리치플러스",26530,괘법동,51,51,79.60,79.17
26530-1057,"네오리더스사상",26530,괘법동,60,60,65.47,65.85
26530-1073,"사상역경보센트리안",26530,괘법동,56,56,44.63,43.88
26530-1077,"모라역베스티움더시티",26530,모라동,49,50,42.09,42.27
26530-112,"고려아펠리아",26530,주례동,74,76,85.27,87.76
26530-1121,"사상역봄여름가을겨울",26530,괘법동,54,54,67.68,67.33
26530-127,"경동윈츠빌",26530,주례동,71,72,82.48,84.00
26530-15,"덕포늘푸른",26530,덕포동,53,51,52.30,49.15
26530-36,"창신그린힐",26530,모라동,51,51,30.46,28.78
26530-39,"협성",26530,모라동,43,43,49.05,48.17
26530-5,"일자맨션",26530,괘법동,40,39,50.71,48.72
26530-54,"광우파크",26530,주례동,42,43,34.11,34.46
26530-61,"주례벽산",26530,주례동,21,22,19.04,19.13
26530-78,"태원",26530,주례동,49,50,50.72,53.01
26530-85,"금강",26530,학장동,53,54,47.75,48.09
26530-902,"휴그린",26530,엄궁동,65,65,56.30,56.30
26530-909,"파밀리아",26530,괘법동,44,44,67.11,67.28
26530-93,"삼정송림맨션",26530,학장동,43,43,39.20,39.36
26530-930,"주례센텀",26530,주례동,54,55,44.43,44.40
26530-96,"청파",26530,학장동,47,47,59.00,59.05
26530-973,"파밀리아괘법4차",26530,괘법동,54,54,37.74,36.48
26530-984,"진영프라임제이",26530,주례동,44,45,52.19,53.57
26710-535,"동일스위트3차",26710,정관읍 모전리,48,48,43.70,43.70
26710-66,"이진테마빌",26710,기장읍 서부리,42,43,42.17,45.06
26710-15,"센트럴파크빌라6차",26710,기장읍 대라리,29,30,18.29,19.63
26140-111,"전원비치맨션",26140,암남동,39,39,55.71,56.26
26140-112,"송도정림비치타운",26140,암남동,59,59,44.18,45.58
26140-1188,"에코펠리스",26140,충무동2가,50,51,51.32,52.78
26140-1215,"미소드림",26140,서대신동1가,52,48,46.77,44.87
26140-192,"유니온캐슬2차",26140,서대신동1가,52,49,62.02,59.99
26350-62,"센텀재송빌",26350,재송동,48,47,57.41,57.33
26710-23,"대진로얄",26710,기장읍 동부리,52,52,57.13,57.14
26710-26,"동산백조",26710,기장읍 동부리,47,48,53.13,54.44
26710-28,"부전베스트",26710,기장읍 동부리,42,41,36.93,35.54
26710-382,"해맞이빌",26710,일광읍 삼성리,48,48,71.81,76.06
26710-4,"욱일",26710,기장읍 교리,60,63,72.97,78.55
26710-5,"전원그린맨션B동",26710,기장읍 교리,57,60,64.87,68.02
26710-548,"씨앤스타빌",26710,기장읍 청강리,56,58,52.75,51.86
26710-55,"대정베스트빌",26710,기장읍 동부리,43,44,34.77,37.08
26710-592,"삼협아띠랑스",26710,기장읍 대라리,56,57,76.95,78.86
26710-597,"에코하임기장",26710,기장읍 대라리,59,60,79.78,79.01
26710-626,"에이원더시티",26710,기장읍 대라리,61,63,80.51,81.12
26710-627,"동부산어반리움",26710,기장읍 대라리,62,63,71.26,69.97
26710-643,"센트리움기장",26710,기장읍 대라리,61,63,70.49,68.80
26710-8,"원재아트빌",26710,기장읍 교리,43,46,48.88,52.36
26710-91,"대변그린비치빌",26710,기장읍 대변리,27,27,21.20,23.89
26710-93,"세진오션리조트빌",26710,일광읍 삼성리,31,31,49.31,53.23
26350-6,"대우마리나2",26350,우동,48,,50.98,
26350-2121,"두산위브포세이돈",26350,우동,41,,26.08,
26350-237,"프린스빌라",26350,우동,47,,62.48,
26350-2375,"마린시티자이",26350,우동,57,,30.41,
26140-106,"송도탑스빌",26140,암남동,62,63,60.70,60.19
26140-110,"일원타워맨션",26140,암남동,35,36,38.58,38.95
26140-1145,"오션스카이블루",26140,서대신동2가,52,52,29.62,29.94
26140-1204,"민송베른시티",26140,남부민동,62,65,59.75,65.24
26140-1220,"서원블루오션D동",26140,부민동1가,62,63,54.29,56.76
26140-1256,"한영리더스",26140,토성동5가,37,38,33.93,34.86
26140-1258,"대신에코팰리스",26140,서대신동1가,57,56,38.67,41.09
26140-1266,"미소지음6차",26140,동대신동1가,54,54,47.21,50.11
26140-1275,"효정풍경채",26140,서대신동3가,61,65,56.81,64.32
26140-154,"석포로얄캐슬3차",26140,서대신동2가,53,53,34.44,34.64
26140-172,"금호아트빌",26140,토성동1가,44,63,37.63,54.97
26140-56,"청산",26140,부용동1가,49,48,70.25,68.90
26140-64,"중보빌라",26140,토성동3가,56,57,56.04,57.33
26140-69,"아미전원빌라",26140,아미동2가,34,35,47.94,49.87
26140-81,"신흥동백빌라",26140,남부민동,48,51,55.90,59.51
26140-92,"금강송도타운",26140,암남동,43,43,45.43,45.58
26350-2242,"해운대양우내안애팰리스",26350,중동,61,58,56.86,52.56
26350-2327,"조희라메르",26350,송정동,50,52,42.29,46.73
26350-2381,"해운대경보이리스오션",26350,중동,74,73,76.91,75.00
26350-60,"삼화파크맨션",26350,재송동,40,39,63.54,63.28
26350-23,"해운파크맨션",26350,우동,39,,46.66,
26320-1784,"창신(B동)",26320,구포동,49,,61.03,
26290-23,"글로리리치빌",26290,대연동,50,50,55.91,55.61
26290-76,"무학프라자",26290,문현동,53,53,68.06,67.60
26320-11,"백조그린타운",26320,구포동,37,37,31.11,32.99
26320-114,"럭키2",26320,만덕동,43,43,33.54,33.25
26320-120,"벽산라인타운",26320,만덕동,51,51,42.85,43.38
26320-122,"북부",26320,만덕동,51,50,59.29,59.50
26320-1481,"화명동롯데캐슬멤버스",26320,화명동,47,47,44.61,45.32
26320-159,"미금기찰빌라",26320,덕천동,44,44,24.43,24.16
26320-1661,"묘성폴라리스",26320,구포동,57,58,63.15,64.80
26320-1701,"지평웰리브",26320,구포동,55,56,47.65,48.69
26320-19,"신진2차",26320,구포동,29,29,15.59,17.00
26320-41,"대성하이츠빌",26320,금곡동,48,48,48.99,48.99
26320-56,"화명대우",26320,화명동,41,41,39.98,40.43
26320-66,"덕천대성",26320,덕천동,54,54,68.86,68.52
26320-72,"기비골마을",26320,덕천동,47,46,53.72,52.90
26320-80,"부원",26320,덕천동,45,45,60.80,60.47
26320-9,"명굉강변맨션",26320,구포동,33,34,47.36,50.41
26350-102,"협진태양",26350,중동,50,46,55.31,49.72
26350-2190,"쏠데까사",26350,송정동,58,59,52.78,53.19
26350-224,"대원",26350,재송동,20,19,16.32,15.59
26350-257,"삼안스튜디오1차",26350,중동,37,34,30.06,26.86
26350-41,"센텀안성타워",26350,재송동,44,43,36.85,36.23
26350-58,"혜성골든타운",26350,재송동,28,27,25.13,24.01
26350-68,"달맞이우성빌라트",26350,중동,41,38,34.78,31.86
26290-149,"광이드림타워",26290,대연동,51,,50.45,
26290-2339,"드림",26290,대연동,31,,22.59,
26290-1,"금강",26290,대연동,24,,24.52,
26290-1920,"은하",26290,대연동,44,,28.80,
26290-102,"대연동동일스위트",26290,대연동,60,60,65.30,66.71
26290-103,"희성수빌리지",26290,대연동,63,64,77.88,78.56
26290-104,"송원쉐르빌",26290,대연동,63,63,79.32,78.93
26290-129,"정원힐타워",26290,대연동,54,55,54.88,55.48
26290-131,"명진프라임빌",26290,대연동,52,53,51.12,50.57
26290-144,"글로리에버빌",26290,대연동,70,70,84.24,84.12
26290-214,"한백아트빌",26290,대연동,36,,32.08,
26290-182,"대동그린빌",26290,대연동,44,44,49.42,49.83
26290-1951,"영남빌로체",26290,우암동,61,61,56.06,56.06
26290-2014,"수피아주상복합",26290,용호동,56,57,55.46,56.26
26290-205,"예광스카이빌라",26290,대연동,68,69,79.79,81.13
26290-22,"대연동원",26290,대연동,56,56,43.44,43.24
26290-221,"삼정",26290,용호동,50,50,50.00,50.00
26290-231,"영신맨션",26290,용호동,40,41,48.16,48.68
26290-233,"동산그린맨션",26290,용호동,53,53,55.69,55.99
26290-2520,"홍익빌레트Ⅲ",26290,문현동,66,66,76.50,76.64
26290-2523,"더베이하우스",26290,용호동,59,60,62.24,62.71
26290-2670,"미가",26290,용호동,62,62,59.36,59.68
26290-2701,"정성재아파트",26290,대연동,52,53,29.72,30.71
26290-310,"골든밸류빌",26290,문현동,59,59,62.01,61.68
26290-321,"중경맨션",26290,용호동,50,50,46.15,46.90
26290-40,"한진훼미리타운",26290,용호동,36,36,38.68,39.00
26470-1,"거성",26470,거제동,39,40,56.28,57.58
26470-83,"세영",26470,연산동,56,,78.81,
26290-91,"영광드림타워",26290,대연동,53,54,57.49,57.67
26470-100,"창신",26470,연산동,41,41,37.73,38.34
26470-1198,"신우피렌체",26470,연산동,56,56,49.10,49.97
26470-1251,"포세이돈",26470,연산동,53,53,54.78,56.37
26470-129,"서진하이트빌",26470,연산동,43,44,38.37,39.65
26470-1422,"월드파크3",26470,거제동,57,58,61.25,63.03
26470-1424,"에이스리버팰리스",26470,연산동,42,42,37.79,37.30
26470-145,"목련빌라",26470,연산동,50,51,46.68,47.63
26470-1519,"명품블루파크",26470,연산동,46,46,22.11,22.09
26470-153,"윤강하이츠빌라",26470,연산동,42,42,34.38,33.90
26470-1565,"지성캐슬",26470,연산동,57,57,47.86,48.77
26470-1915,"시청역동원시티비스타",26470,연산동,63,63,60.93,61.92
26470-198,"늘푸른파크",26470,연산동,31,32,18.77,18.72
26470-207,"보성하이츠빌라2차",26470,연산동,50,51,55.24,56.94
26470-215,"신풍골든",26470,연산동,58,59,57.51,58.06
26470-85,"연산쌍용",26470,연산동,59,60,70.11,71.19
26470-99,"진흥목화",26470,연산동,48,49,48.64,50.11
26500-112,"망미",26500,망미동,50,50,72.38,72.38
26500-1392,"성원상떼빌",26500,광안동,67,67,78.85,78.43
26500-17,"글로벌",26500,광안동,41,41,54.64,53.98
26500-2132,"라움팰리스타워",26500,남천동,67,66,71.59,71.51
26500-242,"대우포르투나",26500,남천동,45,43,36.47,35.91
26500-266,"송현다미랑",26500,민락동,42,43,30.37,32.39
26500-32,"소라맨션",26500,남천동,36,,5.45,
26500-101,"크라운",26500,망미동,47,47,54.32,54.32
26500-1382,"동트레",26500,광안동,60,59,52.43,51.86
26500-150,"솔내음파비르",26500,광안동,52,52,43.47,43.84
26500-155,"금잔디",26500,광안동,57,57,59.08,58.39
26500-156,"보람빌리지",26500,광안동,50,50,50.77,50.34
26500-158,"아침해오름",26500,광안동,60,59,61.82,60.48
26500-173,"승우맨션(나동)",26500,광안동,39,38,51.93,50.10
26500-1737,"남천알파타워",26500,남천동,51,49,48.76,47.82
26500-1838,"파크블루V",26500,광안동,62,62,64.36,62.91
26500-1941,"광일센텀스카이뷰",26500,광안동,79,79,85.08,83.62
26500-197,"남강스위트홈",26500,광안동,45,45,45.02,43.64
26500-1984,"삼인스카이뷰",26500,남천동,49,48,63.67,63.32
26500-206,"주안골드빌리지",26500,광안동,43,43,55.57,53.75
26500-2172,"센텀디아이리더스",26500,광안동,73,73,90.40,90.01
26500-2288,"리부스남천",26500,남천동,66,65,72.17,71.43
26500-2349,"남천세원수아파트",26500,남천동,56,55,39.98,38.99
26500-2368,"광안에코하임센트럴뷰",26500,광안동,53,53,61.32,59.91
26500-243,"광안명진웰리치",26500,광안동,38,39,38.65,39.46
26500-2478,"광안포디움프레스티지",26500,광안동,42,43,38.28,39.11
26500-64,"금토그랑프리빌",26500,민락동,52,55,56.81,60.65
26500-70,"동산오차드힐",26500,광안동,37,38,29.16,29.59
26500-76,"망미스위트빌",26500,망미동,42,42,23.51,23.51
26500-88,"예광스카이파크",26500,망미동,55,55,47.64,47.64
26500-9,"산호비치",26500,광안동,34,34,26.21,26.25
26410-2432,"금정산태진팰리스2차",26410,장전동,64,64,72.09,72.81
26410-161,"부영벽산",26410,구서동,54,55,62.33,63.94
26410-182,"일신크리스탈빌라",26410,구서동,35,35,40.27,40.04
26410-1908,"명승명가",26410,구서동,51,50,44.72,46.10
26410-200,"궁전쉐르빌",26410,구서동,49,49,58.97,59.88
26410-2190,"구서동피닉스빌",26410,구서동,52,52,68.52,69.17
26410-2220,"남산동신화하니엘",26410,남산동,65,65,75.97,77.19
26410-2259,"삼한골든뷰",26410,구서동,51,51,42.50,43.83
26410-2425,"(207-3)",26410,서동,52,55,62.06,63.98
26410-268,"성원맨투로빌",26410,구서동,48,48,61.10,62.00
26410-280,"구서벽산메가트리움",26410,구서동,57,57,43.96,45.25
26410-289,"구서쌍용스윗닷홈",26410,구서동,42,42,39.86,39.78
26410-309,"중앙시티빌",26410,부곡동,32,33,44.94,47.43
26410-330,"정원맨션",26410,서동,36,39,40.27,47.99
26500-125,"홍익라이프가동",26500,민락동,54,56,59.51,62.77
26500-1618,"성우스카이뷰",26500,광안동,41,41,45.90,46.84
26500-1702,"한성그린",26500,남천동,37,35,56.40,55.36
26500-1705,"일성센텀스카이뷰",26500,광안동,70,69,88.70,87.67
26500-1800,"병산프리덤",26500,민락동,47,47,33.25,34.55
26500-187,"부일그린빌",26500,광안동,40,40,31.67,31.99
26500-1964,"정원센텀뷰",26500,광안동,74,73,75.78,74.65
26500-217,"로타리",26500,광안동,55,55,76.10,75.03
26500-2180,"광안지음주상복합",26500,광안동,46,47,34.54,35.05
26500-220,"신라탑스빌",26500,광안동,71,70,90.62,90.14
26500-2286,"광안비치올리브씨",26500,광안동,45,45,24.94,25.19
26410-16,"금정",26410,부곡동,44,,53.24,
26410-2431,"산들마을",26410,구서동,55,55,37.18,38.35
26410-187,"진흥목화",26410,구서동,48,48,50.27,50.72
26410-1906,"해성비발디",26410,남산동,57,56,44.46,42.94
26410-1927,"해피투모로우",26410,부곡동,57,57,63.14,65.01
26410-205,"멤버스빌라트",26410,구서동,55,55,55.41,56.41
26410-213,"구서건흥",26410,구서동,55,55,78.40,78.89
26410-2134,"금성타운",26410,회동동,26,26,24.35,24.61
26410-2138,"부산대역삼정그린코아마운틴동",26410,부곡동,61,62,75.57,77.11
26410-2182,"청룡동협성엠파이어",26410,청룡동,77,75,83.45,81.58
26410-220,"동산오챠드힐",26410,청룡동,67,64,64.37,61.40
26410-229,"우남카사벨라",26410,남산동,60,59,52.31,52.12
26410-2297,"지성캐슬",26410,남산동,68,68,59.31,61.05
26410-231,"남산미네르빌",26410,남산동,55,55,54.77,55.68
26410-2323,"백리명가에덴",26410,장전동,60,60,65.10,66.27
26410-2400,"골든팰리스-더파크",26410,청룡동,50,46,46.61,41.45
26410-246,"해성체르니B동",26410,남산동,31,,20.98,
26410-2487,"휴림아르페",26410,구서동,58,58,40.88,42.09
26410-2552,"남평N-CITY",26410,구서동,55,56,52.71,54.71
26410-277,"새천년골든밸류빌",26410,구서동,57,57,49.01,49.56
26410-278,"덕인센추리온",26410,구서동,56,56,57.86,59.40
26410-283,"벽송",26410,구서동,55,55,41.68,42.04
26410-322,"홍원메르디앙",26410,부곡동,53,54,47.09,48.99
26410-53,"금강빌라",26410,장전동,22,21,18.85,19.05
26410-6,"신동아",26410,서동,37,39,45.39,51.49
26410-245,"해성체르니",26410,남산동,33,30,23.39,20.33
26260-1898,"허브센티움Ⅲ",26260,온천동,64,64,81.00,81.61
26260-1998,"허브팰리스",26260,온천동,63,62,63.82,64.45
26260-2042,"대가하이츠",26260,명장동,45,45,23.48,23.13
26260-2052,"온천동유림노르웨이숲",26260,온천동,47,47,37.09,36.87
26260-2055,"천일스카이원",26260,명륜동,62,62,55.93,54.65
26260-2134,"아델리아",26260,낙민동,56,57,41.57,42.42
26260-2196,"블리시움",26260,낙민동,60,60,50.64,52.42
26410-133,"왕신하이츠빌라",26410,남산동,38,36,41.14,39.55
26410-155,"남영하이빌",26410,구서동,52,53,41.90,43.05
26410-2084,"남산하이시티",26410,남산동,51,50,45.05,42.49
26410-222,"남산그린",26410,청룡동,61,58,61.24,56.79
26410-224,"네오밸리스",26410,청룡동,32,28,27.01,21.65
26410-2284,"우일아내트",26410,남산동,61,61,49.93,49.29
26410-2345,"온천리젠시타워아파트",26410,부곡동,59,59,60.35,61.74
26410-239,"정구팰리스",26410,남산동,67,67,90.79,90.80
26410-240,"태경그린빌",26410,남산동,66,67,85.56,88.04
26410-2492,"대성타워팰리스",26410,구서동,55,56,65.39,66.41
26410-2606,"구서1차봄여름가을겨울",26410,구서동,61,61,65.22,65.43
26410-300,"행복이가득한집A",26410,장전동,22,20,10.75,9.72
26410-323,"부곡일천베스파",26410,부곡동,52,53,47.83,50.04
26410-325,"희재하이빌",26410,부곡동,43,43,31.29,32.51
26410-329,"부호하이츠",26410,부곡동,61,61,78.34,79.57
26410-381,"석탑그레이스빌",26410,구서동,51,50,68.31,68.43
26410-390,"태안에버빌",26410,부곡동,59,60,57.35,57.97
26260-2062,"씨티포레",26260,온천동,37,,28.86,
26260-1468,"SK허브올리브",26260,온천동,57,57,63.98,64.65
26260-1752,"홍림그린피아",26260,온천동,41,41,38.54,39.47
26260-1777,"비룡벨로스텔라",26260,온천동,65,64,62.52,62.81
26260-1778,"금오에코팰리스",26260,온천동,48,49,55.18,55.51
26260-1849,"태경에버리치2차",26260,온천동,63,63,64.04,64.35
26260-1899,"오름캐슬",26260,사직동,63,63,63.80,63.78
26260-1909,"더블루원",26260,온천동,64,64,71.42,71.78
26260-1924,"더블루원2차",26260,온천동,60,59,57.68,58.19
26260-1987,"더블루원3차",26260,온천동,64,64,70.41,70.45
26260-2038,"신화하니엘더라임",26260,온천동,44,44,38.20,39.00
26260-205,"남평파크뷰",26260,사직동,44,45,39.47,40.10
26260-2057,"M포레뷰",26260,온천동,63,63,75.48,76.18
26260-2102,"명륜소도베르크",26260,명륜동,59,58,70.23,70.31
26260-226,"현대아트빌",26260,복천동,43,43,33.22,33.22
26260-227,"웰스플러스",26260,복천동,58,58,63.82,63.82
26260-234,"하나로2차",26260,수안동,57,57,74.72,75.06
26260-2435,"아시아드삼정그린코아더시티",26260,사직동,68,68,74.36,74.60
26260-2436,"디아트50",26260,온천동,39,39,32.17,32.65
26260-249,"로얄캐슬",26260,명륜동,54,53,56.87,55.16
26260-291,"동경쉐르빌102동",26260,온천동,62,62,65.87,66.54
26260-359,"목영해돋이",26260,온천동,43,43,38.65,38.49
26260-363,"삼오에펠빌리지",26260,온천동,30,31,34.29,34.68
26260-89,"라경유닉스빌라",26260,온천동,36,36,26.80,26.99
26380-93,"부원",26380,당리동,63,,83.62,
26260-199,"동경쉐르빌",26260,온천동,60,60,65.77,66.27
26260-304,"궁전스카이",26260,사직동,57,57,59.12,58.81
26260-93,"태건아트빌",26260,온천동,34,34,16.45,16.63
26380-1581,"다대영동비치타워",26380,다대동,58,59,59.80,61.63
26380-1811,"정원포트빌",26380,다대동,60,62,58.41,61.04
26380-1875,"지원시티파크",26380,장림동,53,53,44.33,44.26
26380-1881,"경성스마트더블유",26380,괴정동,59,59,55.91,57.77
26380-1949,"괴정웰메이드홈",26380,괴정동,62,63,53.18,54.50
26380-195,"선경쉐르빌",26380,하단동,32,34,32.06,33.07
26380-1954,"리뷰캐슬아파트",26380,괴정동,43,44,41.02,42.08
26380-1955,"IDS아델하임",26380,괴정동,62,63,65.61,66.81
26380-1956,"우성로얄캐슬",26380,다대동,63,65,67.06,68.73
26380-1960,"아람센트럴시티",26380,하단동,72,74,75.98,78.90
26380-1970,"오현리버뷰",26380,하단동,36,37,21.39,22.87
26380-2002,"괴정어반푸르지오",26380,괴정동,68,69,80.63,82.45
26380-2009,"유성해네스타워",26380,괴정동,68,69,74.07,75.47
26380-2020,"대티역스마트더블유인공지능",26380,괴정동,63,64,72.65,73.36
26380-203,"청솔맨션",26380,신평동,38,39,48.37,48.96
26380-212,"장림대동맨션",26380,장림동,54,54,59.45,58.20
26380-278,"감천현대",26380,감천동,56,56,51.09,50.94
26380-304,"한아루시빌",26380,괴정동,61,61,72.13,72.84
26380-6,"금호",26380,괴정동,43,43,22.88,23.32
26380-71,"투윈빌리지",26380,괴정동,50,50,49.02,50.50
26380-9,"삼성타워",26380,괴정동,26,26,31.64,32.69
26350-151,"대우금사",26350,반여동,45,41,77.01,75.97
26350-183,"삼한그린맨션",26350,반송동,39,39,53.28,52.16
26380-1772,"더웰리스",26380,감천동,67,67,71.10,70.33
26380-181,"보해이브빌",26380,하단동,60,62,78.19,80.80
26380-1858,"예그린숲",26380,괴정동,62,63,75.59,77.79
26380-187,"하단센토빌",26380,하단동,58,60,62.67,65.54
26380-1909,"퍼스트클래스",26380,괴정동,40,,41.94,
26380-192,"세양리버빌라트",26380,하단동,32,33,19.73,20.96
26380-196,"청호",26380,하단동,70,72,89.12,89.55
26380-1963,"경성스마트더블유아파트2차",26380,괴정동,57,58,53.18,55.10
26380-1976,"영원베네스트아파트",26380,괴정동,70,71,80.85,82.46
26380-1991,"일성아이앤유",26380,당리동,51,53,40.04,44.28
26380-2006,"에스제이파베르",26380,당리동,73,75,78.46,82.66
26380-2067,"헤리츠리더스하단",26380,하단동,74,76,77.92,80.42
26380-271,"신도",26380,감천동,54,54,49.39,49.14
26380-320,"한울엠비시어스",26380,하단동,62,64,80.88,83.31
26380-329,"프론티어빌",26380,하단동,38,40,32.61,35.56
26380-330,"한주",26380,하단동,47,49,39.74,42.43
26380-339,"성경센스빌",26380,장림동,65,65,70.57,70.83
26380-40,"신동양",26380,괴정동,49,50,43.37,44.50
26380-529,"금일아트빌라",26380,괴정동,59,59,69.92,71.90
26380-75,"나산리츠빌라",26380,괴정동,51,52,47.48,48.81
26380-78,"화목하이츠빌",26380,괴정동,63,64,71.17,73.32
26380-86,"대동아람아파트",26380,당리동,44,47,41.37,45.88
26380-87,"대암가든",26380,당리동,38,39,41.50,45.75
26350-1,"경남마리나",26350,우동,56,,51.03,
26110-10,"대림에이스타운",26110,보수동1가,41,43,36.50,29.54
26110-17,"송파지오스빌라트",26110,보수동2가,45,40,34.18,21.07
26110-26,"향원인터빌",26110,부평동4가,35,32,38.69,37.49
26110-931,"보수3차봄여름가을겨울",26110,보수동3가,56,56,67.55,67.55
26140-1006,"에르모사",26140,서대신동1가,37,37,31.21,32.72
26140-102,"기산비치타운",26140,암남동,56,57,53.53,53.68
26140-105,"송도타워맨션",26140,암남동,40,41,54.57,54.42
26140-1062,"부백웨스턴타워",26140,서대신동3가,55,59,52.37,60.46
26140-1099,"미소지음",26140,동대신동1가,50,49,45.05,49.44
26140-1346,"서원블루오션G동",26140,부용동1가,61,64,55.40,56.75
26140-68,"아미맨션",26140,아미동2가,32,33,48.52,50.36
26170-71,"필우파크",26170,수정동,33,34,38.12,38.99
26200-696,"한울시너스",26200,남항동1가,51,51,58.72,58.72
26230-102,"서면시즈빌",26230,당감동,57,58,74.96,75.26
26230-159,"유인인터빌",26230,범천동,35,35,34.15,34.24
26230-1601,"동원퀸스빌",26230,범천동,28,28,18.85,19.15
26230-195,"전포동위너비타",26230,전포동,51,52,42.90,45.29
26260-10,"삼부",26260,수안동,47,47,38.13,36.78
26260-103,"청수하이빌",26260,온천동,56,56,66.88,67.21
26260-117,"대륙코리아나",26260,사직동,59,59,63.98,63.94
26260-1455,"궁전아이브",26260,온천동,62,61,76.15,76.35
26260-1491,"대신리치플러스",26260,낙민동,52,54,50.13,51.55
26260-1543,"동일센트럴",26260,낙민동,54,55,46.31,46.74
26260-161,"골드타워",26260,안락동,53,52,74.95,74.44
26260-1718,"대화빌",26260,온천동,57,57,66.47,67.00
26260-1907,"온천동산들파르테",26260,온천동,38,38,34.64,35.41
26260-1989,"동래센트럴파크",26260,온천동,53,53,54.99,55.03
26260-2122,"용진스타티스7차",26260,온천동,53,53,43.29,43.69
26260-261,"협성스카이라인80",26260,온천동,53,53,61.53,61.48
26260-310,"청호파크빌라",26260,사직동,59,59,73.75,73.93
26260-3648,"래미안포레스티지1단지(장전동)",26410,장전동,47,47,31.64,32.04
26260-56,"동부현대",26260,온천동,35,35,24.30,24.82
26290-100,"금보",26290,대연동,49,50,59.98,60.83
26290-101,"대승타워",26290,대연동,60,61,85.16,86.67
26290-2147,"대동레미안",26290,대연동,37,38,35.16,36.79
26290-249,"대암",26290,문현동,49,49,60.63,59.99
26320-111,"동원맨션",26320,만덕동,49,49,49.68,50.35
26350-117,"대창",26350,좌동,43,43,53.30,53.75
26380-125,"옥돌",26380,당리동,63,65,69.70,74.39
26380-131,"강변타워",26380,하단동,33,34,29.16,29.48
26380-139,"대영파크맨션",26380,하단동,51,53,48.03,50.15
26380-177,"하단한신원룸",26380,하단동,44,46,52.61,55.45
26380-211,"극동정림",26380,장림동,52,51,62.99,61.06
26410-121,"남산삼전빌라",26410,남산동,50,49,58.31,57.19
26410-152,"고려",26410,구서동,52,52,63.07,64.65
26410-2231,"세왕자이연",26410,청룡동,69,66,71.33,69.42
26410-2267,"온천장역삼정그린코아",26410,장전동,61,60,69.21,68.15
26290-139,"썬그린빌리지",26290,대연동,47,,45.66,